size,algorithm,data_type,run_index,seed,time_s,comparisons,metadata,hostname,cpu_info,compiler_info,timestamp
1000,linear_probing,insert,0,42,0.000016252,2118,"load_factor=0.7003;probes=2118;avg_probes=2.12;max_cluster=31","INOVAI-NB-8","CPU info","GCC 13.3.0","2025-10-06 17:55:23"
1000,double_hashing,insert,0,42,0.000018084,1788,"load_factor=0.7003;probes=1788;avg_probes=1.79;max_cluster=18","INOVAI-NB-8","CPU info","GCC 13.3.0","2025-10-06 17:55:23"
1000,linear_probing,insert,1,43,0.000015545,1939,"load_factor=0.7003;probes=1939;avg_probes=1.94;max_cluster=41","INOVAI-NB-8","CPU info","GCC 13.3.0","2025-10-06 17:55:23"
1000,double_hashing,insert,1,43,0.000020019,1757,"load_factor=0.7003;probes=1757;avg_probes=1.76;max_cluster=14","INOVAI-NB-8","CPU info","GCC 13.3.0","2025-10-06 17:55:23"
1000,linear_probing,insert,2,44,0.000016540,2082,"load_factor=0.7003;probes=2082;avg_probes=2.08;max_cluster=40","INOVAI-NB-8","CPU info","GCC 13.3.0","2025-10-06 17:55:23"
1000,double_hashing,insert,2,44,0.000019676,1726,"load_factor=0.7003;probes=1726;avg_probes=1.73;max_cluster=15","INOVAI-NB-8","CPU info","GCC 13.3.0","2025-10-06 17:55:23"
1000,linear_probing,insert,3,45,0.000016891,2258,"load_factor=0.7003;probes=2258;avg_probes=2.26;max_cluster=47","INOVAI-NB-8","CPU info","GCC 13.3.0","2025-10-06 17:55:23"
1000,double_hashing,insert,3,45,0.000022385,3192,"load_factor=0.6996;probes=3192;avg_probes=1.77;max_cluster=16","INOVAI-NB-8","CPU info","GCC 13.3.0","2025-10-06 17:55:23"
1000,linear_probing,insert,4,46,0.000015698,2078,"load_factor=0.7003;probes=2078;avg_probes=2.08;max_cluster=45","INOVAI-NB-8","CPU info","GCC 13.3.0","2025-10-06 17:55:23"
1000,double_hashing,insert,4,46,0.000021856,3198,"load_factor=0.6996;probes=3198;avg_probes=1.77;max_cluster=16","INOVAI-NB-8","CPU info","GCC 13.3.0","2025-10-06 17:55:23"
2000,linear_probing,insert,0,42,0.000031952,4489,"load_factor=0.7000;probes=4489;avg_probes=2.24;max_cluster=65","INOVAI-NB-8","CPU info","GCC 13.3.0","2025-10-06 17:55:23"
2000,double_hashing,insert,0,42,0.000036964,3581,"load_factor=0.7000;probes=3581;avg_probes=1.79;max_cluster=17","INOVAI-NB-8","CPU info","GCC 13.3.0","2025-10-06 17:55:23"
2000,linear_probing,insert,1,43,0.000029881,3954,"load_factor=0.7000;probes=3954;avg_probes=1.98;max_cluster=49","INOVAI-NB-8","CPU info","GCC 13.3.0","2025-10-06 17:55:23"
2000,double_hashing,insert,1,43,0.000036881,3504,"load_factor=0.7000;probes=3504;avg_probes=1.75;max_cluster=17","INOVAI-NB-8","CPU info","GCC 13.3.0","2025-10-06 17:55:23"
2000,linear_probing,insert,2,44,0.000031742,4316,"load_factor=0.7000;probes=4316;avg_probes=2.16;max_cluster=68","INOVAI-NB-8","CPU info","GCC 13.3.0","2025-10-06 17:55:23"
2000,double_hashing,insert,2,44,0.000038069,3545,"load_factor=0.7000;probes=3545;avg_probes=1.77;max_cluster=18","INOVAI-NB-8","CPU info","GCC 13.3.0","2025-10-06 17:55:23"
2000,linear_probing,insert,3,45,0.000031007,4118,"load_factor=0.7000;probes=4118;avg_probes=2.06;max_cluster=59","INOVAI-NB-8","CPU info","GCC 13.3.0","2025-10-06 17:55:23"
2000,double_hashing,insert,3,45,0.000037435,3491,"load_factor=0.7000;probes=3491;avg_probes=1.75;max_cluster=20","INOVAI-NB-8","CPU info","GCC 13.3.0","2025-10-06 17:55:23"
2000,linear_probing,insert,4,46,0.000324839,4066,"load_factor=0.7000;probes=4066;avg_probes=2.03;max_cluster=37","INOVAI-NB-8","CPU info","GCC 13.3.0","2025-10-06 17:55:23"
2000,double_hashing,insert,4,46,0.000047898,3448,"load_factor=0.7000;probes=3448;avg_probes=1.72;max_cluster=17","INOVAI-NB-8","CPU info","GCC 13.3.0","2025-10-06 17:55:23"
3000,linear_probing,insert,0,42,0.000052990,6985,"load_factor=0.7001;probes=6985;avg_probes=2.33;max_cluster=95","INOVAI-NB-8","CPU info","GCC 13.3.0","2025-10-06 17:55:23"
3000,double_hashing,insert,0,42,0.000057514,5344,"load_factor=0.7001;probes=5344;avg_probes=1.78;max_cluster=19","INOVAI-NB-8","CPU info","GCC 13.3.0","2025-10-06 17:55:23"
3000,linear_probing,insert,1,43,0.000089802,6316,"load_factor=0.7001;probes=6316;avg_probes=2.11;max_cluster=43","INOVAI-NB-8","CPU info","GCC 13.3.0","2025-10-06 17:55:23"
3000,double_hashing,insert,1,43,0.000056125,5184,"load_factor=0.7001;probes=5184;avg_probes=1.73;max_cluster=33","INOVAI-NB-8","CPU info","GCC 13.3.0","2025-10-06 17:55:23"
3000,linear_probing,insert,2,44,0.000047474,6383,"load_factor=0.7001;probes=6383;avg_probes=2.13;max_cluster=70","INOVAI-NB-8","CPU info","GCC 13.3.0","2025-10-06 17:55:23"
3000,double_hashing,insert,2,44,0.000056751,5187,"load_factor=0.7001;probes=5187;avg_probes=1.73;max_cluster=24","INOVAI-NB-8","CPU info","GCC 13.3.0","2025-10-06 17:55:23"
3000,linear_probing,insert,3,45,0.000048099,6465,"load_factor=0.7001;probes=6465;avg_probes=2.15;max_cluster=61","INOVAI-NB-8","CPU info","GCC 13.3.0","2025-10-06 17:55:23"
3000,double_hashing,insert,3,45,0.000055334,5097,"load_factor=0.7001;probes=5097;avg_probes=1.70;max_cluster=28","INOVAI-NB-8","CPU info","GCC 13.3.0","2025-10-06 17:55:23"
3000,linear_probing,insert,4,46,0.000047973,6513,"load_factor=0.7001;probes=6513;avg_probes=2.17;max_cluster=63","INOVAI-NB-8","CPU info","GCC 13.3.0","2025-10-06 17:55:23"
3000,double_hashing,insert,4,46,0.000064505,9594,"load_factor=0.6999;probes=9594;avg_probes=1.77;max_cluster=19","INOVAI-NB-8","CPU info","GCC 13.3.0","2025-10-06 17:55:23"
4000,linear_probing,insert,0,42,0.000064238,9405,"load_factor=0.7000;probes=9405;avg_probes=2.35;max_cluster=120","INOVAI-NB-8","CPU info","GCC 13.3.0","2025-10-06 17:55:23"
4000,double_hashing,insert,0,42,0.000075077,7032,"load_factor=0.7000;probes=7032;avg_probes=1.76;max_cluster=25","INOVAI-NB-8","CPU info","GCC 13.3.0","2025-10-06 17:55:23"
4000,linear_probing,insert,1,43,0.000061813,8240,"load_factor=0.7000;probes=8240;avg_probes=2.06;max_cluster=54","INOVAI-NB-8","CPU info","GCC 13.3.0","2025-10-06 17:55:23"
4000,double_hashing,insert,1,43,0.000073565,6847,"load_factor=0.7000;probes=6847;avg_probes=1.71;max_cluster=36","INOVAI-NB-8","CPU info","GCC 13.3.0","2025-10-06 17:55:23"
4000,linear_probing,insert,2,44,0.000063654,8526,"load_factor=0.7000;probes=8526;avg_probes=2.13;max_cluster=71","INOVAI-NB-8","CPU info","GCC 13.3.0","2025-10-06 17:55:23"
4000,double_hashing,insert,2,44,0.000086080,12738,"load_factor=0.6999;probes=12738;avg_probes=1.76;max_cluster=19","INOVAI-NB-8","CPU info","GCC 13.3.0","2025-10-06 17:55:23"
4000,linear_probing,insert,3,45,0.000063735,8537,"load_factor=0.7000;probes=8537;avg_probes=2.13;max_cluster=56","INOVAI-NB-8","CPU info","GCC 13.3.0","2025-10-06 17:55:23"
4000,double_hashing,insert,3,45,0.000074464,6988,"load_factor=0.7000;probes=6988;avg_probes=1.75;max_cluster=23","INOVAI-NB-8","CPU info","GCC 13.3.0","2025-10-06 17:55:23"
4000,linear_probing,insert,4,46,0.000063958,8501,"load_factor=0.7000;probes=8501;avg_probes=2.13;max_cluster=65","INOVAI-NB-8","CPU info","GCC 13.3.0","2025-10-06 17:55:23"
4000,double_hashing,insert,4,46,0.000075852,7079,"load_factor=0.7000;probes=7079;avg_probes=1.77;max_cluster=17","INOVAI-NB-8","CPU info","GCC 13.3.0","2025-10-06 17:55:23"
5000,linear_probing,insert,0,42,0.000082663,11739,"load_factor=0.7001;probes=11739;avg_probes=2.35;max_cluster=132","INOVAI-NB-8","CPU info","GCC 13.3.0","2025-10-06 17:55:23"
5000,double_hashing,insert,0,42,0.000123507,22990,"load_factor=0.6998;probes=22990;avg_probes=1.74;max_cluster=24","INOVAI-NB-8","CPU info","GCC 13.3.0","2025-10-06 17:55:23"
5000,linear_probing,insert,1,43,0.000081165,10546,"load_factor=0.7001;probes=10546;avg_probes=2.11;max_cluster=60","INOVAI-NB-8","CPU info","GCC 13.3.0","2025-10-06 17:55:23"
5000,double_hashing,insert,1,43,0.000096225,8526,"load_factor=0.7001;probes=8526;avg_probes=1.71;max_cluster=17","INOVAI-NB-8","CPU info","GCC 13.3.0","2025-10-06 17:55:23"
5000,linear_probing,insert,2,44,0.000080655,10655,"load_factor=0.7001;probes=10655;avg_probes=2.13;max_cluster=71","INOVAI-NB-8","CPU info","GCC 13.3.0","2025-10-06 17:55:23"
5000,double_hashing,insert,2,44,0.000094507,8730,"load_factor=0.7001;probes=8730;avg_probes=1.75;max_cluster=25","INOVAI-NB-8","CPU info","GCC 13.3.0","2025-10-06 17:55:23"
5000,linear_probing,insert,3,45,0.000079886,10841,"load_factor=0.7001;probes=10841;avg_probes=2.17;max_cluster=59","INOVAI-NB-8","CPU info","GCC 13.3.0","2025-10-06 17:55:23"
5000,double_hashing,insert,3,45,0.000095680,8772,"load_factor=0.7001;probes=8772;avg_probes=1.75;max_cluster=24","INOVAI-NB-8","CPU info","GCC 13.3.0","2025-10-06 17:55:23"
5000,linear_probing,insert,4,46,0.000079236,10541,"load_factor=0.7001;probes=10541;avg_probes=2.11;max_cluster=91","INOVAI-NB-8","CPU info","GCC 13.3.0","2025-10-06 17:55:23"
5000,double_hashing,insert,4,46,0.000102140,8662,"load_factor=0.7001;probes=8662;avg_probes=1.73;max_cluster=22","INOVAI-NB-8","CPU info","GCC 13.3.0","2025-10-06 17:55:23"
6000,linear_probing,insert,0,42,0.000097052,13852,"load_factor=0.7000;probes=13852;avg_probes=2.31;max_cluster=98","INOVAI-NB-8","CPU info","GCC 13.3.0","2025-10-06 17:55:23"
6000,double_hashing,insert,0,42,0.000103602,10509,"load_factor=0.7000;probes=10509;avg_probes=1.75;max_cluster=22","INOVAI-NB-8","CPU info","GCC 13.3.0","2025-10-06 17:55:23"
6000,linear_probing,insert,1,43,0.000095174,12541,"load_factor=0.7000;probes=12541;avg_probes=2.09;max_cluster=66","INOVAI-NB-8","CPU info","GCC 13.3.0","2025-10-06 17:55:23"
6000,double_hashing,insert,1,43,0.000116148,10444,"load_factor=0.7000;probes=10444;avg_probes=1.74;max_cluster=25","INOVAI-NB-8","CPU info","GCC 13.3.0","2025-10-06 17:55:23"
6000,linear_probing,insert,2,44,0.000102064,12843,"load_factor=0.7000;probes=12843;avg_probes=2.14;max_cluster=89","INOVAI-NB-8","CPU info","GCC 13.3.0","2025-10-06 17:55:23"
6000,double_hashing,insert,2,44,0.000109061,10330,"load_factor=0.7000;probes=10330;avg_probes=1.72;max_cluster=23","INOVAI-NB-8","CPU info","GCC 13.3.0","2025-10-06 17:55:23"
6000,linear_probing,insert,3,45,0.000099888,12897,"load_factor=0.7000;probes=12897;avg_probes=2.15;max_cluster=70","INOVAI-NB-8","CPU info","GCC 13.3.0","2025-10-06 17:55:23"
6000,double_hashing,insert,3,45,0.000108734,10467,"load_factor=0.7000;probes=10467;avg_probes=1.74;max_cluster=25","INOVAI-NB-8","CPU info","GCC 13.3.0","2025-10-06 17:55:23"
6000,linear_probing,insert,4,46,0.000101381,12946,"load_factor=0.7000;probes=12946;avg_probes=2.16;max_cluster=71","INOVAI-NB-8","CPU info","GCC 13.3.0","2025-10-06 17:55:23"
6000,double_hashing,insert,4,46,0.000109290,10436,"load_factor=0.7000;probes=10436;avg_probes=1.74;max_cluster=21","INOVAI-NB-8","CPU info","GCC 13.3.0","2025-10-06 17:55:23"
7000,linear_probing,insert,0,42,0.000116257,15944,"load_factor=0.7000;probes=15944;avg_probes=2.28;max_cluster=103","INOVAI-NB-8","CPU info","GCC 13.3.0","2025-10-06 17:55:23"
7000,double_hashing,insert,0,42,0.000134999,12272,"load_factor=0.7000;probes=12272;avg_probes=1.75;max_cluster=24","INOVAI-NB-8","CPU info","GCC 13.3.0","2025-10-06 17:55:23"
7000,linear_probing,insert,1,43,0.000117380,14846,"load_factor=0.7000;probes=14846;avg_probes=2.12;max_cluster=89","INOVAI-NB-8","CPU info","GCC 13.3.0","2025-10-06 17:55:23"
7000,double_hashing,insert,1,43,0.000139461,12234,"load_factor=0.7000;probes=12234;avg_probes=1.75;max_cluster=24","INOVAI-NB-8","CPU info","GCC 13.3.0","2025-10-06 17:55:23"
7000,linear_probing,insert,2,44,0.000117118,14972,"load_factor=0.7000;probes=14972;avg_probes=2.14;max_cluster=69","INOVAI-NB-8","CPU info","GCC 13.3.0","2025-10-06 17:55:23"
7000,double_hashing,insert,2,44,0.000305041,32091,"load_factor=0.6998;probes=32091;avg_probes=1.73;max_cluster=27","INOVAI-NB-8","CPU info","GCC 13.3.0","2025-10-06 17:55:23"
7000,linear_probing,insert,3,45,0.000117541,15601,"load_factor=0.7000;probes=15601;avg_probes=2.23;max_cluster=54","INOVAI-NB-8","CPU info","GCC 13.3.0","2025-10-06 17:55:23"
7000,double_hashing,insert,3,45,0.000137755,12150,"load_factor=0.7000;probes=12150;avg_probes=1.74;max_cluster=28","INOVAI-NB-8","CPU info","GCC 13.3.0","2025-10-06 17:55:23"
7000,linear_probing,insert,4,46,0.000126202,14647,"load_factor=0.7000;probes=14647;avg_probes=2.09;max_cluster=59","INOVAI-NB-8","CPU info","GCC 13.3.0","2025-10-06 17:55:23"
7000,double_hashing,insert,4,46,0.000160928,12289,"load_factor=0.7000;probes=12289;avg_probes=1.76;max_cluster=19","INOVAI-NB-8","CPU info","GCC 13.3.0","2025-10-06 17:55:23"
8000,linear_probing,insert,0,42,0.000140698,17920,"load_factor=0.7000;probes=17920;avg_probes=2.24;max_cluster=76","INOVAI-NB-8","CPU info","GCC 13.3.0","2025-10-06 17:55:23"
8000,double_hashing,insert,0,42,0.000163485,13961,"load_factor=0.7000;probes=13961;avg_probes=1.75;max_cluster=29","INOVAI-NB-8","CPU info","GCC 13.3.0","2025-10-06 17:55:23"
8000,linear_probing,insert,1,43,0.000177249,17089,"load_factor=0.7000;probes=17089;avg_probes=2.14;max_cluster=74","INOVAI-NB-8","CPU info","GCC 13.3.0","2025-10-06 17:55:23"
8000,double_hashing,insert,1,43,0.000166071,13890,"load_factor=0.7000;probes=13890;avg_probes=1.74;max_cluster=28","INOVAI-NB-8","CPU info","GCC 13.3.0","2025-10-06 17:55:23"
8000,linear_probing,insert,2,44,0.000134358,17264,"load_factor=0.7000;probes=17264;avg_probes=2.16;max_cluster=62","INOVAI-NB-8","CPU info","GCC 13.3.0","2025-10-06 17:55:23"
8000,double_hashing,insert,2,44,0.000163916,13930,"load_factor=0.7000;probes=13930;avg_probes=1.74;max_cluster=28","INOVAI-NB-8","CPU info","GCC 13.3.0","2025-10-06 17:55:23"
8000,linear_probing,insert,3,45,0.000141951,17804,"load_factor=0.7000;probes=17804;avg_probes=2.23;max_cluster=57","INOVAI-NB-8","CPU info","GCC 13.3.0","2025-10-06 17:55:23"
8000,double_hashing,insert,3,45,0.000166505,14004,"load_factor=0.7000;probes=14004;avg_probes=1.75;max_cluster=18","INOVAI-NB-8","CPU info","GCC 13.3.0","2025-10-06 17:55:23"
8000,linear_probing,insert,4,46,0.000139344,17171,"load_factor=0.7000;probes=17171;avg_probes=2.15;max_cluster=64","INOVAI-NB-8","CPU info","GCC 13.3.0","2025-10-06 17:55:23"
8000,double_hashing,insert,4,46,0.000164430,13934,"load_factor=0.7000;probes=13934;avg_probes=1.74;max_cluster=20","INOVAI-NB-8","CPU info","GCC 13.3.0","2025-10-06 17:55:23"
9000,linear_probing,insert,0,42,0.000157108,20843,"load_factor=0.7000;probes=20843;avg_probes=2.32;max_cluster=117","INOVAI-NB-8","CPU info","GCC 13.3.0","2025-10-06 17:55:23"
9000,double_hashing,insert,0,42,0.000181282,15705,"load_factor=0.7000;probes=15705;avg_probes=1.75;max_cluster=32","INOVAI-NB-8","CPU info","GCC 13.3.0","2025-10-06 17:55:23"
9000,linear_probing,insert,1,43,0.000160991,19261,"load_factor=0.7000;probes=19261;avg_probes=2.14;max_cluster=109","INOVAI-NB-8","CPU info","GCC 13.3.0","2025-10-06 17:55:23"
9000,double_hashing,insert,1,43,0.000193191,15604,"load_factor=0.7000;probes=15604;avg_probes=1.73;max_cluster=24","INOVAI-NB-8","CPU info","GCC 13.3.0","2025-10-06 17:55:23"
9000,linear_probing,insert,2,44,0.000210169,18949,"load_factor=0.7000;probes=18949;avg_probes=2.11;max_cluster=77","INOVAI-NB-8","CPU info","GCC 13.3.0","2025-10-06 17:55:23"
9000,double_hashing,insert,2,44,0.000295340,15922,"load_factor=0.7000;probes=15922;avg_probes=1.77;max_cluster=24","INOVAI-NB-8","CPU info","GCC 13.3.0","2025-10-06 17:55:23"
9000,linear_probing,insert,3,45,0.000151653,20073,"load_factor=0.7000;probes=20073;avg_probes=2.23;max_cluster=61","INOVAI-NB-8","CPU info","GCC 13.3.0","2025-10-06 17:55:23"
9000,double_hashing,insert,3,45,0.000178930,15778,"load_factor=0.7000;probes=15778;avg_probes=1.75;max_cluster=25","INOVAI-NB-8","CPU info","GCC 13.3.0","2025-10-06 17:55:23"
9000,linear_probing,insert,4,46,0.000151199,19474,"load_factor=0.7000;probes=19474;avg_probes=2.16;max_cluster=54","INOVAI-NB-8","CPU info","GCC 13.3.0","2025-10-06 17:55:23"
9000,double_hashing,insert,4,46,0.000186219,15582,"load_factor=0.7000;probes=15582;avg_probes=1.73;max_cluster=26","INOVAI-NB-8","CPU info","GCC 13.3.0","2025-10-06 17:55:23"
10000,linear_probing,insert,0,42,0.000186142,22606,"load_factor=0.7000;probes=22606;avg_probes=2.26;max_cluster=74","INOVAI-NB-8","CPU info","GCC 13.3.0","2025-10-06 17:55:23"
10000,double_hashing,insert,0,42,0.000226303,17371,"load_factor=0.7000;probes=17371;avg_probes=1.74;max_cluster=25","INOVAI-NB-8","CPU info","GCC 13.3.0","2025-10-06 17:55:23"
10000,linear_probing,insert,1,43,0.000175295,21200,"load_factor=0.7000;probes=21200;avg_probes=2.12;max_cluster=64","INOVAI-NB-8","CPU info","GCC 13.3.0","2025-10-06 17:55:23"
10000,double_hashing,insert,1,43,0.000198351,17426,"load_factor=0.7000;probes=17426;avg_probes=1.74;max_cluster=24","INOVAI-NB-8","CPU info","GCC 13.3.0","2025-10-06 17:55:23"
10000,linear_probing,insert,2,44,0.000174934,21165,"load_factor=0.7000;probes=21165;avg_probes=2.12;max_cluster=72","INOVAI-NB-8","CPU info","GCC 13.3.0","2025-10-06 17:55:23"
10000,double_hashing,insert,2,44,0.000199545,17432,"load_factor=0.7000;probes=17432;avg_probes=1.74;max_cluster=29","INOVAI-NB-8","CPU info","GCC 13.3.0","2025-10-06 17:55:23"
10000,linear_probing,insert,3,45,0.000174440,21704,"load_factor=0.7000;probes=21704;avg_probes=2.17;max_cluster=62","INOVAI-NB-8","CPU info","GCC 13.3.0","2025-10-06 17:55:23"
10000,double_hashing,insert,3,45,0.000205109,17475,"load_factor=0.7000;probes=17475;avg_probes=1.75;max_cluster=23","INOVAI-NB-8","CPU info","GCC 13.3.0","2025-10-06 17:55:23"
10000,linear_probing,insert,4,46,0.000212899,21379,"load_factor=0.7000;probes=21379;avg_probes=2.14;max_cluster=77","INOVAI-NB-8","CPU info","GCC 13.3.0","2025-10-06 17:55:23"
10000,double_hashing,insert,4,46,0.000217943,17435,"load_factor=0.7000;probes=17435;avg_probes=1.74;max_cluster=27","INOVAI-NB-8","CPU info","GCC 13.3.0","2025-10-06 17:55:23"
20000,linear_probing,insert,0,42,0.000403976,43485,"load_factor=0.7000;probes=43485;avg_probes=2.17;max_cluster=85","INOVAI-NB-8","CPU info","GCC 13.3.0","2025-10-06 17:55:23"
20000,double_hashing,insert,0,42,0.000396729,34588,"load_factor=0.7000;probes=34588;avg_probes=1.73;max_cluster=31","INOVAI-NB-8","CPU info","GCC 13.3.0","2025-10-06 17:55:23"
20000,linear_probing,insert,1,43,0.000362900,43413,"load_factor=0.7000;probes=43413;avg_probes=2.17;max_cluster=84","INOVAI-NB-8","CPU info","GCC 13.3.0","2025-10-06 17:55:23"
20000,double_hashing,insert,1,43,0.000437395,34797,"load_factor=0.7000;probes=34797;avg_probes=1.74;max_cluster=26","INOVAI-NB-8","CPU info","GCC 13.3.0","2025-10-06 17:55:23"
20000,linear_probing,insert,2,44,0.000393174,42825,"load_factor=0.7000;probes=42825;avg_probes=2.14;max_cluster=95","INOVAI-NB-8","CPU info","GCC 13.3.0","2025-10-06 17:55:23"
20000,double_hashing,insert,2,44,0.000421022,34449,"load_factor=0.7000;probes=34449;avg_probes=1.72;max_cluster=26","INOVAI-NB-8","CPU info","GCC 13.3.0","2025-10-06 17:55:23"
20000,linear_probing,insert,3,45,0.000348395,43351,"load_factor=0.7000;probes=43351;avg_probes=2.17;max_cluster=82","INOVAI-NB-8","CPU info","GCC 13.3.0","2025-10-06 17:55:23"
20000,double_hashing,insert,3,45,0.000413425,34619,"load_factor=0.7000;probes=34619;avg_probes=1.73;max_cluster=23","INOVAI-NB-8","CPU info","GCC 13.3.0","2025-10-06 17:55:23"
20000,linear_probing,insert,4,46,0.000403274,43183,"load_factor=0.7000;probes=43183;avg_probes=2.16;max_cluster=71","INOVAI-NB-8","CPU info","GCC 13.3.0","2025-10-06 17:55:23"
20000,double_hashing,insert,4,46,0.000376084,34620,"load_factor=0.7000;probes=34620;avg_probes=1.73;max_cluster=27","INOVAI-NB-8","CPU info","GCC 13.3.0","2025-10-06 17:55:23"
30000,linear_probing,insert,0,42,0.000511767,64425,"load_factor=0.7000;probes=64425;avg_probes=2.15;max_cluster=94","INOVAI-NB-8","CPU info","GCC 13.3.0","2025-10-06 17:55:23"
30000,double_hashing,insert,0,42,0.000649502,52004,"load_factor=0.7000;probes=52004;avg_probes=1.73;max_cluster=29","INOVAI-NB-8","CPU info","GCC 13.3.0","2025-10-06 17:55:23"
30000,linear_probing,insert,1,43,0.000525571,63850,"load_factor=0.7000;probes=63850;avg_probes=2.13;max_cluster=103","INOVAI-NB-8","CPU info","GCC 13.3.0","2025-10-06 17:55:23"
30000,double_hashing,insert,1,43,0.000621339,51570,"load_factor=0.7000;probes=51570;avg_probes=1.72;max_cluster=26","INOVAI-NB-8","CPU info","GCC 13.3.0","2025-10-06 17:55:23"
30000,linear_probing,insert,2,44,0.000531235,64748,"load_factor=0.7000;probes=64748;avg_probes=2.16;max_cluster=128","INOVAI-NB-8","CPU info","GCC 13.3.0","2025-10-06 17:55:23"
30000,double_hashing,insert,2,44,0.000661491,52453,"load_factor=0.7000;probes=52453;avg_probes=1.75;max_cluster=25","INOVAI-NB-8","CPU info","GCC 13.3.0","2025-10-06 17:55:23"
30000,linear_probing,insert,3,45,0.000539773,66616,"load_factor=0.7000;probes=66616;avg_probes=2.22;max_cluster=105","INOVAI-NB-8","CPU info","GCC 13.3.0","2025-10-06 17:55:23"
30000,double_hashing,insert,3,45,0.000635814,52381,"load_factor=0.7000;probes=52381;avg_probes=1.75;max_cluster=25","INOVAI-NB-8","CPU info","GCC 13.3.0","2025-10-06 17:55:23"
30000,linear_probing,insert,4,46,0.000528804,65998,"load_factor=0.7000;probes=65998;avg_probes=2.20;max_cluster=90","INOVAI-NB-8","CPU info","GCC 13.3.0","2025-10-06 17:55:23"
30000,double_hashing,insert,4,46,0.000639451,52536,"load_factor=0.7000;probes=52536;avg_probes=1.75;max_cluster=26","INOVAI-NB-8","CPU info","GCC 13.3.0","2025-10-06 17:55:23"
40000,linear_probing,insert,0,42,0.000765001,86252,"load_factor=0.7000;probes=86252;avg_probes=2.16;max_cluster=99","INOVAI-NB-8","CPU info","GCC 13.3.0","2025-10-06 17:55:23"
40000,double_hashing,insert,0,42,0.000962003,126272,"load_factor=0.7000;probes=126272;avg_probes=1.73;max_cluster=31","INOVAI-NB-8","CPU info","GCC 13.3.0","2025-10-06 17:55:23"
40000,linear_probing,insert,1,43,0.000815548,87848,"load_factor=0.7000;probes=87848;avg_probes=2.20;max_cluster=89","INOVAI-NB-8","CPU info","GCC 13.3.0","2025-10-06 17:55:23"
40000,double_hashing,insert,1,43,0.000842863,69324,"load_factor=0.7000;probes=69324;avg_probes=1.73;max_cluster=27","INOVAI-NB-8","CPU info","GCC 13.3.0","2025-10-06 17:55:23"
40000,linear_probing,insert,2,44,0.000785023,87973,"load_factor=0.7000;probes=87973;avg_probes=2.20;max_cluster=113","INOVAI-NB-8","CPU info","GCC 13.3.0","2025-10-06 17:55:23"
40000,double_hashing,insert,2,44,0.000833205,69521,"load_factor=0.7000;probes=69521;avg_probes=1.74;max_cluster=31","INOVAI-NB-8","CPU info","GCC 13.3.0","2025-10-06 17:55:23"
40000,linear_probing,insert,3,45,0.000720765,87324,"load_factor=0.7000;probes=87324;avg_probes=2.18;max_cluster=136","INOVAI-NB-8","CPU info","GCC 13.3.0","2025-10-06 17:55:23"
40000,double_hashing,insert,3,45,0.000845775,69428,"load_factor=0.7000;probes=69428;avg_probes=1.74;max_cluster=35","INOVAI-NB-8","CPU info","GCC 13.3.0","2025-10-06 17:55:23"
40000,linear_probing,insert,4,46,0.000741927,86804,"load_factor=0.7000;probes=86804;avg_probes=2.17;max_cluster=88","INOVAI-NB-8","CPU info","GCC 13.3.0","2025-10-06 17:55:23"
40000,double_hashing,insert,4,46,0.000969776,126458,"load_factor=0.7000;probes=126458;avg_probes=1.73;max_cluster=33","INOVAI-NB-8","CPU info","GCC 13.3.0","2025-10-06 17:55:23"
50000,linear_probing,insert,0,42,0.000906347,106844,"load_factor=0.7000;probes=106844;avg_probes=2.14;max_cluster=80","INOVAI-NB-8","CPU info","GCC 13.3.0","2025-10-06 17:55:23"
50000,double_hashing,insert,0,42,0.001058398,86636,"load_factor=0.7000;probes=86636;avg_probes=1.73;max_cluster=31","INOVAI-NB-8","CPU info","GCC 13.3.0","2025-10-06 17:55:23"
50000,linear_probing,insert,1,43,0.000958919,109201,"load_factor=0.7000;probes=109201;avg_probes=2.18;max_cluster=95","INOVAI-NB-8","CPU info","GCC 13.3.0","2025-10-06 17:55:23"
50000,double_hashing,insert,1,43,0.001057415,87065,"load_factor=0.7000;probes=87065;avg_probes=1.74;max_cluster=26","INOVAI-NB-8","CPU info","GCC 13.3.0","2025-10-06 17:55:23"
50000,linear_probing,insert,2,44,0.000964418,110309,"load_factor=0.7000;probes=110309;avg_probes=2.21;max_cluster=144","INOVAI-NB-8","CPU info","GCC 13.3.0","2025-10-06 17:55:23"
50000,double_hashing,insert,2,44,0.001093517,87761,"load_factor=0.7000;probes=87761;avg_probes=1.76;max_cluster=28","INOVAI-NB-8","CPU info","GCC 13.3.0","2025-10-06 17:55:23"
50000,linear_probing,insert,3,45,0.001001292,108216,"load_factor=0.7000;probes=108216;avg_probes=2.16;max_cluster=118","INOVAI-NB-8","CPU info","GCC 13.3.0","2025-10-06 17:55:23"
50000,double_hashing,insert,3,45,0.001113198,86793,"load_factor=0.7000;probes=86793;avg_probes=1.74;max_cluster=36","INOVAI-NB-8","CPU info","GCC 13.3.0","2025-10-06 17:55:23"
50000,linear_probing,insert,4,46,0.001003452,109908,"load_factor=0.7000;probes=109908;avg_probes=2.20;max_cluster=95","INOVAI-NB-8","CPU info","GCC 13.3.0","2025-10-06 17:55:23"
50000,double_hashing,insert,4,46,0.001156248,158776,"load_factor=0.7000;probes=158776;avg_probes=1.75;max_cluster=25","INOVAI-NB-8","CPU info","GCC 13.3.0","2025-10-06 17:55:23"
60000,linear_probing,insert,0,42,0.000991148,127238,"load_factor=0.7000;probes=127238;avg_probes=2.12;max_cluster=72","INOVAI-NB-8","CPU info","GCC 13.3.0","2025-10-06 17:55:23"
60000,double_hashing,insert,0,42,0.001407027,190427,"load_factor=0.7000;probes=190427;avg_probes=1.75;max_cluster=30","INOVAI-NB-8","CPU info","GCC 13.3.0","2025-10-06 17:55:23"
60000,linear_probing,insert,1,43,0.001107405,128790,"load_factor=0.7000;probes=128790;avg_probes=2.15;max_cluster=117","INOVAI-NB-8","CPU info","GCC 13.3.0","2025-10-06 17:55:23"
60000,double_hashing,insert,1,43,0.001576164,104941,"load_factor=0.7000;probes=104941;avg_probes=1.75;max_cluster=28","INOVAI-NB-8","CPU info","GCC 13.3.0","2025-10-06 17:55:23"
60000,linear_probing,insert,2,44,0.001126712,132725,"load_factor=0.7000;probes=132725;avg_probes=2.21;max_cluster=159","INOVAI-NB-8","CPU info","GCC 13.3.0","2025-10-06 17:55:23"
60000,double_hashing,insert,2,44,0.001307863,104804,"load_factor=0.7000;probes=104804;avg_probes=1.75;max_cluster=31","INOVAI-NB-8","CPU info","GCC 13.3.0","2025-10-06 17:55:23"
60000,linear_probing,insert,3,45,0.001121271,130739,"load_factor=0.7000;probes=130739;avg_probes=2.18;max_cluster=114","INOVAI-NB-8","CPU info","GCC 13.3.0","2025-10-06 17:55:23"
60000,double_hashing,insert,3,45,0.001329838,104596,"load_factor=0.7000;probes=104596;avg_probes=1.74;max_cluster=31","INOVAI-NB-8","CPU info","GCC 13.3.0","2025-10-06 17:55:23"
60000,linear_probing,insert,4,46,0.001119008,131663,"load_factor=0.7000;probes=131663;avg_probes=2.19;max_cluster=95","INOVAI-NB-8","CPU info","GCC 13.3.0","2025-10-06 17:55:23"
60000,double_hashing,insert,4,46,0.001345064,104663,"load_factor=0.7000;probes=104663;avg_probes=1.74;max_cluster=26","INOVAI-NB-8","CPU info","GCC 13.3.0","2025-10-06 17:55:23"
70000,linear_probing,insert,0,42,0.001276688,148094,"load_factor=0.7000;probes=148094;avg_probes=2.12;max_cluster=87","INOVAI-NB-8","CPU info","GCC 13.3.0","2025-10-06 17:55:23"
70000,double_hashing,insert,0,42,0.001744692,221283,"load_factor=0.7000;probes=221283;avg_probes=1.73;max_cluster=32","INOVAI-NB-8","CPU info","GCC 13.3.0","2025-10-06 17:55:23"
70000,linear_probing,insert,1,43,0.001434732,151747,"load_factor=0.7000;probes=151747;avg_probes=2.17;max_cluster=121","INOVAI-NB-8","CPU info","GCC 13.3.0","2025-10-06 17:55:23"
70000,double_hashing,insert,1,43,0.001417798,122083,"load_factor=0.7000;probes=122083;avg_probes=1.74;max_cluster=43","INOVAI-NB-8","CPU info","GCC 13.3.0","2025-10-06 17:55:23"
70000,linear_probing,insert,2,44,0.001204227,152606,"load_factor=0.7000;probes=152606;avg_probes=2.18;max_cluster=149","INOVAI-NB-8","CPU info","GCC 13.3.0","2025-10-06 17:55:23"
70000,double_hashing,insert,2,44,0.001493906,121466,"load_factor=0.7000;probes=121466;avg_probes=1.74;max_cluster=29","INOVAI-NB-8","CPU info","GCC 13.3.0","2025-10-06 17:55:23"
70000,linear_probing,insert,3,45,0.001421258,151342,"load_factor=0.7000;probes=151342;avg_probes=2.16;max_cluster=92","INOVAI-NB-8","CPU info","GCC 13.3.0","2025-10-06 17:55:23"
70000,double_hashing,insert,3,45,0.001585944,122005,"load_factor=0.7000;probes=122005;avg_probes=1.74;max_cluster=35","INOVAI-NB-8","CPU info","GCC 13.3.0","2025-10-06 17:55:23"
70000,linear_probing,insert,4,46,0.001269632,152225,"load_factor=0.7000;probes=152225;avg_probes=2.17;max_cluster=104","INOVAI-NB-8","CPU info","GCC 13.3.0","2025-10-06 17:55:23"
70000,double_hashing,insert,4,46,0.001546294,121716,"load_factor=0.7000;probes=121716;avg_probes=1.74;max_cluster=31","INOVAI-NB-8","CPU info","GCC 13.3.0","2025-10-06 17:55:23"
80000,linear_probing,insert,0,42,0.001527414,171305,"load_factor=0.7000;probes=171305;avg_probes=2.14;max_cluster=89","INOVAI-NB-8","CPU info","GCC 13.3.0","2025-10-06 17:55:23"
80000,double_hashing,insert,0,42,0.001815401,139084,"load_factor=0.7000;probes=139084;avg_probes=1.74;max_cluster=28","INOVAI-NB-8","CPU info","GCC 13.3.0","2025-10-06 17:55:23"
80000,linear_probing,insert,1,43,0.001487481,173898,"load_factor=0.7000;probes=173898;avg_probes=2.17;max_cluster=92","INOVAI-NB-8","CPU info","GCC 13.3.0","2025-10-06 17:55:23"
80000,double_hashing,insert,1,43,0.001795232,138605,"load_factor=0.7000;probes=138605;avg_probes=1.73;max_cluster=32","INOVAI-NB-8","CPU info","GCC 13.3.0","2025-10-06 17:55:23"
80000,linear_probing,insert,2,44,0.001455687,175018,"load_factor=0.7000;probes=175018;avg_probes=2.19;max_cluster=174","INOVAI-NB-8","CPU info","GCC 13.3.0","2025-10-06 17:55:23"
80000,double_hashing,insert,2,44,0.001832180,139499,"load_factor=0.7000;probes=139499;avg_probes=1.74;max_cluster=35","INOVAI-NB-8","CPU info","GCC 13.3.0","2025-10-06 17:55:23"
80000,linear_probing,insert,3,45,0.001571216,174253,"load_factor=0.7000;probes=174253;avg_probes=2.18;max_cluster=98","INOVAI-NB-8","CPU info","GCC 13.3.0","2025-10-06 17:55:23"
80000,double_hashing,insert,3,45,0.001806965,138863,"load_factor=0.7000;probes=138863;avg_probes=1.74;max_cluster=30","INOVAI-NB-8","CPU info","GCC 13.3.0","2025-10-06 17:55:23"
80000,linear_probing,insert,4,46,0.001604031,173583,"load_factor=0.7000;probes=173583;avg_probes=2.17;max_cluster=113","INOVAI-NB-8","CPU info","GCC 13.3.0","2025-10-06 17:55:23"
80000,double_hashing,insert,4,46,0.001762981,138641,"load_factor=0.7000;probes=138641;avg_probes=1.73;max_cluster=29","INOVAI-NB-8","CPU info","GCC 13.3.0","2025-10-06 17:55:23"
90000,linear_probing,insert,0,42,0.001816609,193137,"load_factor=0.7000;probes=193137;avg_probes=2.15;max_cluster=89","INOVAI-NB-8","CPU info","GCC 13.3.0","2025-10-06 17:55:23"
90000,double_hashing,insert,0,42,0.001884799,157172,"load_factor=0.7000;probes=157172;avg_probes=1.75;max_cluster=27","INOVAI-NB-8","CPU info","GCC 13.3.0","2025-10-06 17:55:23"
90000,linear_probing,insert,1,43,0.001916552,195072,"load_factor=0.7000;probes=195072;avg_probes=2.17;max_cluster=97","INOVAI-NB-8","CPU info","GCC 13.3.0","2025-10-06 17:55:23"
90000,double_hashing,insert,1,43,0.002447909,156231,"load_factor=0.7000;probes=156231;avg_probes=1.74;max_cluster=33","INOVAI-NB-8","CPU info","GCC 13.3.0","2025-10-06 17:55:23"
90000,linear_probing,insert,2,44,0.001713385,196463,"load_factor=0.7000;probes=196463;avg_probes=2.18;max_cluster=216","INOVAI-NB-8","CPU info","GCC 13.3.0","2025-10-06 17:55:23"
90000,double_hashing,insert,2,44,0.002085176,285017,"load_factor=0.7000;probes=285017;avg_probes=1.74;max_cluster=29","INOVAI-NB-8","CPU info","GCC 13.3.0","2025-10-06 17:55:23"
90000,linear_probing,insert,3,45,0.001652602,194961,"load_factor=0.7000;probes=194961;avg_probes=2.17;max_cluster=121","INOVAI-NB-8","CPU info","GCC 13.3.0","2025-10-06 17:55:23"
90000,double_hashing,insert,3,45,0.001709938,156842,"load_factor=0.7000;probes=156842;avg_probes=1.74;max_cluster=32","INOVAI-NB-8","CPU info","GCC 13.3.0","2025-10-06 17:55:23"
90000,linear_probing,insert,4,46,0.001709404,195305,"load_factor=0.7000;probes=195305;avg_probes=2.17;max_cluster=115","INOVAI-NB-8","CPU info","GCC 13.3.0","2025-10-06 17:55:23"
90000,double_hashing,insert,4,46,0.001898474,156995,"load_factor=0.7000;probes=156995;avg_probes=1.74;max_cluster=30","INOVAI-NB-8","CPU info","GCC 13.3.0","2025-10-06 17:55:23"
100000,linear_probing,insert,0,42,0.001901708,213514,"load_factor=0.7000;probes=213514;avg_probes=2.14;max_cluster=88","INOVAI-NB-8","CPU info","GCC 13.3.0","2025-10-06 17:55:23"
100000,double_hashing,insert,0,42,0.002269061,173510,"load_factor=0.7000;probes=173510;avg_probes=1.74;max_cluster=33","INOVAI-NB-8","CPU info","GCC 13.3.0","2025-10-06 17:55:23"
100000,linear_probing,insert,1,43,0.002120517,216970,"load_factor=0.7000;probes=216970;avg_probes=2.17;max_cluster=84","INOVAI-NB-8","CPU info","GCC 13.3.0","2025-10-06 17:55:23"
100000,double_hashing,insert,1,43,0.002069526,174153,"load_factor=0.7000;probes=174153;avg_probes=1.74;max_cluster=32","INOVAI-NB-8","CPU info","GCC 13.3.0","2025-10-06 17:55:23"
100000,linear_probing,insert,2,44,0.001886983,217578,"load_factor=0.7000;probes=217578;avg_probes=2.18;max_cluster=214","INOVAI-NB-8","CPU info","GCC 13.3.0","2025-10-06 17:55:23"
100000,double_hashing,insert,2,44,0.002248056,173243,"load_factor=0.7000;probes=173243;avg_probes=1.73;max_cluster=28","INOVAI-NB-8","CPU info","GCC 13.3.0","2025-10-06 17:55:23"
100000,linear_probing,insert,3,45,0.002008348,215465,"load_factor=0.7000;probes=215465;avg_probes=2.15;max_cluster=119","INOVAI-NB-8","CPU info","GCC 13.3.0","2025-10-06 17:55:23"
100000,double_hashing,insert,3,45,0.002156971,173161,"load_factor=0.7000;probes=173161;avg_probes=1.73;max_cluster=32","INOVAI-NB-8","CPU info","GCC 13.3.0","2025-10-06 17:55:23"
100000,linear_probing,insert,4,46,0.002005482,216167,"load_factor=0.7000;probes=216167;avg_probes=2.16;max_cluster=121","INOVAI-NB-8","CPU info","GCC 13.3.0","2025-10-06 17:55:23"
100000,double_hashing,insert,4,46,0.002364799,173804,"load_factor=0.7000;probes=173804;avg_probes=1.74;max_cluster=28","INOVAI-NB-8","CPU info","GCC 13.3.0","2025-10-06 17:55:23"
200000,linear_probing,insert,0,42,0.004580923,433621,"load_factor=0.7000;probes=433621;avg_probes=2.17;max_cluster=96","INOVAI-NB-8","CPU info","GCC 13.3.0","2025-10-06 17:55:23"
200000,double_hashing,insert,0,42,0.004996541,347806,"load_factor=0.7000;probes=347806;avg_probes=1.74;max_cluster=31","INOVAI-NB-8","CPU info","GCC 13.3.0","2025-10-06 17:55:23"
200000,linear_probing,insert,1,43,0.004271203,435391,"load_factor=0.7000;probes=435391;avg_probes=2.18;max_cluster=128","INOVAI-NB-8","CPU info","GCC 13.3.0","2025-10-06 17:55:23"
200000,double_hashing,insert,1,43,0.004800915,348014,"load_factor=0.7000;probes=348014;avg_probes=1.74;max_cluster=31","INOVAI-NB-8","CPU info","GCC 13.3.0","2025-10-06 17:55:23"
200000,linear_probing,insert,2,44,0.004576867,436507,"load_factor=0.7000;probes=436507;avg_probes=2.18;max_cluster=143","INOVAI-NB-8","CPU info","GCC 13.3.0","2025-10-06 17:55:23"
200000,double_hashing,insert,2,44,0.005051099,348379,"load_factor=0.7000;probes=348379;avg_probes=1.74;max_cluster=31","INOVAI-NB-8","CPU info","GCC 13.3.0","2025-10-06 17:55:23"
200000,linear_probing,insert,3,45,0.004558309,435957,"load_factor=0.7000;probes=435957;avg_probes=2.18;max_cluster=106","INOVAI-NB-8","CPU info","GCC 13.3.0","2025-10-06 17:55:23"
200000,double_hashing,insert,3,45,0.005184534,349177,"load_factor=0.7000;probes=349177;avg_probes=1.75;max_cluster=28","INOVAI-NB-8","CPU info","GCC 13.3.0","2025-10-06 17:55:23"
200000,linear_probing,insert,4,46,0.003895232,436809,"load_factor=0.7000;probes=436809;avg_probes=2.18;max_cluster=113","INOVAI-NB-8","CPU info","GCC 13.3.0","2025-10-06 17:55:23"
200000,double_hashing,insert,4,46,0.005159400,348672,"load_factor=0.7000;probes=348672;avg_probes=1.74;max_cluster=38","INOVAI-NB-8","CPU info","GCC 13.3.0","2025-10-06 17:55:23"
300000,linear_probing,insert,0,42,0.006463805,650562,"load_factor=0.7000;probes=650562;avg_probes=2.17;max_cluster=121","INOVAI-NB-8","CPU info","GCC 13.3.0","2025-10-06 17:55:23"
300000,double_hashing,insert,0,42,0.007988598,521673,"load_factor=0.7000;probes=521673;avg_probes=1.74;max_cluster=38","INOVAI-NB-8","CPU info","GCC 13.3.0","2025-10-06 17:55:23"
300000,linear_probing,insert,1,43,0.007894718,647855,"load_factor=0.7000;probes=647855;avg_probes=2.16;max_cluster=107","INOVAI-NB-8","CPU info","GCC 13.3.0","2025-10-06 17:55:23"
300000,double_hashing,insert,1,43,0.007257514,521891,"load_factor=0.7000;probes=521891;avg_probes=1.74;max_cluster=31","INOVAI-NB-8","CPU info","GCC 13.3.0","2025-10-06 17:55:23"
300000,linear_probing,insert,2,44,0.007972568,651896,"load_factor=0.7000;probes=651896;avg_probes=2.17;max_cluster=154","INOVAI-NB-8","CPU info","GCC 13.3.0","2025-10-06 17:55:23"
300000,double_hashing,insert,2,44,0.007665462,520748,"load_factor=0.7000;probes=520748;avg_probes=1.74;max_cluster=33","INOVAI-NB-8","CPU info","GCC 13.3.0","2025-10-06 17:55:23"
300000,linear_probing,insert,3,45,0.006447010,654511,"load_factor=0.7000;probes=654511;avg_probes=2.18;max_cluster=128","INOVAI-NB-8","CPU info","GCC 13.3.0","2025-10-06 17:55:23"
300000,double_hashing,insert,3,45,0.007616198,522799,"load_factor=0.7000;probes=522799;avg_probes=1.74;max_cluster=35","INOVAI-NB-8","CPU info","GCC 13.3.0","2025-10-06 17:55:23"
300000,linear_probing,insert,4,46,0.006628483,651130,"load_factor=0.7000;probes=651130;avg_probes=2.17;max_cluster=123","INOVAI-NB-8","CPU info","GCC 13.3.0","2025-10-06 17:55:23"
300000,double_hashing,insert,4,46,0.009292308,521500,"load_factor=0.7000;probes=521500;avg_probes=1.74;max_cluster=36","INOVAI-NB-8","CPU info","GCC 13.3.0","2025-10-06 17:55:23"
400000,linear_probing,insert,0,42,0.011136513,870382,"load_factor=0.7000;probes=870382;avg_probes=2.18;max_cluster=106","INOVAI-NB-8","CPU info","GCC 13.3.0","2025-10-06 17:55:23"
400000,double_hashing,insert,0,42,0.011063861,695302,"load_factor=0.7000;probes=695302;avg_probes=1.74;max_cluster=43","INOVAI-NB-8","CPU info","GCC 13.3.0","2025-10-06 17:55:23"
400000,linear_probing,insert,1,43,0.008871551,866496,"load_factor=0.7000;probes=866496;avg_probes=2.17;max_cluster=126","INOVAI-NB-8","CPU info","GCC 13.3.0","2025-10-06 17:55:23"
400000,double_hashing,insert,1,43,0.015280335,1268633,"load_factor=0.7000;probes=1268633;avg_probes=1.74;max_cluster=32","INOVAI-NB-8","CPU info","GCC 13.3.0","2025-10-06 17:55:23"
400000,linear_probing,insert,2,44,0.010578990,866599,"load_factor=0.7000;probes=866599;avg_probes=2.17;max_cluster=138","INOVAI-NB-8","CPU info","GCC 13.3.0","2025-10-06 17:55:23"
400000,double_hashing,insert,2,44,0.013512105,1266944,"load_factor=0.7000;probes=1266944;avg_probes=1.74;max_cluster=36","INOVAI-NB-8","CPU info","GCC 13.3.0","2025-10-06 17:55:23"
400000,linear_probing,insert,3,45,0.009251132,867651,"load_factor=0.7000;probes=867651;avg_probes=2.17;max_cluster=131","INOVAI-NB-8","CPU info","GCC 13.3.0","2025-10-06 17:55:23"
400000,double_hashing,insert,3,45,0.015096483,1839097,"load_factor=0.7000;probes=1839097;avg_probes=1.74;max_cluster=35","INOVAI-NB-8","CPU info","GCC 13.3.0","2025-10-06 17:55:23"
400000,linear_probing,insert,4,46,0.010880677,864165,"load_factor=0.7000;probes=864165;avg_probes=2.16;max_cluster=106","INOVAI-NB-8","CPU info","GCC 13.3.0","2025-10-06 17:55:23"
400000,double_hashing,insert,4,46,0.015053942,1839354,"load_factor=0.7000;probes=1839354;avg_probes=1.74;max_cluster=33","INOVAI-NB-8","CPU info","GCC 13.3.0","2025-10-06 17:55:23"
500000,linear_probing,insert,0,42,0.011723882,1082011,"load_factor=0.7000;probes=1082011;avg_probes=2.16;max_cluster=110","INOVAI-NB-8","CPU info","GCC 13.3.0","2025-10-06 17:55:23"
500000,double_hashing,insert,0,42,0.015812251,1583188,"load_factor=0.7000;probes=1583188;avg_probes=1.74;max_cluster=33","INOVAI-NB-8","CPU info","GCC 13.3.0","2025-10-06 17:55:23"
500000,linear_probing,insert,1,43,0.011821404,1083137,"load_factor=0.7000;probes=1083137;avg_probes=2.17;max_cluster=149","INOVAI-NB-8","CPU info","GCC 13.3.0","2025-10-06 17:55:23"
500000,double_hashing,insert,1,43,0.016400486,869999,"load_factor=0.7000;probes=869999;avg_probes=1.74;max_cluster=35","INOVAI-NB-8","CPU info","GCC 13.3.0","2025-10-06 17:55:23"
500000,linear_probing,insert,2,44,0.012303131,1082730,"load_factor=0.7000;probes=1082730;avg_probes=2.17;max_cluster=102","INOVAI-NB-8","CPU info","GCC 13.3.0","2025-10-06 17:55:23"
500000,double_hashing,insert,2,44,0.017494946,1583524,"load_factor=0.7000;probes=1583524;avg_probes=1.74;max_cluster=36","INOVAI-NB-8","CPU info","GCC 13.3.0","2025-10-06 17:55:23"
500000,linear_probing,insert,3,45,0.011893993,1087328,"load_factor=0.7000;probes=1087328;avg_probes=2.17;max_cluster=126","INOVAI-NB-8","CPU info","GCC 13.3.0","2025-10-06 17:55:23"
500000,double_hashing,insert,3,45,0.015707337,868619,"load_factor=0.7000;probes=868619;avg_probes=1.74;max_cluster=37","INOVAI-NB-8","CPU info","GCC 13.3.0","2025-10-06 17:55:23"
500000,linear_probing,insert,4,46,0.011953534,1083705,"load_factor=0.7000;probes=1083705;avg_probes=2.17;max_cluster=113","INOVAI-NB-8","CPU info","GCC 13.3.0","2025-10-06 17:55:23"
500000,double_hashing,insert,4,46,0.015322261,868622,"load_factor=0.7000;probes=868622;avg_probes=1.74;max_cluster=39","INOVAI-NB-8","CPU info","GCC 13.3.0","2025-10-06 17:55:23"
600000,linear_probing,insert,0,42,0.015827510,1301414,"load_factor=0.7000;probes=1301414;avg_probes=2.17;max_cluster=141","INOVAI-NB-8","CPU info","GCC 13.3.0","2025-10-06 17:55:23"
600000,double_hashing,insert,0,42,0.018680603,1044801,"load_factor=0.7000;probes=1044801;avg_probes=1.74;max_cluster=37","INOVAI-NB-8","CPU info","GCC 13.3.0","2025-10-06 17:55:23"
600000,linear_probing,insert,1,43,0.014248061,1303640,"load_factor=0.7000;probes=1303640;avg_probes=2.17;max_cluster=130","INOVAI-NB-8","CPU info","GCC 13.3.0","2025-10-06 17:55:23"
600000,double_hashing,insert,1,43,0.015962700,1044264,"load_factor=0.7000;probes=1044264;avg_probes=1.74;max_cluster=34","INOVAI-NB-8","CPU info","GCC 13.3.0","2025-10-06 17:55:23"
600000,linear_probing,insert,2,44,0.014740078,1300750,"load_factor=0.7000;probes=1300750;avg_probes=2.17;max_cluster=119","INOVAI-NB-8","CPU info","GCC 13.3.0","2025-10-06 17:55:23"
600000,double_hashing,insert,2,44,0.019999419,2757389,"load_factor=0.7000;probes=2757389;avg_probes=1.74;max_cluster=31","INOVAI-NB-8","CPU info","GCC 13.3.0","2025-10-06 17:55:23"
600000,linear_probing,insert,3,45,0.014384351,1303492,"load_factor=0.7000;probes=1303492;avg_probes=2.17;max_cluster=130","INOVAI-NB-8","CPU info","GCC 13.3.0","2025-10-06 17:55:23"
600000,double_hashing,insert,3,45,0.019442552,1044990,"load_factor=0.7000;probes=1044990;avg_probes=1.74;max_cluster=32","INOVAI-NB-8","CPU info","GCC 13.3.0","2025-10-06 17:55:23"
600000,linear_probing,insert,4,46,0.014073014,1299798,"load_factor=0.7000;probes=1299798;avg_probes=2.17;max_cluster=119","INOVAI-NB-8","CPU info","GCC 13.3.0","2025-10-06 17:55:23"
600000,double_hashing,insert,4,46,0.016424268,1044243,"load_factor=0.7000;probes=1044243;avg_probes=1.74;max_cluster=36","INOVAI-NB-8","CPU info","GCC 13.3.0","2025-10-06 17:55:23"
700000,linear_probing,insert,0,42,0.022900039,1511926,"load_factor=0.7000;probes=1511926;avg_probes=2.16;max_cluster=139","INOVAI-NB-8","CPU info","GCC 13.3.0","2025-10-06 17:55:23"
700000,double_hashing,insert,0,42,0.024598782,1218322,"load_factor=0.7000;probes=1218322;avg_probes=1.74;max_cluster=47","INOVAI-NB-8","CPU info","GCC 13.3.0","2025-10-06 17:55:23"
700000,linear_probing,insert,1,43,0.017327882,1520225,"load_factor=0.7000;probes=1520225;avg_probes=2.17;max_cluster=137","INOVAI-NB-8","CPU info","GCC 13.3.0","2025-10-06 17:55:23"
700000,double_hashing,insert,1,43,0.024637444,1218560,"load_factor=0.7000;probes=1218560;avg_probes=1.74;max_cluster=37","INOVAI-NB-8","CPU info","GCC 13.3.0","2025-10-06 17:55:23"
700000,linear_probing,insert,2,44,0.016817660,1516511,"load_factor=0.7000;probes=1516511;avg_probes=2.17;max_cluster=151","INOVAI-NB-8","CPU info","GCC 13.3.0","2025-10-06 17:55:23"
700000,double_hashing,insert,2,44,0.020628814,1217570,"load_factor=0.7000;probes=1217570;avg_probes=1.74;max_cluster=37","INOVAI-NB-8","CPU info","GCC 13.3.0","2025-10-06 17:55:23"
700000,linear_probing,insert,3,45,0.017728571,1522451,"load_factor=0.7000;probes=1522451;avg_probes=2.17;max_cluster=149","INOVAI-NB-8","CPU info","GCC 13.3.0","2025-10-06 17:55:23"
700000,double_hashing,insert,3,45,0.021337245,1216978,"load_factor=0.7000;probes=1216978;avg_probes=1.74;max_cluster=34","INOVAI-NB-8","CPU info","GCC 13.3.0","2025-10-06 17:55:23"
700000,linear_probing,insert,4,46,0.017348132,1517629,"load_factor=0.7000;probes=1517629;avg_probes=2.17;max_cluster=166","INOVAI-NB-8","CPU info","GCC 13.3.0","2025-10-06 17:55:23"
700000,double_hashing,insert,4,46,0.023216603,1217998,"load_factor=0.7000;probes=1217998;avg_probes=1.74;max_cluster=37","INOVAI-NB-8","CPU info","GCC 13.3.0","2025-10-06 17:55:23"
800000,linear_probing,insert,0,42,0.026609413,1729755,"load_factor=0.7000;probes=1729755;avg_probes=2.16;max_cluster=158","INOVAI-NB-8","CPU info","GCC 13.3.0","2025-10-06 17:55:23"
800000,double_hashing,insert,0,42,0.025537716,1388615,"load_factor=0.7000;probes=1388615;avg_probes=1.74;max_cluster=36","INOVAI-NB-8","CPU info","GCC 13.3.0","2025-10-06 17:55:23"
800000,linear_probing,insert,1,43,0.025245209,1737907,"load_factor=0.7000;probes=1737907;avg_probes=2.17;max_cluster=137","INOVAI-NB-8","CPU info","GCC 13.3.0","2025-10-06 17:55:23"
800000,double_hashing,insert,1,43,0.030151637,1390159,"load_factor=0.7000;probes=1390159;avg_probes=1.74;max_cluster=33","INOVAI-NB-8","CPU info","GCC 13.3.0","2025-10-06 17:55:23"
800000,linear_probing,insert,2,44,0.021562375,1731977,"load_factor=0.7000;probes=1731977;avg_probes=2.16;max_cluster=149","INOVAI-NB-8","CPU info","GCC 13.3.0","2025-10-06 17:55:23"
800000,double_hashing,insert,2,44,0.029294611,1389144,"load_factor=0.7000;probes=1389144;avg_probes=1.74;max_cluster=35","INOVAI-NB-8","CPU info","GCC 13.3.0","2025-10-06 17:55:23"
800000,linear_probing,insert,3,45,0.019534192,1739569,"load_factor=0.7000;probes=1739569;avg_probes=2.17;max_cluster=130","INOVAI-NB-8","CPU info","GCC 13.3.0","2025-10-06 17:55:23"
800000,double_hashing,insert,3,45,0.035550306,1389344,"load_factor=0.7000;probes=1389344;avg_probes=1.74;max_cluster=40","INOVAI-NB-8","CPU info","GCC 13.3.0","2025-10-06 17:55:23"
800000,linear_probing,insert,4,46,0.020198522,1731540,"load_factor=0.7000;probes=1731540;avg_probes=2.16;max_cluster=149","INOVAI-NB-8","CPU info","GCC 13.3.0","2025-10-06 17:55:23"
800000,double_hashing,insert,4,46,0.027190866,1389452,"load_factor=0.7000;probes=1389452;avg_probes=1.74;max_cluster=36","INOVAI-NB-8","CPU info","GCC 13.3.0","2025-10-06 17:55:23"
900000,linear_probing,insert,0,42,0.025753734,1937863,"load_factor=0.7000;probes=1937863;avg_probes=2.15;max_cluster=153","INOVAI-NB-8","CPU info","GCC 13.3.0","2025-10-06 17:55:23"
900000,double_hashing,insert,0,42,0.029384792,1564006,"load_factor=0.7000;probes=1564006;avg_probes=1.74;max_cluster=35","INOVAI-NB-8","CPU info","GCC 13.3.0","2025-10-06 17:55:23"
900000,linear_probing,insert,1,43,0.031092882,1955645,"load_factor=0.7000;probes=1955645;avg_probes=2.17;max_cluster=153","INOVAI-NB-8","CPU info","GCC 13.3.0","2025-10-06 17:55:23"
900000,double_hashing,insert,1,43,0.029416346,1565934,"load_factor=0.7000;probes=1565934;avg_probes=1.74;max_cluster=40","INOVAI-NB-8","CPU info","GCC 13.3.0","2025-10-06 17:55:23"
900000,linear_probing,insert,2,44,0.025547757,1949091,"load_factor=0.7000;probes=1949091;avg_probes=2.17;max_cluster=126","INOVAI-NB-8","CPU info","GCC 13.3.0","2025-10-06 17:55:23"
900000,double_hashing,insert,2,44,0.033649294,1564536,"load_factor=0.7000;probes=1564536;avg_probes=1.74;max_cluster=42","INOVAI-NB-8","CPU info","GCC 13.3.0","2025-10-06 17:55:23"
900000,linear_probing,insert,3,45,0.026594712,1957737,"load_factor=0.7000;probes=1957737;avg_probes=2.18;max_cluster=129","INOVAI-NB-8","CPU info","GCC 13.3.0","2025-10-06 17:55:23"
900000,double_hashing,insert,3,45,0.036821918,1565786,"load_factor=0.7000;probes=1565786;avg_probes=1.74;max_cluster=37","INOVAI-NB-8","CPU info","GCC 13.3.0","2025-10-06 17:55:23"
900000,linear_probing,insert,4,46,0.026899349,1949359,"load_factor=0.7000;probes=1949359;avg_probes=2.17;max_cluster=177","INOVAI-NB-8","CPU info","GCC 13.3.0","2025-10-06 17:55:23"
900000,double_hashing,insert,4,46,0.033698606,1566770,"load_factor=0.7000;probes=1566770;avg_probes=1.74;max_cluster=36","INOVAI-NB-8","CPU info","GCC 13.3.0","2025-10-06 17:55:23"
1000000,linear_probing,insert,0,42,0.032210825,2154451,"load_factor=0.7000;probes=2154451;avg_probes=2.15;max_cluster=123","INOVAI-NB-8","CPU info","GCC 13.3.0","2025-10-06 17:55:23"
1000000,double_hashing,insert,0,42,0.040592923,1735304,"load_factor=0.7000;probes=1735304;avg_probes=1.74;max_cluster=36","INOVAI-NB-8","CPU info","GCC 13.3.0","2025-10-06 17:55:23"
1000000,linear_probing,insert,1,43,0.029447783,2177998,"load_factor=0.7000;probes=2177998;avg_probes=2.18;max_cluster=137","INOVAI-NB-8","CPU info","GCC 13.3.0","2025-10-06 17:55:23"
1000000,double_hashing,insert,1,43,0.035484502,1737693,"load_factor=0.7000;probes=1737693;avg_probes=1.74;max_cluster=38","INOVAI-NB-8","CPU info","GCC 13.3.0","2025-10-06 17:55:23"
1000000,linear_probing,insert,2,44,0.031089410,2161475,"load_factor=0.7000;probes=2161475;avg_probes=2.16;max_cluster=123","INOVAI-NB-8","CPU info","GCC 13.3.0","2025-10-06 17:55:23"
1000000,double_hashing,insert,2,44,0.033732796,1736184,"load_factor=0.7000;probes=1736184;avg_probes=1.74;max_cluster=37","INOVAI-NB-8","CPU info","GCC 13.3.0","2025-10-06 17:55:23"
1000000,linear_probing,insert,3,45,0.027451834,2172634,"load_factor=0.7000;probes=2172634;avg_probes=2.17;max_cluster=141","INOVAI-NB-8","CPU info","GCC 13.3.0","2025-10-06 17:55:23"
1000000,double_hashing,insert,3,45,0.037739352,1737841,"load_factor=0.7000;probes=1737841;avg_probes=1.74;max_cluster=36","INOVAI-NB-8","CPU info","GCC 13.3.0","2025-10-06 17:55:23"
1000000,linear_probing,insert,4,46,0.030148941,2162449,"load_factor=0.7000;probes=2162449;avg_probes=2.16;max_cluster=130","INOVAI-NB-8","CPU info","GCC 13.3.0","2025-10-06 17:55:23"
1000000,double_hashing,insert,4,46,0.042883168,1734569,"load_factor=0.7000;probes=1734569;avg_probes=1.73;max_cluster=37","INOVAI-NB-8","CPU info","GCC 13.3.0","2025-10-06 17:55:23"
1000,linear_probing,search,0,42,0.000017348,1931,"load_factor=0.7003;avg_probes=2.12;max_cluster=31;probes=1931","INOVAI-NB-8","CPU info","GCC 13.3.0","2025-10-06 17:55:23"
1000,double_hashing,search,0,42,0.000021899,1669,"load_factor=0.7003;avg_probes=1.79;max_cluster=18;probes=1669","INOVAI-NB-8","CPU info","GCC 13.3.0","2025-10-06 17:55:23"
1000,linear_probing,search,1,43,0.000016614,1807,"load_factor=0.7003;avg_probes=1.94;max_cluster=41;probes=1807","INOVAI-NB-8","CPU info","GCC 13.3.0","2025-10-06 17:55:23"
1000,double_hashing,search,1,43,0.000023038,1675,"load_factor=0.7003;avg_probes=1.76;max_cluster=14;probes=1675","INOVAI-NB-8","CPU info","GCC 13.3.0","2025-10-06 17:55:23"
1000,linear_probing,search,2,44,0.000016895,1942,"load_factor=0.7003;avg_probes=2.08;max_cluster=40;probes=1942","INOVAI-NB-8","CPU info","GCC 13.3.0","2025-10-06 17:55:23"
1000,double_hashing,search,2,44,0.000021877,1633,"load_factor=0.7003;avg_probes=1.73;max_cluster=15;probes=1633","INOVAI-NB-8","CPU info","GCC 13.3.0","2025-10-06 17:55:23"
1000,linear_probing,search,3,45,0.000018213,2100,"load_factor=0.7003;avg_probes=2.26;max_cluster=47;probes=2100","INOVAI-NB-8","CPU info","GCC 13.3.0","2025-10-06 17:55:23"
1000,double_hashing,search,3,45,0.000025799,3080,"load_factor=0.6996;avg_probes=1.77;max_cluster=16;probes=3080","INOVAI-NB-8","CPU info","GCC 13.3.0","2025-10-06 17:55:23"
1000,linear_probing,search,4,46,0.000016894,1916,"load_factor=0.7003;avg_probes=2.08;max_cluster=45;probes=1916","INOVAI-NB-8","CPU info","GCC 13.3.0","2025-10-06 17:55:23"
1000,double_hashing,search,4,46,0.000024994,3061,"load_factor=0.6996;avg_probes=1.77;max_cluster=16;probes=3061","INOVAI-NB-8","CPU info","GCC 13.3.0","2025-10-06 17:55:23"
2000,linear_probing,search,0,42,0.000033943,4080,"load_factor=0.7000;avg_probes=2.24;max_cluster=65;probes=4080","INOVAI-NB-8","CPU info","GCC 13.3.0","2025-10-06 17:55:23"
2000,double_hashing,search,0,42,0.000043054,3406,"load_factor=0.7000;avg_probes=1.79;max_cluster=17;probes=3406","INOVAI-NB-8","CPU info","GCC 13.3.0","2025-10-06 17:55:23"
2000,linear_probing,search,1,43,0.000032507,3682,"load_factor=0.7000;avg_probes=1.98;max_cluster=49;probes=3682","INOVAI-NB-8","CPU info","GCC 13.3.0","2025-10-06 17:55:23"
2000,double_hashing,search,1,43,0.000042517,3309,"load_factor=0.7000;avg_probes=1.75;max_cluster=17;probes=3309","INOVAI-NB-8","CPU info","GCC 13.3.0","2025-10-06 17:55:23"
2000,linear_probing,search,2,44,0.000037626,3941,"load_factor=0.7000;avg_probes=2.16;max_cluster=68;probes=3941","INOVAI-NB-8","CPU info","GCC 13.3.0","2025-10-06 17:55:23"
2000,double_hashing,search,2,44,0.000042934,3330,"load_factor=0.7000;avg_probes=1.77;max_cluster=18;probes=3330","INOVAI-NB-8","CPU info","GCC 13.3.0","2025-10-06 17:55:23"
2000,linear_probing,search,3,45,0.000033216,3789,"load_factor=0.7000;avg_probes=2.06;max_cluster=59;probes=3789","INOVAI-NB-8","CPU info","GCC 13.3.0","2025-10-06 17:55:23"
2000,double_hashing,search,3,45,0.000041229,3248,"load_factor=0.7000;avg_probes=1.75;max_cluster=20;probes=3248","INOVAI-NB-8","CPU info","GCC 13.3.0","2025-10-06 17:55:23"
2000,linear_probing,search,4,46,0.000032995,3780,"load_factor=0.7000;avg_probes=2.03;max_cluster=37;probes=3780","INOVAI-NB-8","CPU info","GCC 13.3.0","2025-10-06 17:55:23"
2000,double_hashing,search,4,46,0.000042229,3230,"load_factor=0.7000;avg_probes=1.72;max_cluster=17;probes=3230","INOVAI-NB-8","CPU info","GCC 13.3.0","2025-10-06 17:55:23"
3000,linear_probing,search,0,42,0.000052648,6442,"load_factor=0.7001;avg_probes=2.33;max_cluster=95;probes=6442","INOVAI-NB-8","CPU info","GCC 13.3.0","2025-10-06 17:55:23"
3000,double_hashing,search,0,42,0.000074454,5013,"load_factor=0.7001;avg_probes=1.78;max_cluster=19;probes=5013","INOVAI-NB-8","CPU info","GCC 13.3.0","2025-10-06 17:55:23"
3000,linear_probing,search,1,43,0.000050220,5814,"load_factor=0.7001;avg_probes=2.11;max_cluster=43;probes=5814","INOVAI-NB-8","CPU info","GCC 13.3.0","2025-10-06 17:55:23"
3000,double_hashing,search,1,43,0.000062756,4862,"load_factor=0.7001;avg_probes=1.73;max_cluster=33;probes=4862","INOVAI-NB-8","CPU info","GCC 13.3.0","2025-10-06 17:55:23"
3000,linear_probing,search,2,44,0.000051740,5882,"load_factor=0.7001;avg_probes=2.13;max_cluster=70;probes=5882","INOVAI-NB-8","CPU info","GCC 13.3.0","2025-10-06 17:55:23"
3000,double_hashing,search,2,44,0.000063671,4873,"load_factor=0.7001;avg_probes=1.73;max_cluster=24;probes=4873","INOVAI-NB-8","CPU info","GCC 13.3.0","2025-10-06 17:55:23"
3000,linear_probing,search,3,45,0.000050211,5917,"load_factor=0.7001;avg_probes=2.15;max_cluster=61;probes=5917","INOVAI-NB-8","CPU info","GCC 13.3.0","2025-10-06 17:55:23"
3000,double_hashing,search,3,45,0.000062124,4747,"load_factor=0.7001;avg_probes=1.70;max_cluster=28;probes=4747","INOVAI-NB-8","CPU info","GCC 13.3.0","2025-10-06 17:55:23"
3000,linear_probing,search,4,46,0.000051965,6093,"load_factor=0.7001;avg_probes=2.17;max_cluster=63;probes=6093","INOVAI-NB-8","CPU info","GCC 13.3.0","2025-10-06 17:55:23"
3000,double_hashing,search,4,46,0.000064240,4983,"load_factor=0.6999;avg_probes=1.77;max_cluster=19;probes=4983","INOVAI-NB-8","CPU info","GCC 13.3.0","2025-10-06 17:55:23"
4000,linear_probing,search,0,42,0.000069114,8607,"load_factor=0.7000;avg_probes=2.35;max_cluster=120;probes=8607","INOVAI-NB-8","CPU info","GCC 13.3.0","2025-10-06 17:55:23"
4000,double_hashing,search,0,42,0.000083331,6640,"load_factor=0.7000;avg_probes=1.76;max_cluster=25;probes=6640","INOVAI-NB-8","CPU info","GCC 13.3.0","2025-10-06 17:55:23"
4000,linear_probing,search,1,43,0.000064724,7574,"load_factor=0.7000;avg_probes=2.06;max_cluster=54;probes=7574","INOVAI-NB-8","CPU info","GCC 13.3.0","2025-10-06 17:55:23"
4000,double_hashing,search,1,43,0.000084108,6426,"load_factor=0.7000;avg_probes=1.71;max_cluster=36;probes=6426","INOVAI-NB-8","CPU info","GCC 13.3.0","2025-10-06 17:55:23"
4000,linear_probing,search,2,44,0.000069414,7783,"load_factor=0.7000;avg_probes=2.13;max_cluster=71;probes=7783","INOVAI-NB-8","CPU info","GCC 13.3.0","2025-10-06 17:55:23"
4000,double_hashing,search,2,44,0.000098431,12262,"load_factor=0.6999;avg_probes=1.76;max_cluster=19;probes=12262","INOVAI-NB-8","CPU info","GCC 13.3.0","2025-10-06 17:55:23"
4000,linear_probing,search,3,45,0.000079354,7893,"load_factor=0.7000;avg_probes=2.13;max_cluster=56;probes=7893","INOVAI-NB-8","CPU info","GCC 13.3.0","2025-10-06 17:55:23"
4000,double_hashing,search,3,45,0.000086069,6544,"load_factor=0.7000;avg_probes=1.75;max_cluster=23;probes=6544","INOVAI-NB-8","CPU info","GCC 13.3.0","2025-10-06 17:55:23"
4000,linear_probing,search,4,46,0.000069957,7840,"load_factor=0.7000;avg_probes=2.13;max_cluster=65;probes=7840","INOVAI-NB-8","CPU info","GCC 13.3.0","2025-10-06 17:55:23"
4000,double_hashing,search,4,46,0.000087405,6635,"load_factor=0.7000;avg_probes=1.77;max_cluster=17;probes=6635","INOVAI-NB-8","CPU info","GCC 13.3.0","2025-10-06 17:55:23"
5000,linear_probing,search,0,42,0.000090574,10829,"load_factor=0.7001;avg_probes=2.35;max_cluster=132;probes=10829","INOVAI-NB-8","CPU info","GCC 13.3.0","2025-10-06 17:55:23"
5000,double_hashing,search,0,42,0.000123721,15331,"load_factor=0.6998;avg_probes=1.74;max_cluster=24;probes=15331","INOVAI-NB-8","CPU info","GCC 13.3.0","2025-10-06 17:55:23"
5000,linear_probing,search,1,43,0.000087147,9787,"load_factor=0.7001;avg_probes=2.11;max_cluster=60;probes=9787","INOVAI-NB-8","CPU info","GCC 13.3.0","2025-10-06 17:55:23"
5000,double_hashing,search,1,43,0.000120311,7984,"load_factor=0.7001;avg_probes=1.71;max_cluster=17;probes=7984","INOVAI-NB-8","CPU info","GCC 13.3.0","2025-10-06 17:55:23"
5000,linear_probing,search,2,44,0.000086239,9896,"load_factor=0.7001;avg_probes=2.13;max_cluster=71;probes=9896","INOVAI-NB-8","CPU info","GCC 13.3.0","2025-10-06 17:55:23"
5000,double_hashing,search,2,44,0.000106555,8184,"load_factor=0.7001;avg_probes=1.75;max_cluster=25;probes=8184","INOVAI-NB-8","CPU info","GCC 13.3.0","2025-10-06 17:55:23"
5000,linear_probing,search,3,45,0.000088071,10068,"load_factor=0.7001;avg_probes=2.17;max_cluster=59;probes=10068","INOVAI-NB-8","CPU info","GCC 13.3.0","2025-10-06 17:55:23"
5000,double_hashing,search,3,45,0.000105698,8227,"load_factor=0.7001;avg_probes=1.75;max_cluster=24;probes=8227","INOVAI-NB-8","CPU info","GCC 13.3.0","2025-10-06 17:55:23"
5000,linear_probing,search,4,46,0.000083664,9710,"load_factor=0.7001;avg_probes=2.11;max_cluster=91;probes=9710","INOVAI-NB-8","CPU info","GCC 13.3.0","2025-10-06 17:55:23"
5000,double_hashing,search,4,46,0.000107347,8127,"load_factor=0.7001;avg_probes=1.73;max_cluster=22;probes=8127","INOVAI-NB-8","CPU info","GCC 13.3.0","2025-10-06 17:55:23"
6000,linear_probing,search,0,42,0.000105009,12885,"load_factor=0.7000;avg_probes=2.31;max_cluster=98;probes=12885","INOVAI-NB-8","CPU info","GCC 13.3.0","2025-10-06 17:55:23"
6000,double_hashing,search,0,42,0.000117955,9878,"load_factor=0.7000;avg_probes=1.75;max_cluster=22;probes=9878","INOVAI-NB-8","CPU info","GCC 13.3.0","2025-10-06 17:55:23"
6000,linear_probing,search,1,43,0.000100136,11456,"load_factor=0.7000;avg_probes=2.09;max_cluster=66;probes=11456","INOVAI-NB-8","CPU info","GCC 13.3.0","2025-10-06 17:55:23"
6000,double_hashing,search,1,43,0.000119367,9798,"load_factor=0.7000;avg_probes=1.74;max_cluster=25;probes=9798","INOVAI-NB-8","CPU info","GCC 13.3.0","2025-10-06 17:55:23"
6000,linear_probing,search,2,44,0.000109888,11813,"load_factor=0.7000;avg_probes=2.14;max_cluster=89;probes=11813","INOVAI-NB-8","CPU info","GCC 13.3.0","2025-10-06 17:55:23"
6000,double_hashing,search,2,44,0.000119877,9699,"load_factor=0.7000;avg_probes=1.72;max_cluster=23;probes=9699","INOVAI-NB-8","CPU info","GCC 13.3.0","2025-10-06 17:55:23"
6000,linear_probing,search,3,45,0.000104588,11850,"load_factor=0.7000;avg_probes=2.15;max_cluster=70;probes=11850","INOVAI-NB-8","CPU info","GCC 13.3.0","2025-10-06 17:55:23"
6000,double_hashing,search,3,45,0.000118668,9833,"load_factor=0.7000;avg_probes=1.74;max_cluster=25;probes=9833","INOVAI-NB-8","CPU info","GCC 13.3.0","2025-10-06 17:55:23"
6000,linear_probing,search,4,46,0.000169194,12054,"load_factor=0.7000;avg_probes=2.16;max_cluster=71;probes=12054","INOVAI-NB-8","CPU info","GCC 13.3.0","2025-10-06 17:55:23"
6000,double_hashing,search,4,46,0.000120255,9828,"load_factor=0.7000;avg_probes=1.74;max_cluster=21;probes=9828","INOVAI-NB-8","CPU info","GCC 13.3.0","2025-10-06 17:55:23"
7000,linear_probing,search,0,42,0.000123039,14764,"load_factor=0.7000;avg_probes=2.28;max_cluster=103;probes=14764","INOVAI-NB-8","CPU info","GCC 13.3.0","2025-10-06 17:55:23"
7000,double_hashing,search,0,42,0.000154827,11584,"load_factor=0.7000;avg_probes=1.75;max_cluster=24;probes=11584","INOVAI-NB-8","CPU info","GCC 13.3.0","2025-10-06 17:55:23"
7000,linear_probing,search,1,43,0.000120347,13766,"load_factor=0.7000;avg_probes=2.12;max_cluster=89;probes=13766","INOVAI-NB-8","CPU info","GCC 13.3.0","2025-10-06 17:55:23"
7000,double_hashing,search,1,43,0.000153802,11535,"load_factor=0.7000;avg_probes=1.75;max_cluster=24;probes=11535","INOVAI-NB-8","CPU info","GCC 13.3.0","2025-10-06 17:55:23"
7000,linear_probing,search,2,44,0.000131315,13857,"load_factor=0.7000;avg_probes=2.14;max_cluster=69;probes=13857","INOVAI-NB-8","CPU info","GCC 13.3.0","2025-10-06 17:55:23"
7000,double_hashing,search,2,44,0.000149617,11338,"load_factor=0.6998;avg_probes=1.73;max_cluster=27;probes=11338","INOVAI-NB-8","CPU info","GCC 13.3.0","2025-10-06 17:55:23"
7000,linear_probing,search,3,45,0.000127761,14377,"load_factor=0.7000;avg_probes=2.23;max_cluster=54;probes=14377","INOVAI-NB-8","CPU info","GCC 13.3.0","2025-10-06 17:55:23"
7000,double_hashing,search,3,45,0.000154310,11403,"load_factor=0.7000;avg_probes=1.74;max_cluster=28;probes=11403","INOVAI-NB-8","CPU info","GCC 13.3.0","2025-10-06 17:55:23"
7000,linear_probing,search,4,46,0.000120218,13555,"load_factor=0.7000;avg_probes=2.09;max_cluster=59;probes=13555","INOVAI-NB-8","CPU info","GCC 13.3.0","2025-10-06 17:55:23"
7000,double_hashing,search,4,46,0.000155843,11511,"load_factor=0.7000;avg_probes=1.76;max_cluster=19;probes=11511","INOVAI-NB-8","CPU info","GCC 13.3.0","2025-10-06 17:55:23"
8000,linear_probing,search,0,42,0.000166504,16534,"load_factor=0.7000;avg_probes=2.24;max_cluster=76;probes=16534","INOVAI-NB-8","CPU info","GCC 13.3.0","2025-10-06 17:55:23"
8000,double_hashing,search,0,42,0.000178606,13157,"load_factor=0.7000;avg_probes=1.75;max_cluster=29;probes=13157","INOVAI-NB-8","CPU info","GCC 13.3.0","2025-10-06 17:55:23"
8000,linear_probing,search,1,43,0.000141236,15728,"load_factor=0.7000;avg_probes=2.14;max_cluster=74;probes=15728","INOVAI-NB-8","CPU info","GCC 13.3.0","2025-10-06 17:55:23"
8000,double_hashing,search,1,43,0.000175410,13025,"load_factor=0.7000;avg_probes=1.74;max_cluster=28;probes=13025","INOVAI-NB-8","CPU info","GCC 13.3.0","2025-10-06 17:55:23"
8000,linear_probing,search,2,44,0.000139529,15999,"load_factor=0.7000;avg_probes=2.16;max_cluster=62;probes=15999","INOVAI-NB-8","CPU info","GCC 13.3.0","2025-10-06 17:55:23"
8000,double_hashing,search,2,44,0.000176348,13050,"load_factor=0.7000;avg_probes=1.74;max_cluster=28;probes=13050","INOVAI-NB-8","CPU info","GCC 13.3.0","2025-10-06 17:55:23"
8000,linear_probing,search,3,45,0.000140596,16400,"load_factor=0.7000;avg_probes=2.23;max_cluster=57;probes=16400","INOVAI-NB-8","CPU info","GCC 13.3.0","2025-10-06 17:55:23"
8000,double_hashing,search,3,45,0.000182866,13180,"load_factor=0.7000;avg_probes=1.75;max_cluster=18;probes=13180","INOVAI-NB-8","CPU info","GCC 13.3.0","2025-10-06 17:55:23"
8000,linear_probing,search,4,46,0.000147857,15828,"load_factor=0.7000;avg_probes=2.15;max_cluster=64;probes=15828","INOVAI-NB-8","CPU info","GCC 13.3.0","2025-10-06 17:55:23"
8000,double_hashing,search,4,46,0.000177855,13116,"load_factor=0.7000;avg_probes=1.74;max_cluster=20;probes=13116","INOVAI-NB-8","CPU info","GCC 13.3.0","2025-10-06 17:55:23"
9000,linear_probing,search,0,42,0.000160783,19254,"load_factor=0.7000;avg_probes=2.32;max_cluster=117;probes=19254","INOVAI-NB-8","CPU info","GCC 13.3.0","2025-10-06 17:55:23"
9000,double_hashing,search,0,42,0.000193393,14767,"load_factor=0.7000;avg_probes=1.75;max_cluster=32;probes=14767","INOVAI-NB-8","CPU info","GCC 13.3.0","2025-10-06 17:55:23"
9000,linear_probing,search,1,43,0.000154518,17801,"load_factor=0.7000;avg_probes=2.14;max_cluster=109;probes=17801","INOVAI-NB-8","CPU info","GCC 13.3.0","2025-10-06 17:55:23"
9000,double_hashing,search,1,43,0.000197371,14633,"load_factor=0.7000;avg_probes=1.73;max_cluster=24;probes=14633","INOVAI-NB-8","CPU info","GCC 13.3.0","2025-10-06 17:55:23"
9000,linear_probing,search,2,44,0.000164769,17428,"load_factor=0.7000;avg_probes=2.11;max_cluster=77;probes=17428","INOVAI-NB-8","CPU info","GCC 13.3.0","2025-10-06 17:55:23"
9000,double_hashing,search,2,44,0.000197407,14856,"load_factor=0.7000;avg_probes=1.77;max_cluster=24;probes=14856","INOVAI-NB-8","CPU info","GCC 13.3.0","2025-10-06 17:55:23"
9000,linear_probing,search,3,45,0.000160623,18351,"load_factor=0.7000;avg_probes=2.23;max_cluster=61;probes=18351","INOVAI-NB-8","CPU info","GCC 13.3.0","2025-10-06 17:55:23"
9000,double_hashing,search,3,45,0.000225248,14805,"load_factor=0.7000;avg_probes=1.75;max_cluster=25;probes=14805","INOVAI-NB-8","CPU info","GCC 13.3.0","2025-10-06 17:55:23"
9000,linear_probing,search,4,46,0.000162243,18068,"load_factor=0.7000;avg_probes=2.16;max_cluster=54;probes=18068","INOVAI-NB-8","CPU info","GCC 13.3.0","2025-10-06 17:55:23"
9000,double_hashing,search,4,46,0.000195282,14705,"load_factor=0.7000;avg_probes=1.73;max_cluster=26;probes=14705","INOVAI-NB-8","CPU info","GCC 13.3.0","2025-10-06 17:55:23"
10000,linear_probing,search,0,42,0.000175797,20924,"load_factor=0.7000;avg_probes=2.26;max_cluster=74;probes=20924","INOVAI-NB-8","CPU info","GCC 13.3.0","2025-10-06 17:55:23"
10000,double_hashing,search,0,42,0.000220947,16329,"load_factor=0.7000;avg_probes=1.74;max_cluster=25;probes=16329","INOVAI-NB-8","CPU info","GCC 13.3.0","2025-10-06 17:55:23"
10000,linear_probing,search,1,43,0.000184249,19720,"load_factor=0.7000;avg_probes=2.12;max_cluster=64;probes=19720","INOVAI-NB-8","CPU info","GCC 13.3.0","2025-10-06 17:55:23"
10000,double_hashing,search,1,43,0.000227548,16404,"load_factor=0.7000;avg_probes=1.74;max_cluster=24;probes=16404","INOVAI-NB-8","CPU info","GCC 13.3.0","2025-10-06 17:55:23"
10000,linear_probing,search,2,44,0.000174664,19508,"load_factor=0.7000;avg_probes=2.12;max_cluster=72;probes=19508","INOVAI-NB-8","CPU info","GCC 13.3.0","2025-10-06 17:55:23"
10000,double_hashing,search,2,44,0.000226097,16383,"load_factor=0.7000;avg_probes=1.74;max_cluster=29;probes=16383","INOVAI-NB-8","CPU info","GCC 13.3.0","2025-10-06 17:55:23"
10000,linear_probing,search,3,45,0.000178428,20179,"load_factor=0.7000;avg_probes=2.17;max_cluster=62;probes=20179","INOVAI-NB-8","CPU info","GCC 13.3.0","2025-10-06 17:55:23"
10000,double_hashing,search,3,45,0.000222244,16525,"load_factor=0.7000;avg_probes=1.75;max_cluster=23;probes=16525","INOVAI-NB-8","CPU info","GCC 13.3.0","2025-10-06 17:55:23"
10000,linear_probing,search,4,46,0.000181438,19826,"load_factor=0.7000;avg_probes=2.14;max_cluster=77;probes=19826","INOVAI-NB-8","CPU info","GCC 13.3.0","2025-10-06 17:55:23"
10000,double_hashing,search,4,46,0.000217036,16391,"load_factor=0.7000;avg_probes=1.74;max_cluster=27;probes=16391","INOVAI-NB-8","CPU info","GCC 13.3.0","2025-10-06 17:55:23"
20000,linear_probing,search,0,42,0.000363170,40655,"load_factor=0.7000;avg_probes=2.17;max_cluster=85;probes=40655","INOVAI-NB-8","CPU info","GCC 13.3.0","2025-10-06 17:55:23"
20000,double_hashing,search,0,42,0.000405327,32688,"load_factor=0.7000;avg_probes=1.73;max_cluster=31;probes=32688","INOVAI-NB-8","CPU info","GCC 13.3.0","2025-10-06 17:55:23"
20000,linear_probing,search,1,43,0.000366377,40032,"load_factor=0.7000;avg_probes=2.17;max_cluster=84;probes=40032","INOVAI-NB-8","CPU info","GCC 13.3.0","2025-10-06 17:55:23"
20000,double_hashing,search,1,43,0.000403633,32638,"load_factor=0.7000;avg_probes=1.74;max_cluster=26;probes=32638","INOVAI-NB-8","CPU info","GCC 13.3.0","2025-10-06 17:55:23"
20000,linear_probing,search,2,44,0.000355225,39691,"load_factor=0.7000;avg_probes=2.14;max_cluster=95;probes=39691","INOVAI-NB-8","CPU info","GCC 13.3.0","2025-10-06 17:55:23"
20000,double_hashing,search,2,44,0.000366846,32430,"load_factor=0.7000;avg_probes=1.72;max_cluster=26;probes=32430","INOVAI-NB-8","CPU info","GCC 13.3.0","2025-10-06 17:55:23"
20000,linear_probing,search,3,45,0.000322615,40209,"load_factor=0.7000;avg_probes=2.17;max_cluster=82;probes=40209","INOVAI-NB-8","CPU info","GCC 13.3.0","2025-10-06 17:55:23"
20000,double_hashing,search,3,45,0.000369326,32662,"load_factor=0.7000;avg_probes=1.73;max_cluster=23;probes=32662","INOVAI-NB-8","CPU info","GCC 13.3.0","2025-10-06 17:55:23"
20000,linear_probing,search,4,46,0.000365828,39905,"load_factor=0.7000;avg_probes=2.16;max_cluster=71;probes=39905","INOVAI-NB-8","CPU info","GCC 13.3.0","2025-10-06 17:55:23"
20000,double_hashing,search,4,46,0.000481763,32533,"load_factor=0.7000;avg_probes=1.73;max_cluster=27;probes=32533","INOVAI-NB-8","CPU info","GCC 13.3.0","2025-10-06 17:55:23"
30000,linear_probing,search,0,42,0.000580202,59426,"load_factor=0.7000;avg_probes=2.15;max_cluster=94;probes=59426","INOVAI-NB-8","CPU info","GCC 13.3.0","2025-10-06 17:55:23"
30000,double_hashing,search,0,42,0.000736017,48755,"load_factor=0.7000;avg_probes=1.73;max_cluster=29;probes=48755","INOVAI-NB-8","CPU info","GCC 13.3.0","2025-10-06 17:55:23"
30000,linear_probing,search,1,43,0.000521782,59166,"load_factor=0.7000;avg_probes=2.13;max_cluster=103;probes=59166","INOVAI-NB-8","CPU info","GCC 13.3.0","2025-10-06 17:55:23"
30000,double_hashing,search,1,43,0.000671776,48545,"load_factor=0.7000;avg_probes=1.72;max_cluster=26;probes=48545","INOVAI-NB-8","CPU info","GCC 13.3.0","2025-10-06 17:55:23"
30000,linear_probing,search,2,44,0.000670197,60138,"load_factor=0.7000;avg_probes=2.16;max_cluster=128;probes=60138","INOVAI-NB-8","CPU info","GCC 13.3.0","2025-10-06 17:55:23"
30000,double_hashing,search,2,44,0.000883106,49463,"load_factor=0.7000;avg_probes=1.75;max_cluster=25;probes=49463","INOVAI-NB-8","CPU info","GCC 13.3.0","2025-10-06 17:55:23"
30000,linear_probing,search,3,45,0.000535533,61636,"load_factor=0.7000;avg_probes=2.22;max_cluster=105;probes=61636","INOVAI-NB-8","CPU info","GCC 13.3.0","2025-10-06 17:55:23"
30000,double_hashing,search,3,45,0.000810793,49375,"load_factor=0.7000;avg_probes=1.75;max_cluster=25;probes=49375","INOVAI-NB-8","CPU info","GCC 13.3.0","2025-10-06 17:55:23"
30000,linear_probing,search,4,46,0.000535349,60824,"load_factor=0.7000;avg_probes=2.20;max_cluster=90;probes=60824","INOVAI-NB-8","CPU info","GCC 13.3.0","2025-10-06 17:55:23"
30000,double_hashing,search,4,46,0.000673525,49308,"load_factor=0.7000;avg_probes=1.75;max_cluster=26;probes=49308","INOVAI-NB-8","CPU info","GCC 13.3.0","2025-10-06 17:55:23"
40000,linear_probing,search,0,42,0.000707478,79564,"load_factor=0.7000;avg_probes=2.16;max_cluster=99;probes=79564","INOVAI-NB-8","CPU info","GCC 13.3.0","2025-10-06 17:55:23"
40000,double_hashing,search,0,42,0.001017976,122030,"load_factor=0.7000;avg_probes=1.73;max_cluster=31;probes=122030","INOVAI-NB-8","CPU info","GCC 13.3.0","2025-10-06 17:55:23"
40000,linear_probing,search,1,43,0.000713629,81343,"load_factor=0.7000;avg_probes=2.20;max_cluster=89;probes=81343","INOVAI-NB-8","CPU info","GCC 13.3.0","2025-10-06 17:55:23"
40000,double_hashing,search,1,43,0.001091316,65253,"load_factor=0.7000;avg_probes=1.73;max_cluster=27;probes=65253","INOVAI-NB-8","CPU info","GCC 13.3.0","2025-10-06 17:55:23"
40000,linear_probing,search,2,44,0.000752584,81367,"load_factor=0.7000;avg_probes=2.20;max_cluster=113;probes=81367","INOVAI-NB-8","CPU info","GCC 13.3.0","2025-10-06 17:55:23"
40000,double_hashing,search,2,44,0.000911009,65504,"load_factor=0.7000;avg_probes=1.74;max_cluster=31;probes=65504","INOVAI-NB-8","CPU info","GCC 13.3.0","2025-10-06 17:55:23"
40000,linear_probing,search,3,45,0.000758150,80768,"load_factor=0.7000;avg_probes=2.18;max_cluster=136;probes=80768","INOVAI-NB-8","CPU info","GCC 13.3.0","2025-10-06 17:55:23"
40000,double_hashing,search,3,45,0.000903120,65509,"load_factor=0.7000;avg_probes=1.74;max_cluster=35;probes=65509","INOVAI-NB-8","CPU info","GCC 13.3.0","2025-10-06 17:55:23"
40000,linear_probing,search,4,46,0.000727250,80163,"load_factor=0.7000;avg_probes=2.17;max_cluster=88;probes=80163","INOVAI-NB-8","CPU info","GCC 13.3.0","2025-10-06 17:55:23"
40000,double_hashing,search,4,46,0.000919224,122360,"load_factor=0.7000;avg_probes=1.73;max_cluster=33;probes=122360","INOVAI-NB-8","CPU info","GCC 13.3.0","2025-10-06 17:55:23"
50000,linear_probing,search,0,42,0.000834186,99118,"load_factor=0.7000;avg_probes=2.14;max_cluster=80;probes=99118","INOVAI-NB-8","CPU info","GCC 13.3.0","2025-10-06 17:55:23"
50000,double_hashing,search,0,42,0.001035301,81455,"load_factor=0.7000;avg_probes=1.73;max_cluster=31;probes=81455","INOVAI-NB-8","CPU info","GCC 13.3.0","2025-10-06 17:55:23"
50000,linear_probing,search,1,43,0.000891418,101173,"load_factor=0.7000;avg_probes=2.18;max_cluster=95;probes=101173","INOVAI-NB-8","CPU info","GCC 13.3.0","2025-10-06 17:55:23"
50000,double_hashing,search,1,43,0.001089023,81938,"load_factor=0.7000;avg_probes=1.74;max_cluster=26;probes=81938","INOVAI-NB-8","CPU info","GCC 13.3.0","2025-10-06 17:55:23"
50000,linear_probing,search,2,44,0.000951394,101472,"load_factor=0.7000;avg_probes=2.21;max_cluster=144;probes=101472","INOVAI-NB-8","CPU info","GCC 13.3.0","2025-10-06 17:55:23"
50000,double_hashing,search,2,44,0.001109446,82537,"load_factor=0.7000;avg_probes=1.76;max_cluster=28;probes=82537","INOVAI-NB-8","CPU info","GCC 13.3.0","2025-10-06 17:55:23"
50000,linear_probing,search,3,45,0.000878767,100206,"load_factor=0.7000;avg_probes=2.16;max_cluster=118;probes=100206","INOVAI-NB-8","CPU info","GCC 13.3.0","2025-10-06 17:55:23"
50000,double_hashing,search,3,45,0.001104039,81606,"load_factor=0.7000;avg_probes=1.74;max_cluster=36;probes=81606","INOVAI-NB-8","CPU info","GCC 13.3.0","2025-10-06 17:55:23"
50000,linear_probing,search,4,46,0.000883654,101537,"load_factor=0.7000;avg_probes=2.20;max_cluster=95;probes=101537","INOVAI-NB-8","CPU info","GCC 13.3.0","2025-10-06 17:55:23"
50000,double_hashing,search,4,46,0.001312037,153395,"load_factor=0.7000;avg_probes=1.75;max_cluster=25;probes=153395","INOVAI-NB-8","CPU info","GCC 13.3.0","2025-10-06 17:55:23"
60000,linear_probing,search,0,42,0.001172594,118155,"load_factor=0.7000;avg_probes=2.12;max_cluster=72;probes=118155","INOVAI-NB-8","CPU info","GCC 13.3.0","2025-10-06 17:55:23"
60000,double_hashing,search,0,42,0.001407437,184239,"load_factor=0.7000;avg_probes=1.75;max_cluster=30;probes=184239","INOVAI-NB-8","CPU info","GCC 13.3.0","2025-10-06 17:55:23"
60000,linear_probing,search,1,43,0.001047156,119374,"load_factor=0.7000;avg_probes=2.15;max_cluster=117;probes=119374","INOVAI-NB-8","CPU info","GCC 13.3.0","2025-10-06 17:55:23"
60000,double_hashing,search,1,43,0.001336019,98648,"load_factor=0.7000;avg_probes=1.75;max_cluster=28;probes=98648","INOVAI-NB-8","CPU info","GCC 13.3.0","2025-10-06 17:55:23"
60000,linear_probing,search,2,44,0.001207375,122533,"load_factor=0.7000;avg_probes=2.21;max_cluster=159;probes=122533","INOVAI-NB-8","CPU info","GCC 13.3.0","2025-10-06 17:55:23"
60000,double_hashing,search,2,44,0.001569212,98670,"load_factor=0.7000;avg_probes=1.75;max_cluster=31;probes=98670","INOVAI-NB-8","CPU info","GCC 13.3.0","2025-10-06 17:55:23"
60000,linear_probing,search,3,45,0.000978672,120888,"load_factor=0.7000;avg_probes=2.18;max_cluster=114;probes=120888","INOVAI-NB-8","CPU info","GCC 13.3.0","2025-10-06 17:55:23"
60000,double_hashing,search,3,45,0.002147367,98413,"load_factor=0.7000;avg_probes=1.74;max_cluster=31;probes=98413","INOVAI-NB-8","CPU info","GCC 13.3.0","2025-10-06 17:55:23"
60000,linear_probing,search,4,46,0.001471257,122048,"load_factor=0.7000;avg_probes=2.19;max_cluster=95;probes=122048","INOVAI-NB-8","CPU info","GCC 13.3.0","2025-10-06 17:55:23"
60000,double_hashing,search,4,46,0.001357773,98557,"load_factor=0.7000;avg_probes=1.74;max_cluster=26;probes=98557","INOVAI-NB-8","CPU info","GCC 13.3.0","2025-10-06 17:55:23"
70000,linear_probing,search,0,42,0.001321583,137348,"load_factor=0.7000;avg_probes=2.12;max_cluster=87;probes=137348","INOVAI-NB-8","CPU info","GCC 13.3.0","2025-10-06 17:55:23"
70000,double_hashing,search,0,42,0.001545872,114121,"load_factor=0.7000;avg_probes=1.73;max_cluster=32;probes=114121","INOVAI-NB-8","CPU info","GCC 13.3.0","2025-10-06 17:55:23"
70000,linear_probing,search,1,43,0.001282566,140200,"load_factor=0.7000;avg_probes=2.17;max_cluster=121;probes=140200","INOVAI-NB-8","CPU info","GCC 13.3.0","2025-10-06 17:55:23"
70000,double_hashing,search,1,43,0.002052454,114861,"load_factor=0.7000;avg_probes=1.74;max_cluster=43;probes=114861","INOVAI-NB-8","CPU info","GCC 13.3.0","2025-10-06 17:55:23"
70000,linear_probing,search,2,44,0.001410122,140957,"load_factor=0.7000;avg_probes=2.18;max_cluster=149;probes=140957","INOVAI-NB-8","CPU info","GCC 13.3.0","2025-10-06 17:55:23"
70000,double_hashing,search,2,44,0.001567401,114308,"load_factor=0.7000;avg_probes=1.74;max_cluster=29;probes=114308","INOVAI-NB-8","CPU info","GCC 13.3.0","2025-10-06 17:55:23"
70000,linear_probing,search,3,45,0.001153037,139902,"load_factor=0.7000;avg_probes=2.16;max_cluster=92;probes=139902","INOVAI-NB-8","CPU info","GCC 13.3.0","2025-10-06 17:55:23"
70000,double_hashing,search,3,45,0.001690735,114834,"load_factor=0.7000;avg_probes=1.74;max_cluster=35;probes=114834","INOVAI-NB-8","CPU info","GCC 13.3.0","2025-10-06 17:55:23"
70000,linear_probing,search,4,46,0.001326918,141029,"load_factor=0.7000;avg_probes=2.17;max_cluster=104;probes=141029","INOVAI-NB-8","CPU info","GCC 13.3.0","2025-10-06 17:55:23"
70000,double_hashing,search,4,46,0.001294801,114641,"load_factor=0.7000;avg_probes=1.74;max_cluster=31;probes=114641","INOVAI-NB-8","CPU info","GCC 13.3.0","2025-10-06 17:55:23"
80000,linear_probing,search,0,42,0.001258316,158761,"load_factor=0.7000;avg_probes=2.14;max_cluster=89;probes=158761","INOVAI-NB-8","CPU info","GCC 13.3.0","2025-10-06 17:55:23"
80000,double_hashing,search,0,42,0.002086449,130765,"load_factor=0.7000;avg_probes=1.74;max_cluster=28;probes=130765","INOVAI-NB-8","CPU info","GCC 13.3.0","2025-10-06 17:55:23"
80000,linear_probing,search,1,43,0.001347075,161011,"load_factor=0.7000;avg_probes=2.17;max_cluster=92;probes=161011","INOVAI-NB-8","CPU info","GCC 13.3.0","2025-10-06 17:55:23"
80000,double_hashing,search,1,43,0.001548370,130239,"load_factor=0.7000;avg_probes=1.73;max_cluster=32;probes=130239","INOVAI-NB-8","CPU info","GCC 13.3.0","2025-10-06 17:55:23"
80000,linear_probing,search,2,44,0.001323730,161848,"load_factor=0.7000;avg_probes=2.19;max_cluster=174;probes=161848","INOVAI-NB-8","CPU info","GCC 13.3.0","2025-10-06 17:55:23"
80000,double_hashing,search,2,44,0.001700302,131184,"load_factor=0.7000;avg_probes=1.74;max_cluster=35;probes=131184","INOVAI-NB-8","CPU info","GCC 13.3.0","2025-10-06 17:55:23"
80000,linear_probing,search,3,45,0.001333851,160991,"load_factor=0.7000;avg_probes=2.18;max_cluster=98;probes=160991","INOVAI-NB-8","CPU info","GCC 13.3.0","2025-10-06 17:55:23"
80000,double_hashing,search,3,45,0.001857101,130604,"load_factor=0.7000;avg_probes=1.74;max_cluster=30;probes=130604","INOVAI-NB-8","CPU info","GCC 13.3.0","2025-10-06 17:55:23"
80000,linear_probing,search,4,46,0.001369957,161248,"load_factor=0.7000;avg_probes=2.17;max_cluster=113;probes=161248","INOVAI-NB-8","CPU info","GCC 13.3.0","2025-10-06 17:55:23"
80000,double_hashing,search,4,46,0.001817886,130558,"load_factor=0.7000;avg_probes=1.73;max_cluster=29;probes=130558","INOVAI-NB-8","CPU info","GCC 13.3.0","2025-10-06 17:55:23"
90000,linear_probing,search,0,42,0.002615895,178560,"load_factor=0.7000;avg_probes=2.15;max_cluster=89;probes=178560","INOVAI-NB-8","CPU info","GCC 13.3.0","2025-10-06 17:55:23"
90000,double_hashing,search,0,42,0.001983537,147651,"load_factor=0.7000;avg_probes=1.75;max_cluster=27;probes=147651","INOVAI-NB-8","CPU info","GCC 13.3.0","2025-10-06 17:55:23"
90000,linear_probing,search,1,43,0.001530993,180478,"load_factor=0.7000;avg_probes=2.17;max_cluster=97;probes=180478","INOVAI-NB-8","CPU info","GCC 13.3.0","2025-10-06 17:55:23"
90000,double_hashing,search,1,43,0.001768310,147091,"load_factor=0.7000;avg_probes=1.74;max_cluster=33;probes=147091","INOVAI-NB-8","CPU info","GCC 13.3.0","2025-10-06 17:55:23"
90000,linear_probing,search,2,44,0.001688364,182374,"load_factor=0.7000;avg_probes=2.18;max_cluster=216;probes=182374","INOVAI-NB-8","CPU info","GCC 13.3.0","2025-10-06 17:55:23"
90000,double_hashing,search,2,44,0.006132861,275802,"load_factor=0.7000;avg_probes=1.74;max_cluster=29;probes=275802","INOVAI-NB-8","CPU info","GCC 13.3.0","2025-10-06 17:55:23"
90000,linear_probing,search,3,45,0.001543103,180657,"load_factor=0.7000;avg_probes=2.17;max_cluster=121;probes=180657","INOVAI-NB-8","CPU info","GCC 13.3.0","2025-10-06 17:55:23"
90000,double_hashing,search,3,45,0.001770347,147752,"load_factor=0.7000;avg_probes=1.74;max_cluster=32;probes=147752","INOVAI-NB-8","CPU info","GCC 13.3.0","2025-10-06 17:55:23"
90000,linear_probing,search,4,46,0.001631043,181213,"load_factor=0.7000;avg_probes=2.17;max_cluster=115;probes=181213","INOVAI-NB-8","CPU info","GCC 13.3.0","2025-10-06 17:55:23"
90000,double_hashing,search,4,46,0.001852927,147624,"load_factor=0.7000;avg_probes=1.74;max_cluster=30;probes=147624","INOVAI-NB-8","CPU info","GCC 13.3.0","2025-10-06 17:55:23"
100000,linear_probing,search,0,42,0.001523310,197752,"load_factor=0.7000;avg_probes=2.14;max_cluster=88;probes=197752","INOVAI-NB-8","CPU info","GCC 13.3.0","2025-10-06 17:55:23"
100000,double_hashing,search,0,42,0.002051076,162916,"load_factor=0.7000;avg_probes=1.74;max_cluster=33;probes=162916","INOVAI-NB-8","CPU info","GCC 13.3.0","2025-10-06 17:55:23"
100000,linear_probing,search,1,43,0.001942782,201004,"load_factor=0.7000;avg_probes=2.17;max_cluster=84;probes=201004","INOVAI-NB-8","CPU info","GCC 13.3.0","2025-10-06 17:55:23"
100000,double_hashing,search,1,43,0.002137652,163852,"load_factor=0.7000;avg_probes=1.74;max_cluster=32;probes=163852","INOVAI-NB-8","CPU info","GCC 13.3.0","2025-10-06 17:55:23"
100000,linear_probing,search,2,44,0.001760744,201680,"load_factor=0.7000;avg_probes=2.18;max_cluster=214;probes=201680","INOVAI-NB-8","CPU info","GCC 13.3.0","2025-10-06 17:55:23"
100000,double_hashing,search,2,44,0.002126068,163161,"load_factor=0.7000;avg_probes=1.73;max_cluster=28;probes=163161","INOVAI-NB-8","CPU info","GCC 13.3.0","2025-10-06 17:55:23"
100000,linear_probing,search,3,45,0.001677810,199611,"load_factor=0.7000;avg_probes=2.15;max_cluster=119;probes=199611","INOVAI-NB-8","CPU info","GCC 13.3.0","2025-10-06 17:55:23"
100000,double_hashing,search,3,45,0.002106089,163206,"load_factor=0.7000;avg_probes=1.73;max_cluster=32;probes=163206","INOVAI-NB-8","CPU info","GCC 13.3.0","2025-10-06 17:55:23"
100000,linear_probing,search,4,46,0.001691925,200438,"load_factor=0.7000;avg_probes=2.16;max_cluster=121;probes=200438","INOVAI-NB-8","CPU info","GCC 13.3.0","2025-10-06 17:55:23"
100000,double_hashing,search,4,46,0.002904986,163559,"load_factor=0.7000;avg_probes=1.74;max_cluster=28;probes=163559","INOVAI-NB-8","CPU info","GCC 13.3.0","2025-10-06 17:55:23"
200000,linear_probing,search,0,42,0.004859097,401588,"load_factor=0.7000;avg_probes=2.17;max_cluster=96;probes=401588","INOVAI-NB-8","CPU info","GCC 13.3.0","2025-10-06 17:55:23"
200000,double_hashing,search,0,42,0.004666275,327069,"load_factor=0.7000;avg_probes=1.74;max_cluster=31;probes=327069","INOVAI-NB-8","CPU info","GCC 13.3.0","2025-10-06 17:55:23"
200000,linear_probing,search,1,43,0.003663328,403650,"load_factor=0.7000;avg_probes=2.18;max_cluster=128;probes=403650","INOVAI-NB-8","CPU info","GCC 13.3.0","2025-10-06 17:55:23"
200000,double_hashing,search,1,43,0.004908521,327853,"load_factor=0.7000;avg_probes=1.74;max_cluster=31;probes=327853","INOVAI-NB-8","CPU info","GCC 13.3.0","2025-10-06 17:55:23"
200000,linear_probing,search,2,44,0.003534732,404636,"load_factor=0.7000;avg_probes=2.18;max_cluster=143;probes=404636","INOVAI-NB-8","CPU info","GCC 13.3.0","2025-10-06 17:55:23"
200000,double_hashing,search,2,44,0.004850497,328144,"load_factor=0.7000;avg_probes=1.74;max_cluster=31;probes=328144","INOVAI-NB-8","CPU info","GCC 13.3.0","2025-10-06 17:55:23"
200000,linear_probing,search,3,45,0.003657950,403028,"load_factor=0.7000;avg_probes=2.18;max_cluster=106;probes=403028","INOVAI-NB-8","CPU info","GCC 13.3.0","2025-10-06 17:55:23"
200000,double_hashing,search,3,45,0.004497825,328112,"load_factor=0.7000;avg_probes=1.75;max_cluster=28;probes=328112","INOVAI-NB-8","CPU info","GCC 13.3.0","2025-10-06 17:55:23"
200000,linear_probing,search,4,46,0.004463413,404770,"load_factor=0.7000;avg_probes=2.18;max_cluster=113;probes=404770","INOVAI-NB-8","CPU info","GCC 13.3.0","2025-10-06 17:55:23"
200000,double_hashing,search,4,46,0.004503249,327810,"load_factor=0.7000;avg_probes=1.74;max_cluster=38;probes=327810","INOVAI-NB-8","CPU info","GCC 13.3.0","2025-10-06 17:55:23"
300000,linear_probing,search,0,42,0.006399513,603473,"load_factor=0.7000;avg_probes=2.17;max_cluster=121;probes=603473","INOVAI-NB-8","CPU info","GCC 13.3.0","2025-10-06 17:55:23"
300000,double_hashing,search,0,42,0.006596672,490958,"load_factor=0.7000;avg_probes=1.74;max_cluster=38;probes=490958","INOVAI-NB-8","CPU info","GCC 13.3.0","2025-10-06 17:55:23"
300000,linear_probing,search,1,43,0.005958444,599647,"load_factor=0.7000;avg_probes=2.16;max_cluster=107;probes=599647","INOVAI-NB-8","CPU info","GCC 13.3.0","2025-10-06 17:55:23"
300000,double_hashing,search,1,43,0.006749887,491210,"load_factor=0.7000;avg_probes=1.74;max_cluster=31;probes=491210","INOVAI-NB-8","CPU info","GCC 13.3.0","2025-10-06 17:55:23"
300000,linear_probing,search,2,44,0.005994681,604227,"load_factor=0.7000;avg_probes=2.17;max_cluster=154;probes=604227","INOVAI-NB-8","CPU info","GCC 13.3.0","2025-10-06 17:55:23"
300000,double_hashing,search,2,44,0.007060935,490782,"load_factor=0.7000;avg_probes=1.74;max_cluster=33;probes=490782","INOVAI-NB-8","CPU info","GCC 13.3.0","2025-10-06 17:55:23"
300000,linear_probing,search,3,45,0.005883852,605496,"load_factor=0.7000;avg_probes=2.18;max_cluster=128;probes=605496","INOVAI-NB-8","CPU info","GCC 13.3.0","2025-10-06 17:55:23"
300000,double_hashing,search,3,45,0.006313116,491212,"load_factor=0.7000;avg_probes=1.74;max_cluster=35;probes=491212","INOVAI-NB-8","CPU info","GCC 13.3.0","2025-10-06 17:55:23"
300000,linear_probing,search,4,46,0.005491394,603565,"load_factor=0.7000;avg_probes=2.17;max_cluster=123;probes=603565","INOVAI-NB-8","CPU info","GCC 13.3.0","2025-10-06 17:55:23"
300000,double_hashing,search,4,46,0.006444993,490961,"load_factor=0.7000;avg_probes=1.74;max_cluster=36;probes=490961","INOVAI-NB-8","CPU info","GCC 13.3.0","2025-10-06 17:55:23"
400000,linear_probing,search,0,42,0.009717521,806496,"load_factor=0.7000;avg_probes=2.18;max_cluster=106;probes=806496","INOVAI-NB-8","CPU info","GCC 13.3.0","2025-10-06 17:55:23"
400000,double_hashing,search,0,42,0.009852882,654829,"load_factor=0.7000;avg_probes=1.74;max_cluster=43;probes=654829","INOVAI-NB-8","CPU info","GCC 13.3.0","2025-10-06 17:55:23"
400000,linear_probing,search,1,43,0.007702353,801566,"load_factor=0.7000;avg_probes=2.17;max_cluster=126;probes=801566","INOVAI-NB-8","CPU info","GCC 13.3.0","2025-10-06 17:55:23"
400000,double_hashing,search,1,43,0.009716930,655972,"load_factor=0.7000;avg_probes=1.74;max_cluster=32;probes=655972","INOVAI-NB-8","CPU info","GCC 13.3.0","2025-10-06 17:55:23"
400000,linear_probing,search,2,44,0.009303551,802819,"load_factor=0.7000;avg_probes=2.17;max_cluster=138;probes=802819","INOVAI-NB-8","CPU info","GCC 13.3.0","2025-10-06 17:55:23"
400000,double_hashing,search,2,44,0.011689951,1226291,"load_factor=0.7000;avg_probes=1.74;max_cluster=36;probes=1226291","INOVAI-NB-8","CPU info","GCC 13.3.0","2025-10-06 17:55:23"
400000,linear_probing,search,3,45,0.007538808,802536,"load_factor=0.7000;avg_probes=2.17;max_cluster=131;probes=802536","INOVAI-NB-8","CPU info","GCC 13.3.0","2025-10-06 17:55:23"
400000,double_hashing,search,3,45,0.011322913,1225897,"load_factor=0.7000;avg_probes=1.74;max_cluster=35;probes=1225897","INOVAI-NB-8","CPU info","GCC 13.3.0","2025-10-06 17:55:23"
400000,linear_probing,search,4,46,0.008007006,801502,"load_factor=0.7000;avg_probes=2.16;max_cluster=106;probes=801502","INOVAI-NB-8","CPU info","GCC 13.3.0","2025-10-06 17:55:23"
400000,double_hashing,search,4,46,0.012506116,1798968,"load_factor=0.7000;avg_probes=1.74;max_cluster=33;probes=1798968","INOVAI-NB-8","CPU info","GCC 13.3.0","2025-10-06 17:55:23"
500000,linear_probing,search,0,42,0.011290227,1002206,"load_factor=0.7000;avg_probes=2.16;max_cluster=110;probes=1002206","INOVAI-NB-8","CPU info","GCC 13.3.0","2025-10-06 17:55:23"
500000,double_hashing,search,0,42,0.015003452,1531975,"load_factor=0.7000;avg_probes=1.74;max_cluster=33;probes=1531975","INOVAI-NB-8","CPU info","GCC 13.3.0","2025-10-06 17:55:23"
500000,linear_probing,search,1,43,0.008830383,1001506,"load_factor=0.7000;avg_probes=2.17;max_cluster=149;probes=1001506","INOVAI-NB-8","CPU info","GCC 13.3.0","2025-10-06 17:55:23"
500000,double_hashing,search,1,43,0.015155543,818303,"load_factor=0.7000;avg_probes=1.74;max_cluster=35;probes=818303","INOVAI-NB-8","CPU info","GCC 13.3.0","2025-10-06 17:55:23"
500000,linear_probing,search,2,44,0.009620828,1003245,"load_factor=0.7000;avg_probes=2.17;max_cluster=102;probes=1003245","INOVAI-NB-8","CPU info","GCC 13.3.0","2025-10-06 17:55:23"
500000,double_hashing,search,2,44,0.013833637,1532665,"load_factor=0.7000;avg_probes=1.74;max_cluster=36;probes=1532665","INOVAI-NB-8","CPU info","GCC 13.3.0","2025-10-06 17:55:23"
500000,linear_probing,search,3,45,0.012678795,1006750,"load_factor=0.7000;avg_probes=2.17;max_cluster=126;probes=1006750","INOVAI-NB-8","CPU info","GCC 13.3.0","2025-10-06 17:55:23"
500000,double_hashing,search,3,45,0.016285021,817549,"load_factor=0.7000;avg_probes=1.74;max_cluster=37;probes=817549","INOVAI-NB-8","CPU info","GCC 13.3.0","2025-10-06 17:55:23"
500000,linear_probing,search,4,46,0.009314226,1004117,"load_factor=0.7000;avg_probes=2.17;max_cluster=113;probes=1004117","INOVAI-NB-8","CPU info","GCC 13.3.0","2025-10-06 17:55:23"
500000,double_hashing,search,4,46,0.016864123,818380,"load_factor=0.7000;avg_probes=1.74;max_cluster=39;probes=818380","INOVAI-NB-8","CPU info","GCC 13.3.0","2025-10-06 17:55:23"
600000,linear_probing,search,0,42,0.016133485,1205208,"load_factor=0.7000;avg_probes=2.17;max_cluster=141;probes=1205208","INOVAI-NB-8","CPU info","GCC 13.3.0","2025-10-06 17:55:23"
600000,double_hashing,search,0,42,0.018318777,983387,"load_factor=0.7000;avg_probes=1.74;max_cluster=37;probes=983387","INOVAI-NB-8","CPU info","GCC 13.3.0","2025-10-06 17:55:23"
600000,linear_probing,search,1,43,0.016233334,1207200,"load_factor=0.7000;avg_probes=2.17;max_cluster=130;probes=1207200","INOVAI-NB-8","CPU info","GCC 13.3.0","2025-10-06 17:55:23"
600000,double_hashing,search,1,43,0.016296488,982915,"load_factor=0.7000;avg_probes=1.74;max_cluster=34;probes=982915","INOVAI-NB-8","CPU info","GCC 13.3.0","2025-10-06 17:55:23"
600000,linear_probing,search,2,44,0.011292852,1205867,"load_factor=0.7000;avg_probes=2.17;max_cluster=119;probes=1205867","INOVAI-NB-8","CPU info","GCC 13.3.0","2025-10-06 17:55:23"
600000,double_hashing,search,2,44,0.023759618,2696297,"load_factor=0.7000;avg_probes=1.74;max_cluster=31;probes=2696297","INOVAI-NB-8","CPU info","GCC 13.3.0","2025-10-06 17:55:23"
600000,linear_probing,search,3,45,0.013891892,1205720,"load_factor=0.7000;avg_probes=2.17;max_cluster=130;probes=1205720","INOVAI-NB-8","CPU info","GCC 13.3.0","2025-10-06 17:55:23"
600000,double_hashing,search,3,45,0.018357233,982883,"load_factor=0.7000;avg_probes=1.74;max_cluster=32;probes=982883","INOVAI-NB-8","CPU info","GCC 13.3.0","2025-10-06 17:55:23"
600000,linear_probing,search,4,46,0.016491144,1203339,"load_factor=0.7000;avg_probes=2.17;max_cluster=119;probes=1203339","INOVAI-NB-8","CPU info","GCC 13.3.0","2025-10-06 17:55:23"
600000,double_hashing,search,4,46,0.023974127,982434,"load_factor=0.7000;avg_probes=1.74;max_cluster=36;probes=982434","INOVAI-NB-8","CPU info","GCC 13.3.0","2025-10-06 17:55:23"
700000,linear_probing,search,0,42,0.015592065,1400174,"load_factor=0.7000;avg_probes=2.16;max_cluster=139;probes=1400174","INOVAI-NB-8","CPU info","GCC 13.3.0","2025-10-06 17:55:23"
700000,double_hashing,search,0,42,0.021466738,1146697,"load_factor=0.7000;avg_probes=1.74;max_cluster=47;probes=1146697","INOVAI-NB-8","CPU info","GCC 13.3.0","2025-10-06 17:55:23"
700000,linear_probing,search,1,43,0.013166885,1406993,"load_factor=0.7000;avg_probes=2.17;max_cluster=137;probes=1406993","INOVAI-NB-8","CPU info","GCC 13.3.0","2025-10-06 17:55:23"
700000,double_hashing,search,1,43,0.026186203,1146922,"load_factor=0.7000;avg_probes=1.74;max_cluster=37;probes=1146922","INOVAI-NB-8","CPU info","GCC 13.3.0","2025-10-06 17:55:23"
700000,linear_probing,search,2,44,0.013796107,1403702,"load_factor=0.7000;avg_probes=2.17;max_cluster=151;probes=1403702","INOVAI-NB-8","CPU info","GCC 13.3.0","2025-10-06 17:55:23"
700000,double_hashing,search,2,44,0.020570093,1145849,"load_factor=0.7000;avg_probes=1.74;max_cluster=37;probes=1145849","INOVAI-NB-8","CPU info","GCC 13.3.0","2025-10-06 17:55:23"
700000,linear_probing,search,3,45,0.015787349,1409755,"load_factor=0.7000;avg_probes=2.17;max_cluster=149;probes=1409755","INOVAI-NB-8","CPU info","GCC 13.3.0","2025-10-06 17:55:23"
700000,double_hashing,search,3,45,0.022459347,1145176,"load_factor=0.7000;avg_probes=1.74;max_cluster=34;probes=1145176","INOVAI-NB-8","CPU info","GCC 13.3.0","2025-10-06 17:55:23"
700000,linear_probing,search,4,46,0.014627922,1405414,"load_factor=0.7000;avg_probes=2.17;max_cluster=166;probes=1405414","INOVAI-NB-8","CPU info","GCC 13.3.0","2025-10-06 17:55:23"
700000,double_hashing,search,4,46,0.020224527,1145845,"load_factor=0.7000;avg_probes=1.74;max_cluster=37;probes=1145845","INOVAI-NB-8","CPU info","GCC 13.3.0","2025-10-06 17:55:23"
800000,linear_probing,search,0,42,0.019463616,1602983,"load_factor=0.7000;avg_probes=2.16;max_cluster=158;probes=1602983","INOVAI-NB-8","CPU info","GCC 13.3.0","2025-10-06 17:55:23"
800000,double_hashing,search,0,42,0.021866459,1307082,"load_factor=0.7000;avg_probes=1.74;max_cluster=36;probes=1307082","INOVAI-NB-8","CPU info","GCC 13.3.0","2025-10-06 17:55:23"
800000,linear_probing,search,1,43,0.018759715,1607834,"load_factor=0.7000;avg_probes=2.17;max_cluster=137;probes=1607834","INOVAI-NB-8","CPU info","GCC 13.3.0","2025-10-06 17:55:23"
800000,double_hashing,search,1,43,0.023718822,1308159,"load_factor=0.7000;avg_probes=1.74;max_cluster=33;probes=1308159","INOVAI-NB-8","CPU info","GCC 13.3.0","2025-10-06 17:55:23"
800000,linear_probing,search,2,44,0.017783007,1604541,"load_factor=0.7000;avg_probes=2.16;max_cluster=149;probes=1604541","INOVAI-NB-8","CPU info","GCC 13.3.0","2025-10-06 17:55:23"
800000,double_hashing,search,2,44,0.022165299,1307721,"load_factor=0.7000;avg_probes=1.74;max_cluster=35;probes=1307721","INOVAI-NB-8","CPU info","GCC 13.3.0","2025-10-06 17:55:23"
800000,linear_probing,search,3,45,0.016336772,1611744,"load_factor=0.7000;avg_probes=2.17;max_cluster=130;probes=1611744","INOVAI-NB-8","CPU info","GCC 13.3.0","2025-10-06 17:55:23"
800000,double_hashing,search,3,45,0.026450647,1308102,"load_factor=0.7000;avg_probes=1.74;max_cluster=40;probes=1308102","INOVAI-NB-8","CPU info","GCC 13.3.0","2025-10-06 17:55:23"
800000,linear_probing,search,4,46,0.023446462,1604197,"load_factor=0.7000;avg_probes=2.16;max_cluster=149;probes=1604197","INOVAI-NB-8","CPU info","GCC 13.3.0","2025-10-06 17:55:23"
800000,double_hashing,search,4,46,0.027007457,1307165,"load_factor=0.7000;avg_probes=1.74;max_cluster=36;probes=1307165","INOVAI-NB-8","CPU info","GCC 13.3.0","2025-10-06 17:55:23"
900000,linear_probing,search,0,42,0.021514784,1797462,"load_factor=0.7000;avg_probes=2.15;max_cluster=153;probes=1797462","INOVAI-NB-8","CPU info","GCC 13.3.0","2025-10-06 17:55:23"
900000,double_hashing,search,0,42,0.031679531,1473201,"load_factor=0.7000;avg_probes=1.74;max_cluster=35;probes=1473201","INOVAI-NB-8","CPU info","GCC 13.3.0","2025-10-06 17:55:23"
900000,linear_probing,search,1,43,0.022250405,1810601,"load_factor=0.7000;avg_probes=2.17;max_cluster=153;probes=1810601","INOVAI-NB-8","CPU info","GCC 13.3.0","2025-10-06 17:55:23"
900000,double_hashing,search,1,43,0.025851460,1473132,"load_factor=0.7000;avg_probes=1.74;max_cluster=40;probes=1473132","INOVAI-NB-8","CPU info","GCC 13.3.0","2025-10-06 17:55:23"
900000,linear_probing,search,2,44,0.019228890,1805588,"load_factor=0.7000;avg_probes=2.17;max_cluster=126;probes=1805588","INOVAI-NB-8","CPU info","GCC 13.3.0","2025-10-06 17:55:23"
900000,double_hashing,search,2,44,0.029812098,1472873,"load_factor=0.7000;avg_probes=1.74;max_cluster=42;probes=1472873","INOVAI-NB-8","CPU info","GCC 13.3.0","2025-10-06 17:55:23"
900000,linear_probing,search,3,45,0.019706514,1813625,"load_factor=0.7000;avg_probes=2.18;max_cluster=129;probes=1813625","INOVAI-NB-8","CPU info","GCC 13.3.0","2025-10-06 17:55:23"
900000,double_hashing,search,3,45,0.026047567,1473867,"load_factor=0.7000;avg_probes=1.74;max_cluster=37;probes=1473867","INOVAI-NB-8","CPU info","GCC 13.3.0","2025-10-06 17:55:23"
900000,linear_probing,search,4,46,0.020066361,1805523,"load_factor=0.7000;avg_probes=2.17;max_cluster=177;probes=1805523","INOVAI-NB-8","CPU info","GCC 13.3.0","2025-10-06 17:55:23"
900000,double_hashing,search,4,46,0.029259853,1474095,"load_factor=0.7000;avg_probes=1.74;max_cluster=36;probes=1474095","INOVAI-NB-8","CPU info","GCC 13.3.0","2025-10-06 17:55:23"
1000000,linear_probing,search,0,42,0.021630961,1996646,"load_factor=0.7000;avg_probes=2.15;max_cluster=123;probes=1996646","INOVAI-NB-8","CPU info","GCC 13.3.0","2025-10-06 17:55:23"
1000000,double_hashing,search,0,42,0.031064431,1633298,"load_factor=0.7000;avg_probes=1.74;max_cluster=36;probes=1633298","INOVAI-NB-8","CPU info","GCC 13.3.0","2025-10-06 17:55:23"
1000000,linear_probing,search,1,43,0.025854726,2015441,"load_factor=0.7000;avg_probes=2.18;max_cluster=137;probes=2015441","INOVAI-NB-8","CPU info","GCC 13.3.0","2025-10-06 17:55:23"
1000000,double_hashing,search,1,43,0.027202644,1634943,"load_factor=0.7000;avg_probes=1.74;max_cluster=38;probes=1634943","INOVAI-NB-8","CPU info","GCC 13.3.0","2025-10-06 17:55:23"
1000000,linear_probing,search,2,44,0.023628563,2001613,"load_factor=0.7000;avg_probes=2.16;max_cluster=123;probes=2001613","INOVAI-NB-8","CPU info","GCC 13.3.0","2025-10-06 17:55:23"
1000000,double_hashing,search,2,44,0.028492530,1634422,"load_factor=0.7000;avg_probes=1.74;max_cluster=37;probes=1634422","INOVAI-NB-8","CPU info","GCC 13.3.0","2025-10-06 17:55:23"
1000000,linear_probing,search,3,45,0.023501711,2012176,"load_factor=0.7000;avg_probes=2.17;max_cluster=141;probes=2012176","INOVAI-NB-8","CPU info","GCC 13.3.0","2025-10-06 17:55:23"
1000000,double_hashing,search,3,45,0.030767574,1635724,"load_factor=0.7000;avg_probes=1.74;max_cluster=36;probes=1635724","INOVAI-NB-8","CPU info","GCC 13.3.0","2025-10-06 17:55:23"
1000000,linear_probing,search,4,46,0.027233999,2002606,"load_factor=0.7000;avg_probes=2.16;max_cluster=130;probes=2002606","INOVAI-NB-8","CPU info","GCC 13.3.0","2025-10-06 17:55:23"
1000000,double_hashing,search,4,46,0.028116190,1632994,"load_factor=0.7000;avg_probes=1.73;max_cluster=37;probes=1632994","INOVAI-NB-8","CPU info","GCC 13.3.0","2025-10-06 17:55:23"
1000,linear_probing,search_miss,0,42,0.000027497,4508,"load_factor=0.7003;avg_probes=2.12;max_cluster=31;probes=4508","INOVAI-NB-8","CPU info","GCC 13.3.0","2025-10-06 17:55:23"
1000,double_hashing,search_miss,0,42,0.000040234,10185,"load_factor=0.7003;avg_probes=1.79;max_cluster=18;probes=10185","INOVAI-NB-8","CPU info","GCC 13.3.0","2025-10-06 17:55:23"
1000,linear_probing,search_miss,1,43,0.000026249,4423,"load_factor=0.7003;avg_probes=1.94;max_cluster=41;probes=4423","INOVAI-NB-8","CPU info","GCC 13.3.0","2025-10-06 17:55:23"
1000,double_hashing,search_miss,1,43,0.000034588,7373,"load_factor=0.7003;avg_probes=1.76;max_cluster=14;probes=7373","INOVAI-NB-8","CPU info","GCC 13.3.0","2025-10-06 17:55:23"
1000,linear_probing,search_miss,2,44,0.000026748,4864,"load_factor=0.7003;avg_probes=2.08;max_cluster=40;probes=4864","INOVAI-NB-8","CPU info","GCC 13.3.0","2025-10-06 17:55:23"
1000,double_hashing,search_miss,2,44,0.000029332,4390,"load_factor=0.7003;avg_probes=1.73;max_cluster=15;probes=4390","INOVAI-NB-8","CPU info","GCC 13.3.0","2025-10-06 17:55:23"
1000,linear_probing,search_miss,3,45,0.000030233,6066,"load_factor=0.7003;avg_probes=2.26;max_cluster=47;probes=6066","INOVAI-NB-8","CPU info","GCC 13.3.0","2025-10-06 17:55:23"
1000,double_hashing,search_miss,3,45,0.000026783,3046,"load_factor=0.6996;avg_probes=1.77;max_cluster=16;probes=3046","INOVAI-NB-8","CPU info","GCC 13.3.0","2025-10-06 17:55:23"
1000,linear_probing,search_miss,4,46,0.000028671,5412,"load_factor=0.7003;avg_probes=2.08;max_cluster=45;probes=5412","INOVAI-NB-8","CPU info","GCC 13.3.0","2025-10-06 17:55:23"
1000,double_hashing,search_miss,4,46,0.000046052,11720,"load_factor=0.6996;avg_probes=1.77;max_cluster=16;probes=11720","INOVAI-NB-8","CPU info","GCC 13.3.0","2025-10-06 17:55:23"
2000,linear_probing,search_miss,0,42,0.000066337,13262,"load_factor=0.7000;avg_probes=2.24;max_cluster=65;probes=13262","INOVAI-NB-8","CPU info","GCC 13.3.0","2025-10-06 17:55:23"
2000,double_hashing,search_miss,0,42,0.000054071,6141,"load_factor=0.7000;avg_probes=1.79;max_cluster=17;probes=6141","INOVAI-NB-8","CPU info","GCC 13.3.0","2025-10-06 17:55:23"
2000,linear_probing,search_miss,1,43,0.000056475,9816,"load_factor=0.7000;avg_probes=1.98;max_cluster=49;probes=9816","INOVAI-NB-8","CPU info","GCC 13.3.0","2025-10-06 17:55:23"
2000,double_hashing,search_miss,1,43,0.000054387,6083,"load_factor=0.7000;avg_probes=1.75;max_cluster=17;probes=6083","INOVAI-NB-8","CPU info","GCC 13.3.0","2025-10-06 17:55:23"
2000,linear_probing,search_miss,2,44,0.000059760,10996,"load_factor=0.7000;avg_probes=2.16;max_cluster=68;probes=10996","INOVAI-NB-8","CPU info","GCC 13.3.0","2025-10-06 17:55:23"
2000,double_hashing,search_miss,2,44,0.000055324,6321,"load_factor=0.7000;avg_probes=1.77;max_cluster=18;probes=6321","INOVAI-NB-8","CPU info","GCC 13.3.0","2025-10-06 17:55:23"
2000,linear_probing,search_miss,3,45,0.000061321,10158,"load_factor=0.7000;avg_probes=2.06;max_cluster=59;probes=10158","INOVAI-NB-8","CPU info","GCC 13.3.0","2025-10-06 17:55:23"
2000,double_hashing,search_miss,3,45,0.000054176,5939,"load_factor=0.7000;avg_probes=1.75;max_cluster=20;probes=5939","INOVAI-NB-8","CPU info","GCC 13.3.0","2025-10-06 17:55:23"
2000,linear_probing,search_miss,4,46,0.000059858,9597,"load_factor=0.7000;avg_probes=2.03;max_cluster=37;probes=9597","INOVAI-NB-8","CPU info","GCC 13.3.0","2025-10-06 17:55:23"
2000,double_hashing,search_miss,4,46,0.000060699,6081,"load_factor=0.7000;avg_probes=1.72;max_cluster=17;probes=6081","INOVAI-NB-8","CPU info","GCC 13.3.0","2025-10-06 17:55:23"
3000,linear_probing,search_miss,0,42,0.000115923,17406,"load_factor=0.7001;avg_probes=2.33;max_cluster=95;probes=17406","INOVAI-NB-8","CPU info","GCC 13.3.0","2025-10-06 17:55:23"
3000,double_hashing,search_miss,0,42,0.000082173,9384,"load_factor=0.7001;avg_probes=1.78;max_cluster=19;probes=9384","INOVAI-NB-8","CPU info","GCC 13.3.0","2025-10-06 17:55:23"
3000,linear_probing,search_miss,1,43,0.000085116,14917,"load_factor=0.7001;avg_probes=2.11;max_cluster=43;probes=14917","INOVAI-NB-8","CPU info","GCC 13.3.0","2025-10-06 17:55:23"
3000,double_hashing,search_miss,1,43,0.000081987,8976,"load_factor=0.7001;avg_probes=1.73;max_cluster=33;probes=8976","INOVAI-NB-8","CPU info","GCC 13.3.0","2025-10-06 17:55:23"
3000,linear_probing,search_miss,2,44,0.000088980,16541,"load_factor=0.7001;avg_probes=2.13;max_cluster=70;probes=16541","INOVAI-NB-8","CPU info","GCC 13.3.0","2025-10-06 17:55:23"
3000,double_hashing,search_miss,2,44,0.000100120,18056,"load_factor=0.7001;avg_probes=1.73;max_cluster=24;probes=18056","INOVAI-NB-8","CPU info","GCC 13.3.0","2025-10-06 17:55:23"
3000,linear_probing,search_miss,3,45,0.000086208,15447,"load_factor=0.7001;avg_probes=2.15;max_cluster=61;probes=15447","INOVAI-NB-8","CPU info","GCC 13.3.0","2025-10-06 17:55:23"
3000,double_hashing,search_miss,3,45,0.000081957,9209,"load_factor=0.7001;avg_probes=1.70;max_cluster=28;probes=9209","INOVAI-NB-8","CPU info","GCC 13.3.0","2025-10-06 17:55:23"
3000,linear_probing,search_miss,4,46,0.000086563,15620,"load_factor=0.7001;avg_probes=2.17;max_cluster=63;probes=15620","INOVAI-NB-8","CPU info","GCC 13.3.0","2025-10-06 17:55:23"
3000,double_hashing,search_miss,4,46,0.000081808,9185,"load_factor=0.6999;avg_probes=1.77;max_cluster=19;probes=9185","INOVAI-NB-8","CPU info","GCC 13.3.0","2025-10-06 17:55:23"
4000,linear_probing,search_miss,0,42,0.000126440,24829,"load_factor=0.7000;avg_probes=2.35;max_cluster=120;probes=24829","INOVAI-NB-8","CPU info","GCC 13.3.0","2025-10-06 17:55:23"
4000,double_hashing,search_miss,0,42,0.000109903,12408,"load_factor=0.7000;avg_probes=1.76;max_cluster=25;probes=12408","INOVAI-NB-8","CPU info","GCC 13.3.0","2025-10-06 17:55:23"
4000,linear_probing,search_miss,1,43,0.000113840,20013,"load_factor=0.7000;avg_probes=2.06;max_cluster=54;probes=20013","INOVAI-NB-8","CPU info","GCC 13.3.0","2025-10-06 17:55:23"
4000,double_hashing,search_miss,1,43,0.000109221,12175,"load_factor=0.7000;avg_probes=1.71;max_cluster=36;probes=12175","INOVAI-NB-8","CPU info","GCC 13.3.0","2025-10-06 17:55:23"
4000,linear_probing,search_miss,2,44,0.000117611,21544,"load_factor=0.7000;avg_probes=2.13;max_cluster=71;probes=21544","INOVAI-NB-8","CPU info","GCC 13.3.0","2025-10-06 17:55:23"
4000,double_hashing,search_miss,2,44,0.000145893,23708,"load_factor=0.6999;avg_probes=1.76;max_cluster=19;probes=23708","INOVAI-NB-8","CPU info","GCC 13.3.0","2025-10-06 17:55:23"
4000,linear_probing,search_miss,3,45,0.000129709,20948,"load_factor=0.7000;avg_probes=2.13;max_cluster=56;probes=20948","INOVAI-NB-8","CPU info","GCC 13.3.0","2025-10-06 17:55:23"
4000,double_hashing,search_miss,3,45,0.000124897,18146,"load_factor=0.7000;avg_probes=1.75;max_cluster=23;probes=18146","INOVAI-NB-8","CPU info","GCC 13.3.0","2025-10-06 17:55:23"
4000,linear_probing,search_miss,4,46,0.000116767,20091,"load_factor=0.7000;avg_probes=2.13;max_cluster=65;probes=20091","INOVAI-NB-8","CPU info","GCC 13.3.0","2025-10-06 17:55:23"
4000,double_hashing,search_miss,4,46,0.000118813,12143,"load_factor=0.7000;avg_probes=1.77;max_cluster=17;probes=12143","INOVAI-NB-8","CPU info","GCC 13.3.0","2025-10-06 17:55:23"
5000,linear_probing,search_miss,0,42,0.000422324,32141,"load_factor=0.7001;avg_probes=2.35;max_cluster=132;probes=32141","INOVAI-NB-8","CPU info","GCC 13.3.0","2025-10-06 17:55:23"
5000,double_hashing,search_miss,0,42,0.000198653,15227,"load_factor=0.6998;avg_probes=1.74;max_cluster=24;probes=15227","INOVAI-NB-8","CPU info","GCC 13.3.0","2025-10-06 17:55:23"
5000,linear_probing,search_miss,1,43,0.000144536,24565,"load_factor=0.7001;avg_probes=2.11;max_cluster=60;probes=24565","INOVAI-NB-8","CPU info","GCC 13.3.0","2025-10-06 17:55:23"
5000,double_hashing,search_miss,1,43,0.000169605,22254,"load_factor=0.7001;avg_probes=1.71;max_cluster=17;probes=22254","INOVAI-NB-8","CPU info","GCC 13.3.0","2025-10-06 17:55:23"
5000,linear_probing,search_miss,2,44,0.000163169,28557,"load_factor=0.7001;avg_probes=2.13;max_cluster=71;probes=28557","INOVAI-NB-8","CPU info","GCC 13.3.0","2025-10-06 17:55:23"
5000,double_hashing,search_miss,2,44,0.000141771,15729,"load_factor=0.7001;avg_probes=1.75;max_cluster=25;probes=15729","INOVAI-NB-8","CPU info","GCC 13.3.0","2025-10-06 17:55:23"
5000,linear_probing,search_miss,3,45,0.000145400,24481,"load_factor=0.7001;avg_probes=2.17;max_cluster=59;probes=24481","INOVAI-NB-8","CPU info","GCC 13.3.0","2025-10-06 17:55:23"
5000,double_hashing,search_miss,3,45,0.000141086,15409,"load_factor=0.7001;avg_probes=1.75;max_cluster=24;probes=15409","INOVAI-NB-8","CPU info","GCC 13.3.0","2025-10-06 17:55:23"
5000,linear_probing,search_miss,4,46,0.000152085,27140,"load_factor=0.7001;avg_probes=2.11;max_cluster=91;probes=27140","INOVAI-NB-8","CPU info","GCC 13.3.0","2025-10-06 17:55:23"
5000,double_hashing,search_miss,4,46,0.000686421,15433,"load_factor=0.7001;avg_probes=1.73;max_cluster=22;probes=15433","INOVAI-NB-8","CPU info","GCC 13.3.0","2025-10-06 17:55:23"
6000,linear_probing,search_miss,0,42,0.000191141,36489,"load_factor=0.7000;avg_probes=2.31;max_cluster=98;probes=36489","INOVAI-NB-8","CPU info","GCC 13.3.0","2025-10-06 17:55:23"
6000,double_hashing,search_miss,0,42,0.000144918,18505,"load_factor=0.7000;avg_probes=1.75;max_cluster=22;probes=18505","INOVAI-NB-8","CPU info","GCC 13.3.0","2025-10-06 17:55:23"
6000,linear_probing,search_miss,1,43,0.000166877,30134,"load_factor=0.7000;avg_probes=2.09;max_cluster=66;probes=30134","INOVAI-NB-8","CPU info","GCC 13.3.0","2025-10-06 17:55:23"
6000,double_hashing,search_miss,1,43,0.000143907,18357,"load_factor=0.7000;avg_probes=1.74;max_cluster=25;probes=18357","INOVAI-NB-8","CPU info","GCC 13.3.0","2025-10-06 17:55:23"
6000,linear_probing,search_miss,2,44,0.000170653,32064,"load_factor=0.7000;avg_probes=2.14;max_cluster=89;probes=32064","INOVAI-NB-8","CPU info","GCC 13.3.0","2025-10-06 17:55:23"
6000,double_hashing,search_miss,2,44,0.000167752,18428,"load_factor=0.7000;avg_probes=1.72;max_cluster=23;probes=18428","INOVAI-NB-8","CPU info","GCC 13.3.0","2025-10-06 17:55:23"
6000,linear_probing,search_miss,3,45,0.000164900,30304,"load_factor=0.7000;avg_probes=2.15;max_cluster=70;probes=30304","INOVAI-NB-8","CPU info","GCC 13.3.0","2025-10-06 17:55:23"
6000,double_hashing,search_miss,3,45,0.000151106,18527,"load_factor=0.7000;avg_probes=1.74;max_cluster=25;probes=18527","INOVAI-NB-8","CPU info","GCC 13.3.0","2025-10-06 17:55:23"
6000,linear_probing,search_miss,4,46,0.000169854,30206,"load_factor=0.7000;avg_probes=2.16;max_cluster=71;probes=30206","INOVAI-NB-8","CPU info","GCC 13.3.0","2025-10-06 17:55:23"
6000,double_hashing,search_miss,4,46,0.000154102,18876,"load_factor=0.7000;avg_probes=1.74;max_cluster=21;probes=18876","INOVAI-NB-8","CPU info","GCC 13.3.0","2025-10-06 17:55:23"
7000,linear_probing,search_miss,0,42,0.000222203,40865,"load_factor=0.7000;avg_probes=2.28;max_cluster=103;probes=40865","INOVAI-NB-8","CPU info","GCC 13.3.0","2025-10-06 17:55:23"
7000,double_hashing,search_miss,0,42,0.000193239,21376,"load_factor=0.7000;avg_probes=1.75;max_cluster=24;probes=21376","INOVAI-NB-8","CPU info","GCC 13.3.0","2025-10-06 17:55:23"
7000,linear_probing,search_miss,1,43,0.000199469,33901,"load_factor=0.7000;avg_probes=2.12;max_cluster=89;probes=33901","INOVAI-NB-8","CPU info","GCC 13.3.0","2025-10-06 17:55:23"
7000,double_hashing,search_miss,1,43,0.000203571,21512,"load_factor=0.7000;avg_probes=1.75;max_cluster=24;probes=21512","INOVAI-NB-8","CPU info","GCC 13.3.0","2025-10-06 17:55:23"
7000,linear_probing,search_miss,2,44,0.000224502,38758,"load_factor=0.7000;avg_probes=2.14;max_cluster=69;probes=38758","INOVAI-NB-8","CPU info","GCC 13.3.0","2025-10-06 17:55:23"
7000,double_hashing,search_miss,2,44,0.000202773,21505,"load_factor=0.6998;avg_probes=1.73;max_cluster=27;probes=21505","INOVAI-NB-8","CPU info","GCC 13.3.0","2025-10-06 17:55:23"
7000,linear_probing,search_miss,3,45,0.000210849,36175,"load_factor=0.7000;avg_probes=2.23;max_cluster=54;probes=36175","INOVAI-NB-8","CPU info","GCC 13.3.0","2025-10-06 17:55:23"
7000,double_hashing,search_miss,3,45,0.000203073,21503,"load_factor=0.7000;avg_probes=1.74;max_cluster=28;probes=21503","INOVAI-NB-8","CPU info","GCC 13.3.0","2025-10-06 17:55:23"
7000,linear_probing,search_miss,4,46,0.000211791,35825,"load_factor=0.7000;avg_probes=2.09;max_cluster=59;probes=35825","INOVAI-NB-8","CPU info","GCC 13.3.0","2025-10-06 17:55:23"
7000,double_hashing,search_miss,4,46,0.000209975,21813,"load_factor=0.7000;avg_probes=1.76;max_cluster=19;probes=21813","INOVAI-NB-8","CPU info","GCC 13.3.0","2025-10-06 17:55:23"
8000,linear_probing,search_miss,0,42,0.000244892,43354,"load_factor=0.7000;avg_probes=2.24;max_cluster=76;probes=43354","INOVAI-NB-8","CPU info","GCC 13.3.0","2025-10-06 17:55:23"
8000,double_hashing,search_miss,0,42,0.000238378,24850,"load_factor=0.7000;avg_probes=1.75;max_cluster=29;probes=24850","INOVAI-NB-8","CPU info","GCC 13.3.0","2025-10-06 17:55:23"
8000,linear_probing,search_miss,1,43,0.000250372,42367,"load_factor=0.7000;avg_probes=2.14;max_cluster=74;probes=42367","INOVAI-NB-8","CPU info","GCC 13.3.0","2025-10-06 17:55:23"
8000,double_hashing,search_miss,1,43,0.000238142,24598,"load_factor=0.7000;avg_probes=1.74;max_cluster=28;probes=24598","INOVAI-NB-8","CPU info","GCC 13.3.0","2025-10-06 17:55:23"
8000,linear_probing,search_miss,2,44,0.000257234,40839,"load_factor=0.7000;avg_probes=2.16;max_cluster=62;probes=40839","INOVAI-NB-8","CPU info","GCC 13.3.0","2025-10-06 17:55:23"
8000,double_hashing,search_miss,2,44,0.000299535,47820,"load_factor=0.7000;avg_probes=1.74;max_cluster=28;probes=47820","INOVAI-NB-8","CPU info","GCC 13.3.0","2025-10-06 17:55:23"
8000,linear_probing,search_miss,3,45,0.000256935,42295,"load_factor=0.7000;avg_probes=2.23;max_cluster=57;probes=42295","INOVAI-NB-8","CPU info","GCC 13.3.0","2025-10-06 17:55:23"
8000,double_hashing,search_miss,3,45,0.000236970,24650,"load_factor=0.7000;avg_probes=1.75;max_cluster=18;probes=24650","INOVAI-NB-8","CPU info","GCC 13.3.0","2025-10-06 17:55:23"
8000,linear_probing,search_miss,4,46,0.000264586,42022,"load_factor=0.7000;avg_probes=2.15;max_cluster=64;probes=42022","INOVAI-NB-8","CPU info","GCC 13.3.0","2025-10-06 17:55:23"
8000,double_hashing,search_miss,4,46,0.000232142,25051,"load_factor=0.7000;avg_probes=1.74;max_cluster=20;probes=25051","INOVAI-NB-8","CPU info","GCC 13.3.0","2025-10-06 17:55:23"
9000,linear_probing,search_miss,0,42,0.000284295,52979,"load_factor=0.7000;avg_probes=2.32;max_cluster=117;probes=52979","INOVAI-NB-8","CPU info","GCC 13.3.0","2025-10-06 17:55:23"
9000,double_hashing,search_miss,0,42,0.000272146,27700,"load_factor=0.7000;avg_probes=1.75;max_cluster=32;probes=27700","INOVAI-NB-8","CPU info","GCC 13.3.0","2025-10-06 17:55:23"
9000,linear_probing,search_miss,1,43,0.000272561,47850,"load_factor=0.7000;avg_probes=2.14;max_cluster=109;probes=47850","INOVAI-NB-8","CPU info","GCC 13.3.0","2025-10-06 17:55:23"
9000,double_hashing,search_miss,1,43,0.000262431,27695,"load_factor=0.7000;avg_probes=1.73;max_cluster=24;probes=27695","INOVAI-NB-8","CPU info","GCC 13.3.0","2025-10-06 17:55:23"
9000,linear_probing,search_miss,2,44,0.000272629,46595,"load_factor=0.7000;avg_probes=2.11;max_cluster=77;probes=46595","INOVAI-NB-8","CPU info","GCC 13.3.0","2025-10-06 17:55:23"
9000,double_hashing,search_miss,2,44,0.000264727,28062,"load_factor=0.7000;avg_probes=1.77;max_cluster=24;probes=28062","INOVAI-NB-8","CPU info","GCC 13.3.0","2025-10-06 17:55:23"
9000,linear_probing,search_miss,3,45,0.000275824,49320,"load_factor=0.7000;avg_probes=2.23;max_cluster=61;probes=49320","INOVAI-NB-8","CPU info","GCC 13.3.0","2025-10-06 17:55:23"
9000,double_hashing,search_miss,3,45,0.000265857,27639,"load_factor=0.7000;avg_probes=1.75;max_cluster=25;probes=27639","INOVAI-NB-8","CPU info","GCC 13.3.0","2025-10-06 17:55:23"
9000,linear_probing,search_miss,4,46,0.000275180,46058,"load_factor=0.7000;avg_probes=2.16;max_cluster=54;probes=46058","INOVAI-NB-8","CPU info","GCC 13.3.0","2025-10-06 17:55:23"
9000,double_hashing,search_miss,4,46,0.000276234,27634,"load_factor=0.7000;avg_probes=1.73;max_cluster=26;probes=27634","INOVAI-NB-8","CPU info","GCC 13.3.0","2025-10-06 17:55:23"
10000,linear_probing,search_miss,0,42,0.000317179,56691,"load_factor=0.7000;avg_probes=2.26;max_cluster=74;probes=56691","INOVAI-NB-8","CPU info","GCC 13.3.0","2025-10-06 17:55:23"
10000,double_hashing,search_miss,0,42,0.000311311,30705,"load_factor=0.7000;avg_probes=1.74;max_cluster=25;probes=30705","INOVAI-NB-8","CPU info","GCC 13.3.0","2025-10-06 17:55:23"
10000,linear_probing,search_miss,1,43,0.000297729,50122,"load_factor=0.7000;avg_probes=2.12;max_cluster=64;probes=50122","INOVAI-NB-8","CPU info","GCC 13.3.0","2025-10-06 17:55:23"
10000,double_hashing,search_miss,1,43,0.000300886,30782,"load_factor=0.7000;avg_probes=1.74;max_cluster=24;probes=30782","INOVAI-NB-8","CPU info","GCC 13.3.0","2025-10-06 17:55:23"
10000,linear_probing,search_miss,2,44,0.000313141,50756,"load_factor=0.7000;avg_probes=2.12;max_cluster=72;probes=50756","INOVAI-NB-8","CPU info","GCC 13.3.0","2025-10-06 17:55:23"
10000,double_hashing,search_miss,2,44,0.000294961,30485,"load_factor=0.7000;avg_probes=1.74;max_cluster=29;probes=30485","INOVAI-NB-8","CPU info","GCC 13.3.0","2025-10-06 17:55:23"
10000,linear_probing,search_miss,3,45,0.000321278,52845,"load_factor=0.7000;avg_probes=2.17;max_cluster=62;probes=52845","INOVAI-NB-8","CPU info","GCC 13.3.0","2025-10-06 17:55:23"
10000,double_hashing,search_miss,3,45,0.000357813,44606,"load_factor=0.7000;avg_probes=1.75;max_cluster=23;probes=44606","INOVAI-NB-8","CPU info","GCC 13.3.0","2025-10-06 17:55:23"
10000,linear_probing,search_miss,4,46,0.000320499,52304,"load_factor=0.7000;avg_probes=2.14;max_cluster=77;probes=52304","INOVAI-NB-8","CPU info","GCC 13.3.0","2025-10-06 17:55:23"
10000,double_hashing,search_miss,4,46,0.000300079,30700,"load_factor=0.7000;avg_probes=1.74;max_cluster=27;probes=30700","INOVAI-NB-8","CPU info","GCC 13.3.0","2025-10-06 17:55:23"
20000,linear_probing,search_miss,0,42,0.000642862,107703,"load_factor=0.7000;avg_probes=2.17;max_cluster=85;probes=107703","INOVAI-NB-8","CPU info","GCC 13.3.0","2025-10-06 17:55:23"
20000,double_hashing,search_miss,0,42,0.000566043,61627,"load_factor=0.7000;avg_probes=1.73;max_cluster=31;probes=61627","INOVAI-NB-8","CPU info","GCC 13.3.0","2025-10-06 17:55:23"
20000,linear_probing,search_miss,1,43,0.000640029,109334,"load_factor=0.7000;avg_probes=2.17;max_cluster=84;probes=109334","INOVAI-NB-8","CPU info","GCC 13.3.0","2025-10-06 17:55:23"
20000,double_hashing,search_miss,1,43,0.000571010,61400,"load_factor=0.7000;avg_probes=1.74;max_cluster=26;probes=61400","INOVAI-NB-8","CPU info","GCC 13.3.0","2025-10-06 17:55:23"
20000,linear_probing,search_miss,2,44,0.000629227,107572,"load_factor=0.7000;avg_probes=2.14;max_cluster=95;probes=107572","INOVAI-NB-8","CPU info","GCC 13.3.0","2025-10-06 17:55:23"
20000,double_hashing,search_miss,2,44,0.000570736,61951,"load_factor=0.7000;avg_probes=1.72;max_cluster=26;probes=61951","INOVAI-NB-8","CPU info","GCC 13.3.0","2025-10-06 17:55:23"
20000,linear_probing,search_miss,3,45,0.000640544,107172,"load_factor=0.7000;avg_probes=2.17;max_cluster=82;probes=107172","INOVAI-NB-8","CPU info","GCC 13.3.0","2025-10-06 17:55:23"
20000,double_hashing,search_miss,3,45,0.000565308,61795,"load_factor=0.7000;avg_probes=1.73;max_cluster=23;probes=61795","INOVAI-NB-8","CPU info","GCC 13.3.0","2025-10-06 17:55:23"
20000,linear_probing,search_miss,4,46,0.000627518,103390,"load_factor=0.7000;avg_probes=2.16;max_cluster=71;probes=103390","INOVAI-NB-8","CPU info","GCC 13.3.0","2025-10-06 17:55:23"
20000,double_hashing,search_miss,4,46,0.000570714,61464,"load_factor=0.7000;avg_probes=1.73;max_cluster=27;probes=61464","INOVAI-NB-8","CPU info","GCC 13.3.0","2025-10-06 17:55:23"
30000,linear_probing,search_miss,0,42,0.000942581,157125,"load_factor=0.7000;avg_probes=2.15;max_cluster=94;probes=157125","INOVAI-NB-8","CPU info","GCC 13.3.0","2025-10-06 17:55:23"
30000,double_hashing,search_miss,0,42,0.000919861,92550,"load_factor=0.7000;avg_probes=1.73;max_cluster=29;probes=92550","INOVAI-NB-8","CPU info","GCC 13.3.0","2025-10-06 17:55:23"
30000,linear_probing,search_miss,1,43,0.000939273,155835,"load_factor=0.7000;avg_probes=2.13;max_cluster=103;probes=155835","INOVAI-NB-8","CPU info","GCC 13.3.0","2025-10-06 17:55:23"
30000,double_hashing,search_miss,1,43,0.000923378,92564,"load_factor=0.7000;avg_probes=1.72;max_cluster=26;probes=92564","INOVAI-NB-8","CPU info","GCC 13.3.0","2025-10-06 17:55:23"
30000,linear_probing,search_miss,2,44,0.000988001,159871,"load_factor=0.7000;avg_probes=2.16;max_cluster=128;probes=159871","INOVAI-NB-8","CPU info","GCC 13.3.0","2025-10-06 17:55:23"
30000,double_hashing,search_miss,2,44,0.000903614,93052,"load_factor=0.7000;avg_probes=1.75;max_cluster=25;probes=93052","INOVAI-NB-8","CPU info","GCC 13.3.0","2025-10-06 17:55:23"
30000,linear_probing,search_miss,3,45,0.000995207,164891,"load_factor=0.7000;avg_probes=2.22;max_cluster=105;probes=164891","INOVAI-NB-8","CPU info","GCC 13.3.0","2025-10-06 17:55:23"
30000,double_hashing,search_miss,3,45,0.000902310,92110,"load_factor=0.7000;avg_probes=1.75;max_cluster=25;probes=92110","INOVAI-NB-8","CPU info","GCC 13.3.0","2025-10-06 17:55:23"
30000,linear_probing,search_miss,4,46,0.000979484,165786,"load_factor=0.7000;avg_probes=2.20;max_cluster=90;probes=165786","INOVAI-NB-8","CPU info","GCC 13.3.0","2025-10-06 17:55:23"
30000,double_hashing,search_miss,4,46,0.000930904,92416,"load_factor=0.7000;avg_probes=1.75;max_cluster=26;probes=92416","INOVAI-NB-8","CPU info","GCC 13.3.0","2025-10-06 17:55:23"
40000,linear_probing,search_miss,0,42,0.001262463,215175,"load_factor=0.7000;avg_probes=2.16;max_cluster=99;probes=215175","INOVAI-NB-8","CPU info","GCC 13.3.0","2025-10-06 17:55:23"
40000,double_hashing,search_miss,0,42,0.001228514,122757,"load_factor=0.7000;avg_probes=1.73;max_cluster=31;probes=122757","INOVAI-NB-8","CPU info","GCC 13.3.0","2025-10-06 17:55:23"
40000,linear_probing,search_miss,1,43,0.001404091,217787,"load_factor=0.7000;avg_probes=2.20;max_cluster=89;probes=217787","INOVAI-NB-8","CPU info","GCC 13.3.0","2025-10-06 17:55:23"
40000,double_hashing,search_miss,1,43,0.001257058,123103,"load_factor=0.7000;avg_probes=1.73;max_cluster=27;probes=123103","INOVAI-NB-8","CPU info","GCC 13.3.0","2025-10-06 17:55:23"
40000,linear_probing,search_miss,2,44,0.001368715,221375,"load_factor=0.7000;avg_probes=2.20;max_cluster=113;probes=221375","INOVAI-NB-8","CPU info","GCC 13.3.0","2025-10-06 17:55:23"
40000,double_hashing,search_miss,2,44,0.001265354,123029,"load_factor=0.7000;avg_probes=1.74;max_cluster=31;probes=123029","INOVAI-NB-8","CPU info","GCC 13.3.0","2025-10-06 17:55:23"
40000,linear_probing,search_miss,3,45,0.001380883,226069,"load_factor=0.7000;avg_probes=2.18;max_cluster=136;probes=226069","INOVAI-NB-8","CPU info","GCC 13.3.0","2025-10-06 17:55:23"
40000,double_hashing,search_miss,3,45,0.001216359,122723,"load_factor=0.7000;avg_probes=1.74;max_cluster=35;probes=122723","INOVAI-NB-8","CPU info","GCC 13.3.0","2025-10-06 17:55:23"
40000,linear_probing,search_miss,4,46,0.001272366,215672,"load_factor=0.7000;avg_probes=2.17;max_cluster=88;probes=215672","INOVAI-NB-8","CPU info","GCC 13.3.0","2025-10-06 17:55:23"
40000,double_hashing,search_miss,4,46,0.001297962,123514,"load_factor=0.7000;avg_probes=1.73;max_cluster=33;probes=123514","INOVAI-NB-8","CPU info","GCC 13.3.0","2025-10-06 17:55:23"
50000,linear_probing,search_miss,0,42,0.001589688,264299,"load_factor=0.7000;avg_probes=2.14;max_cluster=80;probes=264299","INOVAI-NB-8","CPU info","GCC 13.3.0","2025-10-06 17:55:23"
50000,double_hashing,search_miss,0,42,0.001904366,226081,"load_factor=0.7000;avg_probes=1.73;max_cluster=31;probes=226081","INOVAI-NB-8","CPU info","GCC 13.3.0","2025-10-06 17:55:23"
50000,linear_probing,search_miss,1,43,0.001876259,270256,"load_factor=0.7000;avg_probes=2.18;max_cluster=95;probes=270256","INOVAI-NB-8","CPU info","GCC 13.3.0","2025-10-06 17:55:23"
50000,double_hashing,search_miss,1,43,0.001497237,153503,"load_factor=0.7000;avg_probes=1.74;max_cluster=26;probes=153503","INOVAI-NB-8","CPU info","GCC 13.3.0","2025-10-06 17:55:23"
50000,linear_probing,search_miss,2,44,0.001902799,279700,"load_factor=0.7000;avg_probes=2.21;max_cluster=144;probes=279700","INOVAI-NB-8","CPU info","GCC 13.3.0","2025-10-06 17:55:23"
50000,double_hashing,search_miss,2,44,0.001691267,154279,"load_factor=0.7000;avg_probes=1.76;max_cluster=28;probes=154279","INOVAI-NB-8","CPU info","GCC 13.3.0","2025-10-06 17:55:23"
50000,linear_probing,search_miss,3,45,0.001620598,267632,"load_factor=0.7000;avg_probes=2.16;max_cluster=118;probes=267632","INOVAI-NB-8","CPU info","GCC 13.3.0","2025-10-06 17:55:23"
50000,double_hashing,search_miss,3,45,0.001656063,154882,"load_factor=0.7000;avg_probes=1.74;max_cluster=36;probes=154882","INOVAI-NB-8","CPU info","GCC 13.3.0","2025-10-06 17:55:23"
50000,linear_probing,search_miss,4,46,0.001724639,273569,"load_factor=0.7000;avg_probes=2.20;max_cluster=95;probes=273569","INOVAI-NB-8","CPU info","GCC 13.3.0","2025-10-06 17:55:23"
50000,double_hashing,search_miss,4,46,0.002207501,225625,"load_factor=0.7000;avg_probes=1.75;max_cluster=25;probes=225625","INOVAI-NB-8","CPU info","GCC 13.3.0","2025-10-06 17:55:23"
60000,linear_probing,search_miss,0,42,0.001800543,311420,"load_factor=0.7000;avg_probes=2.12;max_cluster=72;probes=311420","INOVAI-NB-8","CPU info","GCC 13.3.0","2025-10-06 17:55:23"
60000,double_hashing,search_miss,0,42,0.002263640,270869,"load_factor=0.7000;avg_probes=1.75;max_cluster=30;probes=270869","INOVAI-NB-8","CPU info","GCC 13.3.0","2025-10-06 17:55:23"
60000,linear_probing,search_miss,1,43,0.002046937,329795,"load_factor=0.7000;avg_probes=2.15;max_cluster=117;probes=329795","INOVAI-NB-8","CPU info","GCC 13.3.0","2025-10-06 17:55:23"
60000,double_hashing,search_miss,1,43,0.001706060,184004,"load_factor=0.7000;avg_probes=1.75;max_cluster=28;probes=184004","INOVAI-NB-8","CPU info","GCC 13.3.0","2025-10-06 17:55:23"
60000,linear_probing,search_miss,2,44,0.001942987,339617,"load_factor=0.7000;avg_probes=2.21;max_cluster=159;probes=339617","INOVAI-NB-8","CPU info","GCC 13.3.0","2025-10-06 17:55:23"
60000,double_hashing,search_miss,2,44,0.002408971,357231,"load_factor=0.7000;avg_probes=1.75;max_cluster=31;probes=357231","INOVAI-NB-8","CPU info","GCC 13.3.0","2025-10-06 17:55:23"
60000,linear_probing,search_miss,3,45,0.002059273,326659,"load_factor=0.7000;avg_probes=2.18;max_cluster=114;probes=326659","INOVAI-NB-8","CPU info","GCC 13.3.0","2025-10-06 17:55:23"
60000,double_hashing,search_miss,3,45,0.001943137,185946,"load_factor=0.7000;avg_probes=1.74;max_cluster=31;probes=185946","INOVAI-NB-8","CPU info","GCC 13.3.0","2025-10-06 17:55:23"
60000,linear_probing,search_miss,4,46,0.001994765,326919,"load_factor=0.7000;avg_probes=2.19;max_cluster=95;probes=326919","INOVAI-NB-8","CPU info","GCC 13.3.0","2025-10-06 17:55:23"
60000,double_hashing,search_miss,4,46,0.002030372,271468,"load_factor=0.7000;avg_probes=1.74;max_cluster=26;probes=271468","INOVAI-NB-8","CPU info","GCC 13.3.0","2025-10-06 17:55:23"
70000,linear_probing,search_miss,0,42,0.002364783,372975,"load_factor=0.7000;avg_probes=2.12;max_cluster=87;probes=372975","INOVAI-NB-8","CPU info","GCC 13.3.0","2025-10-06 17:55:23"
70000,double_hashing,search_miss,0,42,0.002394563,216699,"load_factor=0.7000;avg_probes=1.73;max_cluster=32;probes=216699","INOVAI-NB-8","CPU info","GCC 13.3.0","2025-10-06 17:55:23"
70000,linear_probing,search_miss,1,43,0.002372225,376795,"load_factor=0.7000;avg_probes=2.17;max_cluster=121;probes=376795","INOVAI-NB-8","CPU info","GCC 13.3.0","2025-10-06 17:55:23"
70000,double_hashing,search_miss,1,43,0.001975983,216120,"load_factor=0.7000;avg_probes=1.74;max_cluster=43;probes=216120","INOVAI-NB-8","CPU info","GCC 13.3.0","2025-10-06 17:55:23"
70000,linear_probing,search_miss,2,44,0.002359443,388247,"load_factor=0.7000;avg_probes=2.18;max_cluster=149;probes=388247","INOVAI-NB-8","CPU info","GCC 13.3.0","2025-10-06 17:55:23"
70000,double_hashing,search_miss,2,44,0.003324803,517122,"load_factor=0.7000;avg_probes=1.74;max_cluster=29;probes=517122","INOVAI-NB-8","CPU info","GCC 13.3.0","2025-10-06 17:55:23"
70000,linear_probing,search_miss,3,45,0.002636110,377080,"load_factor=0.7000;avg_probes=2.16;max_cluster=92;probes=377080","INOVAI-NB-8","CPU info","GCC 13.3.0","2025-10-06 17:55:23"
70000,double_hashing,search_miss,3,45,0.002367860,215082,"load_factor=0.7000;avg_probes=1.74;max_cluster=35;probes=215082","INOVAI-NB-8","CPU info","GCC 13.3.0","2025-10-06 17:55:23"
70000,linear_probing,search_miss,4,46,0.002376244,374180,"load_factor=0.7000;avg_probes=2.17;max_cluster=104;probes=374180","INOVAI-NB-8","CPU info","GCC 13.3.0","2025-10-06 17:55:23"
70000,double_hashing,search_miss,4,46,0.002302531,214722,"load_factor=0.7000;avg_probes=1.74;max_cluster=31;probes=214722","INOVAI-NB-8","CPU info","GCC 13.3.0","2025-10-06 17:55:23"
80000,linear_probing,search_miss,0,42,0.002769401,422015,"load_factor=0.7000;avg_probes=2.14;max_cluster=89;probes=422015","INOVAI-NB-8","CPU info","GCC 13.3.0","2025-10-06 17:55:23"
80000,double_hashing,search_miss,0,42,0.002960773,359384,"load_factor=0.7000;avg_probes=1.74;max_cluster=28;probes=359384","INOVAI-NB-8","CPU info","GCC 13.3.0","2025-10-06 17:55:23"
80000,linear_probing,search_miss,1,43,0.002476458,431773,"load_factor=0.7000;avg_probes=2.17;max_cluster=92;probes=431773","INOVAI-NB-8","CPU info","GCC 13.3.0","2025-10-06 17:55:23"
80000,double_hashing,search_miss,1,43,0.002603041,245323,"load_factor=0.7000;avg_probes=1.73;max_cluster=32;probes=245323","INOVAI-NB-8","CPU info","GCC 13.3.0","2025-10-06 17:55:23"
80000,linear_probing,search_miss,2,44,0.002927982,441148,"load_factor=0.7000;avg_probes=2.19;max_cluster=174;probes=441148","INOVAI-NB-8","CPU info","GCC 13.3.0","2025-10-06 17:55:23"
80000,double_hashing,search_miss,2,44,0.002410546,245780,"load_factor=0.7000;avg_probes=1.74;max_cluster=35;probes=245780","INOVAI-NB-8","CPU info","GCC 13.3.0","2025-10-06 17:55:23"
80000,linear_probing,search_miss,3,45,0.002538958,429941,"load_factor=0.7000;avg_probes=2.18;max_cluster=98;probes=429941","INOVAI-NB-8","CPU info","GCC 13.3.0","2025-10-06 17:55:23"
80000,double_hashing,search_miss,3,45,0.002695273,245944,"load_factor=0.7000;avg_probes=1.74;max_cluster=30;probes=245944","INOVAI-NB-8","CPU info","GCC 13.3.0","2025-10-06 17:55:23"
80000,linear_probing,search_miss,4,46,0.002650146,443714,"load_factor=0.7000;avg_probes=2.17;max_cluster=113;probes=443714","INOVAI-NB-8","CPU info","GCC 13.3.0","2025-10-06 17:55:23"
80000,double_hashing,search_miss,4,46,0.003502536,246439,"load_factor=0.7000;avg_probes=1.73;max_cluster=29;probes=246439","INOVAI-NB-8","CPU info","GCC 13.3.0","2025-10-06 17:55:23"
90000,linear_probing,search_miss,0,42,0.002699063,481591,"load_factor=0.7000;avg_probes=2.15;max_cluster=89;probes=481591","INOVAI-NB-8","CPU info","GCC 13.3.0","2025-10-06 17:55:23"
90000,double_hashing,search_miss,0,42,0.003575333,661315,"load_factor=0.7000;avg_probes=1.75;max_cluster=27;probes=661315","INOVAI-NB-8","CPU info","GCC 13.3.0","2025-10-06 17:55:23"
90000,linear_probing,search_miss,1,43,0.002812607,483636,"load_factor=0.7000;avg_probes=2.17;max_cluster=97;probes=483636","INOVAI-NB-8","CPU info","GCC 13.3.0","2025-10-06 17:55:23"
90000,double_hashing,search_miss,1,43,0.003297060,275733,"load_factor=0.7000;avg_probes=1.74;max_cluster=33;probes=275733","INOVAI-NB-8","CPU info","GCC 13.3.0","2025-10-06 17:55:23"
90000,linear_probing,search_miss,2,44,0.003073700,503485,"load_factor=0.7000;avg_probes=2.18;max_cluster=216;probes=503485","INOVAI-NB-8","CPU info","GCC 13.3.0","2025-10-06 17:55:23"
90000,double_hashing,search_miss,2,44,0.002958248,277730,"load_factor=0.7000;avg_probes=1.74;max_cluster=29;probes=277730","INOVAI-NB-8","CPU info","GCC 13.3.0","2025-10-06 17:55:23"
90000,linear_probing,search_miss,3,45,0.003070133,482237,"load_factor=0.7000;avg_probes=2.17;max_cluster=121;probes=482237","INOVAI-NB-8","CPU info","GCC 13.3.0","2025-10-06 17:55:23"
90000,double_hashing,search_miss,3,45,0.002906484,276790,"load_factor=0.7000;avg_probes=1.74;max_cluster=32;probes=276790","INOVAI-NB-8","CPU info","GCC 13.3.0","2025-10-06 17:55:23"
90000,linear_probing,search_miss,4,46,0.003105510,494530,"load_factor=0.7000;avg_probes=2.17;max_cluster=115;probes=494530","INOVAI-NB-8","CPU info","GCC 13.3.0","2025-10-06 17:55:23"
90000,double_hashing,search_miss,4,46,0.002906357,276362,"load_factor=0.7000;avg_probes=1.74;max_cluster=30;probes=276362","INOVAI-NB-8","CPU info","GCC 13.3.0","2025-10-06 17:55:23"
100000,linear_probing,search_miss,0,42,0.003788431,525234,"load_factor=0.7000;avg_probes=2.14;max_cluster=88;probes=525234","INOVAI-NB-8","CPU info","GCC 13.3.0","2025-10-06 17:55:23"
100000,double_hashing,search_miss,0,42,0.005148444,591916,"load_factor=0.7000;avg_probes=1.74;max_cluster=33;probes=591916","INOVAI-NB-8","CPU info","GCC 13.3.0","2025-10-06 17:55:23"
100000,linear_probing,search_miss,1,43,0.003445673,533497,"load_factor=0.7000;avg_probes=2.17;max_cluster=84;probes=533497","INOVAI-NB-8","CPU info","GCC 13.3.0","2025-10-06 17:55:23"
100000,double_hashing,search_miss,1,43,0.003806041,450034,"load_factor=0.7000;avg_probes=1.74;max_cluster=32;probes=450034","INOVAI-NB-8","CPU info","GCC 13.3.0","2025-10-06 17:55:23"
100000,linear_probing,search_miss,2,44,0.003176202,557782,"load_factor=0.7000;avg_probes=2.18;max_cluster=214;probes=557782","INOVAI-NB-8","CPU info","GCC 13.3.0","2025-10-06 17:55:23"
100000,double_hashing,search_miss,2,44,0.004040266,451189,"load_factor=0.7000;avg_probes=1.73;max_cluster=28;probes=451189","INOVAI-NB-8","CPU info","GCC 13.3.0","2025-10-06 17:55:23"
100000,linear_probing,search_miss,3,45,0.003347976,538580,"load_factor=0.7000;avg_probes=2.15;max_cluster=119;probes=538580","INOVAI-NB-8","CPU info","GCC 13.3.0","2025-10-06 17:55:23"
100000,double_hashing,search_miss,3,45,0.003594185,306590,"load_factor=0.7000;avg_probes=1.73;max_cluster=32;probes=306590","INOVAI-NB-8","CPU info","GCC 13.3.0","2025-10-06 17:55:23"
100000,linear_probing,search_miss,4,46,0.003053524,537284,"load_factor=0.7000;avg_probes=2.16;max_cluster=121;probes=537284","INOVAI-NB-8","CPU info","GCC 13.3.0","2025-10-06 17:55:23"
100000,double_hashing,search_miss,4,46,0.003459592,451729,"load_factor=0.7000;avg_probes=1.74;max_cluster=28;probes=451729","INOVAI-NB-8","CPU info","GCC 13.3.0","2025-10-06 17:55:23"
200000,linear_probing,search_miss,0,42,0.007493225,1058790,"load_factor=0.7000;avg_probes=2.17;max_cluster=96;probes=1058790","INOVAI-NB-8","CPU info","GCC 13.3.0","2025-10-06 17:55:23"
200000,double_hashing,search_miss,0,42,0.008550268,1189456,"load_factor=0.7000;avg_probes=1.74;max_cluster=31;probes=1189456","INOVAI-NB-8","CPU info","GCC 13.3.0","2025-10-06 17:55:23"
200000,linear_probing,search_miss,1,43,0.006905375,1086077,"load_factor=0.7000;avg_probes=2.18;max_cluster=128;probes=1086077","INOVAI-NB-8","CPU info","GCC 13.3.0","2025-10-06 17:55:23"
200000,double_hashing,search_miss,1,43,0.007328916,902845,"load_factor=0.7000;avg_probes=1.74;max_cluster=31;probes=902845","INOVAI-NB-8","CPU info","GCC 13.3.0","2025-10-06 17:55:23"
200000,linear_probing,search_miss,2,44,0.006593949,1090204,"load_factor=0.7000;avg_probes=2.18;max_cluster=143;probes=1090204","INOVAI-NB-8","CPU info","GCC 13.3.0","2025-10-06 17:55:23"
200000,double_hashing,search_miss,2,44,0.007595725,903664,"load_factor=0.7000;avg_probes=1.74;max_cluster=31;probes=903664","INOVAI-NB-8","CPU info","GCC 13.3.0","2025-10-06 17:55:23"
200000,linear_probing,search_miss,3,45,0.007334022,1074855,"load_factor=0.7000;avg_probes=2.18;max_cluster=106;probes=1074855","INOVAI-NB-8","CPU info","GCC 13.3.0","2025-10-06 17:55:23"
200000,double_hashing,search_miss,3,45,0.008463633,1476255,"load_factor=0.7000;avg_probes=1.75;max_cluster=28;probes=1476255","INOVAI-NB-8","CPU info","GCC 13.3.0","2025-10-06 17:55:23"
200000,linear_probing,search_miss,4,46,0.007716056,1088838,"load_factor=0.7000;avg_probes=2.18;max_cluster=113;probes=1088838","INOVAI-NB-8","CPU info","GCC 13.3.0","2025-10-06 17:55:23"
200000,double_hashing,search_miss,4,46,0.008327169,1189264,"load_factor=0.7000;avg_probes=1.74;max_cluster=38;probes=1189264","INOVAI-NB-8","CPU info","GCC 13.3.0","2025-10-06 17:55:23"
300000,linear_probing,search_miss,0,42,0.011328000,1596923,"load_factor=0.7000;avg_probes=2.17;max_cluster=121;probes=1596923","INOVAI-NB-8","CPU info","GCC 13.3.0","2025-10-06 17:55:23"
300000,double_hashing,search_miss,0,42,0.010124361,923665,"load_factor=0.7000;avg_probes=1.74;max_cluster=38;probes=923665","INOVAI-NB-8","CPU info","GCC 13.3.0","2025-10-06 17:55:23"
300000,linear_probing,search_miss,1,43,0.010519693,1622110,"load_factor=0.7000;avg_probes=2.16;max_cluster=107;probes=1622110","INOVAI-NB-8","CPU info","GCC 13.3.0","2025-10-06 17:55:23"
300000,double_hashing,search_miss,1,43,0.010027308,922904,"load_factor=0.7000;avg_probes=1.74;max_cluster=31;probes=922904","INOVAI-NB-8","CPU info","GCC 13.3.0","2025-10-06 17:55:23"
300000,linear_probing,search_miss,2,44,0.010728433,1627890,"load_factor=0.7000;avg_probes=2.17;max_cluster=154;probes=1627890","INOVAI-NB-8","CPU info","GCC 13.3.0","2025-10-06 17:55:23"
300000,double_hashing,search_miss,2,44,0.009980374,920993,"load_factor=0.7000;avg_probes=1.74;max_cluster=33;probes=920993","INOVAI-NB-8","CPU info","GCC 13.3.0","2025-10-06 17:55:23"
300000,linear_probing,search_miss,3,45,0.014541707,1612420,"load_factor=0.7000;avg_probes=2.18;max_cluster=128;probes=1612420","INOVAI-NB-8","CPU info","GCC 13.3.0","2025-10-06 17:55:23"
300000,double_hashing,search_miss,3,45,0.010600745,925812,"load_factor=0.7000;avg_probes=1.74;max_cluster=35;probes=925812","INOVAI-NB-8","CPU info","GCC 13.3.0","2025-10-06 17:55:23"
300000,linear_probing,search_miss,4,46,0.010585204,1603579,"load_factor=0.7000;avg_probes=2.17;max_cluster=123;probes=1603579","INOVAI-NB-8","CPU info","GCC 13.3.0","2025-10-06 17:55:23"
300000,double_hashing,search_miss,4,46,0.012166129,1780035,"load_factor=0.7000;avg_probes=1.74;max_cluster=36;probes=1780035","INOVAI-NB-8","CPU info","GCC 13.3.0","2025-10-06 17:55:23"
400000,linear_probing,search_miss,0,42,0.014501830,2150017,"load_factor=0.7000;avg_probes=2.18;max_cluster=106;probes=2150017","INOVAI-NB-8","CPU info","GCC 13.3.0","2025-10-06 17:55:23"
400000,double_hashing,search_miss,0,42,0.017951602,2381589,"load_factor=0.7000;avg_probes=1.74;max_cluster=43;probes=2381589","INOVAI-NB-8","CPU info","GCC 13.3.0","2025-10-06 17:55:23"
400000,linear_probing,search_miss,1,43,0.014771183,2155775,"load_factor=0.7000;avg_probes=2.17;max_cluster=126;probes=2155775","INOVAI-NB-8","CPU info","GCC 13.3.0","2025-10-06 17:55:23"
400000,double_hashing,search_miss,1,43,0.016584050,1813761,"load_factor=0.7000;avg_probes=1.74;max_cluster=32;probes=1813761","INOVAI-NB-8","CPU info","GCC 13.3.0","2025-10-06 17:55:23"
400000,linear_probing,search_miss,2,44,0.014781115,2149568,"load_factor=0.7000;avg_probes=2.17;max_cluster=138;probes=2149568","INOVAI-NB-8","CPU info","GCC 13.3.0","2025-10-06 17:55:23"
400000,double_hashing,search_miss,2,44,0.015188094,1237272,"load_factor=0.7000;avg_probes=1.74;max_cluster=36;probes=1237272","INOVAI-NB-8","CPU info","GCC 13.3.0","2025-10-06 17:55:23"
400000,linear_probing,search_miss,3,45,0.015603997,2160352,"load_factor=0.7000;avg_probes=2.17;max_cluster=131;probes=2160352","INOVAI-NB-8","CPU info","GCC 13.3.0","2025-10-06 17:55:23"
400000,double_hashing,search_miss,3,45,0.016768681,1812615,"load_factor=0.7000;avg_probes=1.74;max_cluster=35;probes=1812615","INOVAI-NB-8","CPU info","GCC 13.3.0","2025-10-06 17:55:23"
400000,linear_probing,search_miss,4,46,0.016382214,2131353,"load_factor=0.7000;avg_probes=2.16;max_cluster=106;probes=2131353","INOVAI-NB-8","CPU info","GCC 13.3.0","2025-10-06 17:55:23"
400000,double_hashing,search_miss,4,46,0.020729900,4095796,"load_factor=0.7000;avg_probes=1.74;max_cluster=33;probes=4095796","INOVAI-NB-8","CPU info","GCC 13.3.0","2025-10-06 17:55:23"
500000,linear_probing,search_miss,0,42,0.018842195,2669563,"load_factor=0.7000;avg_probes=2.16;max_cluster=110;probes=2669563","INOVAI-NB-8","CPU info","GCC 13.3.0","2025-10-06 17:55:23"
500000,double_hashing,search_miss,0,42,0.022863566,2969374,"load_factor=0.7000;avg_probes=1.74;max_cluster=33;probes=2969374","INOVAI-NB-8","CPU info","GCC 13.3.0","2025-10-06 17:55:23"
500000,linear_probing,search_miss,1,43,0.019434117,2693186,"load_factor=0.7000;avg_probes=2.17;max_cluster=149;probes=2693186","INOVAI-NB-8","CPU info","GCC 13.3.0","2025-10-06 17:55:23"
500000,double_hashing,search_miss,1,43,0.021823286,1542113,"load_factor=0.7000;avg_probes=1.74;max_cluster=35;probes=1542113","INOVAI-NB-8","CPU info","GCC 13.3.0","2025-10-06 17:55:23"
500000,linear_probing,search_miss,2,44,0.018591877,2697281,"load_factor=0.7000;avg_probes=2.17;max_cluster=102;probes=2697281","INOVAI-NB-8","CPU info","GCC 13.3.0","2025-10-06 17:55:23"
500000,double_hashing,search_miss,2,44,0.024976791,3679755,"load_factor=0.7000;avg_probes=1.74;max_cluster=36;probes=3679755","INOVAI-NB-8","CPU info","GCC 13.3.0","2025-10-06 17:55:23"
500000,linear_probing,search_miss,3,45,0.020096856,2700987,"load_factor=0.7000;avg_probes=2.17;max_cluster=126;probes=2700987","INOVAI-NB-8","CPU info","GCC 13.3.0","2025-10-06 17:55:23"
500000,double_hashing,search_miss,3,45,0.022024008,2254342,"load_factor=0.7000;avg_probes=1.74;max_cluster=37;probes=2254342","INOVAI-NB-8","CPU info","GCC 13.3.0","2025-10-06 17:55:23"
500000,linear_probing,search_miss,4,46,0.018569716,2674069,"load_factor=0.7000;avg_probes=2.17;max_cluster=113;probes=2674069","INOVAI-NB-8","CPU info","GCC 13.3.0","2025-10-06 17:55:23"
500000,double_hashing,search_miss,4,46,0.023376623,2971787,"load_factor=0.7000;avg_probes=1.74;max_cluster=39;probes=2971787","INOVAI-NB-8","CPU info","GCC 13.3.0","2025-10-06 17:55:23"
600000,linear_probing,search_miss,0,42,0.025752149,3230817,"load_factor=0.7000;avg_probes=2.17;max_cluster=141;probes=3230817","INOVAI-NB-8","CPU info","GCC 13.3.0","2025-10-06 17:55:23"
600000,double_hashing,search_miss,0,42,0.026993787,2714798,"load_factor=0.7000;avg_probes=1.74;max_cluster=37;probes=2714798","INOVAI-NB-8","CPU info","GCC 13.3.0","2025-10-06 17:55:23"
600000,linear_probing,search_miss,1,43,0.022577246,3211106,"load_factor=0.7000;avg_probes=2.17;max_cluster=130;probes=3211106","INOVAI-NB-8","CPU info","GCC 13.3.0","2025-10-06 17:55:23"
600000,double_hashing,search_miss,1,43,0.031895298,4430805,"load_factor=0.7000;avg_probes=1.74;max_cluster=34;probes=4430805","INOVAI-NB-8","CPU info","GCC 13.3.0","2025-10-06 17:55:23"
600000,linear_probing,search_miss,2,44,0.024350229,3239424,"load_factor=0.7000;avg_probes=2.17;max_cluster=119;probes=3239424","INOVAI-NB-8","CPU info","GCC 13.3.0","2025-10-06 17:55:23"
600000,double_hashing,search_miss,2,44,0.025846382,1857532,"load_factor=0.7000;avg_probes=1.74;max_cluster=31;probes=1857532","INOVAI-NB-8","CPU info","GCC 13.3.0","2025-10-06 17:55:23"
600000,linear_probing,search_miss,3,45,0.024139255,3242683,"load_factor=0.7000;avg_probes=2.17;max_cluster=130;probes=3242683","INOVAI-NB-8","CPU info","GCC 13.3.0","2025-10-06 17:55:23"
600000,double_hashing,search_miss,3,45,0.026781905,1856401,"load_factor=0.7000;avg_probes=1.74;max_cluster=32;probes=1856401","INOVAI-NB-8","CPU info","GCC 13.3.0","2025-10-06 17:55:23"
600000,linear_probing,search_miss,4,46,0.025495496,3227549,"load_factor=0.7000;avg_probes=2.17;max_cluster=119;probes=3227549","INOVAI-NB-8","CPU info","GCC 13.3.0","2025-10-06 17:55:23"
600000,double_hashing,search_miss,4,46,0.024913859,1853740,"load_factor=0.7000;avg_probes=1.74;max_cluster=36;probes=1853740","INOVAI-NB-8","CPU info","GCC 13.3.0","2025-10-06 17:55:23"
700000,linear_probing,search_miss,0,42,0.034936619,3747114,"load_factor=0.7000;avg_probes=2.16;max_cluster=139;probes=3747114","INOVAI-NB-8","CPU info","GCC 13.3.0","2025-10-06 17:55:23"
700000,double_hashing,search_miss,0,42,0.035781368,4163949,"load_factor=0.7000;avg_probes=1.74;max_cluster=47;probes=4163949","INOVAI-NB-8","CPU info","GCC 13.3.0","2025-10-06 17:55:23"
700000,linear_probing,search_miss,1,43,0.028186891,3754672,"load_factor=0.7000;avg_probes=2.17;max_cluster=137;probes=3754672","INOVAI-NB-8","CPU info","GCC 13.3.0","2025-10-06 17:55:23"
700000,double_hashing,search_miss,1,43,0.034288395,3164819,"load_factor=0.7000;avg_probes=1.74;max_cluster=37;probes=3164819","INOVAI-NB-8","CPU info","GCC 13.3.0","2025-10-06 17:55:23"
700000,linear_probing,search_miss,2,44,0.028671570,3789417,"load_factor=0.7000;avg_probes=2.17;max_cluster=151;probes=3789417","INOVAI-NB-8","CPU info","GCC 13.3.0","2025-10-06 17:55:23"
700000,double_hashing,search_miss,2,44,0.038681817,4162803,"load_factor=0.7000;avg_probes=1.74;max_cluster=37;probes=4162803","INOVAI-NB-8","CPU info","GCC 13.3.0","2025-10-06 17:55:23"
700000,linear_probing,search_miss,3,45,0.028775604,3784104,"load_factor=0.7000;avg_probes=2.17;max_cluster=149;probes=3784104","INOVAI-NB-8","CPU info","GCC 13.3.0","2025-10-06 17:55:23"
700000,double_hashing,search_miss,3,45,0.031877603,2161699,"load_factor=0.7000;avg_probes=1.74;max_cluster=34;probes=2161699","INOVAI-NB-8","CPU info","GCC 13.3.0","2025-10-06 17:55:23"
700000,linear_probing,search_miss,4,46,0.030264554,3769617,"load_factor=0.7000;avg_probes=2.17;max_cluster=166;probes=3769617","INOVAI-NB-8","CPU info","GCC 13.3.0","2025-10-06 17:55:23"
700000,double_hashing,search_miss,4,46,0.032859275,3158186,"load_factor=0.7000;avg_probes=1.74;max_cluster=37;probes=3158186","INOVAI-NB-8","CPU info","GCC 13.3.0","2025-10-06 17:55:23"
800000,linear_probing,search_miss,0,42,0.037562661,4295178,"load_factor=0.7000;avg_probes=2.16;max_cluster=158;probes=4295178","INOVAI-NB-8","CPU info","GCC 13.3.0","2025-10-06 17:55:23"
800000,double_hashing,search_miss,0,42,0.036004472,2457295,"load_factor=0.7000;avg_probes=1.74;max_cluster=36;probes=2457295","INOVAI-NB-8","CPU info","GCC 13.3.0","2025-10-06 17:55:23"
800000,linear_probing,search_miss,1,43,0.035056529,4299434,"load_factor=0.7000;avg_probes=2.17;max_cluster=137;probes=4299434","INOVAI-NB-8","CPU info","GCC 13.3.0","2025-10-06 17:55:23"
800000,double_hashing,search_miss,1,43,0.039150451,2459218,"load_factor=0.7000;avg_probes=1.74;max_cluster=33;probes=2459218","INOVAI-NB-8","CPU info","GCC 13.3.0","2025-10-06 17:55:23"
800000,linear_probing,search_miss,2,44,0.035411749,4302500,"load_factor=0.7000;avg_probes=2.16;max_cluster=149;probes=4302500","INOVAI-NB-8","CPU info","GCC 13.3.0","2025-10-06 17:55:23"
800000,double_hashing,search_miss,2,44,0.038220672,2457997,"load_factor=0.7000;avg_probes=1.74;max_cluster=35;probes=2457997","INOVAI-NB-8","CPU info","GCC 13.3.0","2025-10-06 17:55:23"
800000,linear_probing,search_miss,3,45,0.033595302,4321008,"load_factor=0.7000;avg_probes=2.17;max_cluster=130;probes=4321008","INOVAI-NB-8","CPU info","GCC 13.3.0","2025-10-06 17:55:23"
800000,double_hashing,search_miss,3,45,0.042049669,2461649,"load_factor=0.7000;avg_probes=1.74;max_cluster=40;probes=2461649","INOVAI-NB-8","CPU info","GCC 13.3.0","2025-10-06 17:55:23"
800000,linear_probing,search_miss,4,46,0.034597745,4290931,"load_factor=0.7000;avg_probes=2.16;max_cluster=149;probes=4290931","INOVAI-NB-8","CPU info","GCC 13.3.0","2025-10-06 17:55:23"
800000,double_hashing,search_miss,4,46,0.035231512,2456396,"load_factor=0.7000;avg_probes=1.74;max_cluster=36;probes=2456396","INOVAI-NB-8","CPU info","GCC 13.3.0","2025-10-06 17:55:23"
900000,linear_probing,search_miss,0,42,0.041282087,4813867,"load_factor=0.7000;avg_probes=2.15;max_cluster=153;probes=4813867","INOVAI-NB-8","CPU info","GCC 13.3.0","2025-10-06 17:55:23"
900000,double_hashing,search_miss,0,42,0.046948871,4063960,"load_factor=0.7000;avg_probes=1.74;max_cluster=35;probes=4063960","INOVAI-NB-8","CPU info","GCC 13.3.0","2025-10-06 17:55:23"
900000,linear_probing,search_miss,1,43,0.040842112,4851746,"load_factor=0.7000;avg_probes=2.17;max_cluster=153;probes=4851746","INOVAI-NB-8","CPU info","GCC 13.3.0","2025-10-06 17:55:23"
900000,double_hashing,search_miss,1,43,0.043169654,2775590,"load_factor=0.7000;avg_probes=1.74;max_cluster=40;probes=2775590","INOVAI-NB-8","CPU info","GCC 13.3.0","2025-10-06 17:55:23"
900000,linear_probing,search_miss,2,44,0.039132245,4840732,"load_factor=0.7000;avg_probes=2.17;max_cluster=126;probes=4840732","INOVAI-NB-8","CPU info","GCC 13.3.0","2025-10-06 17:55:23"
900000,double_hashing,search_miss,2,44,0.041393640,2783209,"load_factor=0.7000;avg_probes=1.74;max_cluster=42;probes=2783209","INOVAI-NB-8","CPU info","GCC 13.3.0","2025-10-06 17:55:23"
900000,linear_probing,search_miss,3,45,0.038472145,4857913,"load_factor=0.7000;avg_probes=2.18;max_cluster=129;probes=4857913","INOVAI-NB-8","CPU info","GCC 13.3.0","2025-10-06 17:55:23"
900000,double_hashing,search_miss,3,45,0.043786990,2783028,"load_factor=0.7000;avg_probes=1.74;max_cluster=37;probes=2783028","INOVAI-NB-8","CPU info","GCC 13.3.0","2025-10-06 17:55:23"
900000,linear_probing,search_miss,4,46,0.039392075,4855804,"load_factor=0.7000;avg_probes=2.17;max_cluster=177;probes=4855804","INOVAI-NB-8","CPU info","GCC 13.3.0","2025-10-06 17:55:23"
900000,double_hashing,search_miss,4,46,0.043920090,4057129,"load_factor=0.7000;avg_probes=1.74;max_cluster=36;probes=4057129","INOVAI-NB-8","CPU info","GCC 13.3.0","2025-10-06 17:55:23"
1000000,linear_probing,search_miss,0,42,0.045934949,5345158,"load_factor=0.7000;avg_probes=2.15;max_cluster=123;probes=5345158","INOVAI-NB-8","CPU info","GCC 13.3.0","2025-10-06 17:55:23"
1000000,double_hashing,search_miss,0,42,0.047122284,3072456,"load_factor=0.7000;avg_probes=1.74;max_cluster=36;probes=3072456","INOVAI-NB-8","CPU info","GCC 13.3.0","2025-10-06 17:55:23"
1000000,linear_probing,search_miss,1,43,0.046593450,5399258,"load_factor=0.7000;avg_probes=2.18;max_cluster=137;probes=5399258","INOVAI-NB-8","CPU info","GCC 13.3.0","2025-10-06 17:55:23"
1000000,double_hashing,search_miss,1,43,0.043244380,3076267,"load_factor=0.7000;avg_probes=1.74;max_cluster=38;probes=3076267","INOVAI-NB-8","CPU info","GCC 13.3.0","2025-10-06 17:55:23"
1000000,linear_probing,search_miss,2,44,0.043187483,5351431,"load_factor=0.7000;avg_probes=2.16;max_cluster=123;probes=5351431","INOVAI-NB-8","CPU info","GCC 13.3.0","2025-10-06 17:55:23"
1000000,double_hashing,search_miss,2,44,0.046175935,3071603,"load_factor=0.7000;avg_probes=1.74;max_cluster=37;probes=3071603","INOVAI-NB-8","CPU info","GCC 13.3.0","2025-10-06 17:55:23"
1000000,linear_probing,search_miss,3,45,0.045276714,5394732,"load_factor=0.7000;avg_probes=2.17;max_cluster=141;probes=5394732","INOVAI-NB-8","CPU info","GCC 13.3.0","2025-10-06 17:55:23"
1000000,double_hashing,search_miss,3,45,0.046127495,3072751,"load_factor=0.7000;avg_probes=1.74;max_cluster=36;probes=3072751","INOVAI-NB-8","CPU info","GCC 13.3.0","2025-10-06 17:55:23"
1000000,linear_probing,search_miss,4,46,0.044009794,5339588,"load_factor=0.7000;avg_probes=2.16;max_cluster=130;probes=5339588","INOVAI-NB-8","CPU info","GCC 13.3.0","2025-10-06 17:55:23"
1000000,double_hashing,search_miss,4,46,0.051039889,3068032,"load_factor=0.7000;avg_probes=1.73;max_cluster=37;probes=3068032","INOVAI-NB-8","CPU info","GCC 13.3.0","2025-10-06 17:55:23"
1000,linear_probing,remove,0,42,0.000014562,1000,"load_factor=0.7003;avg_probes=2.12;max_cluster=31","INOVAI-NB-8","CPU info","GCC 13.3.0","2025-10-06 17:55:23"
1000,double_hashing,remove,0,42,0.000017189,1000,"load_factor=0.7003;avg_probes=1.79;max_cluster=18","INOVAI-NB-8","CPU info","GCC 13.3.0","2025-10-06 17:55:23"
1000,linear_probing,remove,1,43,0.000014300,1000,"load_factor=0.7003;avg_probes=1.94;max_cluster=41","INOVAI-NB-8","CPU info","GCC 13.3.0","2025-10-06 17:55:23"
1000,double_hashing,remove,1,43,0.000018227,1000,"load_factor=0.7003;avg_probes=1.76;max_cluster=14","INOVAI-NB-8","CPU info","GCC 13.3.0","2025-10-06 17:55:23"
1000,linear_probing,remove,2,44,0.000014867,1000,"load_factor=0.7003;avg_probes=2.08;max_cluster=40","INOVAI-NB-8","CPU info","GCC 13.3.0","2025-10-06 17:55:23"
1000,double_hashing,remove,2,44,0.000017891,1000,"load_factor=0.7003;avg_probes=1.73;max_cluster=15","INOVAI-NB-8","CPU info","GCC 13.3.0","2025-10-06 17:55:23"
1000,linear_probing,remove,3,45,0.000047268,1000,"load_factor=0.7003;avg_probes=2.26;max_cluster=47","INOVAI-NB-8","CPU info","GCC 13.3.0","2025-10-06 17:55:23"
1000,double_hashing,remove,3,45,0.000019893,999,"load_factor=0.6996;avg_probes=1.77;max_cluster=16","INOVAI-NB-8","CPU info","GCC 13.3.0","2025-10-06 17:55:23"
1000,linear_probing,remove,4,46,0.000014383,1000,"load_factor=0.7003;avg_probes=2.08;max_cluster=45","INOVAI-NB-8","CPU info","GCC 13.3.0","2025-10-06 17:55:23"
1000,double_hashing,remove,4,46,0.000019984,999,"load_factor=0.6996;avg_probes=1.77;max_cluster=16","INOVAI-NB-8","CPU info","GCC 13.3.0","2025-10-06 17:55:23"
2000,linear_probing,remove,0,42,0.000159465,2000,"load_factor=0.7000;avg_probes=2.24;max_cluster=65","INOVAI-NB-8","CPU info","GCC 13.3.0","2025-10-06 17:55:23"
2000,double_hashing,remove,0,42,0.000035335,2000,"load_factor=0.7000;avg_probes=1.79;max_cluster=17","INOVAI-NB-8","CPU info","GCC 13.3.0","2025-10-06 17:55:23"
2000,linear_probing,remove,1,43,0.000028382,2000,"load_factor=0.7000;avg_probes=1.98;max_cluster=49","INOVAI-NB-8","CPU info","GCC 13.3.0","2025-10-06 17:55:23"
2000,double_hashing,remove,1,43,0.000068327,2000,"load_factor=0.7000;avg_probes=1.75;max_cluster=17","INOVAI-NB-8","CPU info","GCC 13.3.0","2025-10-06 17:55:23"
2000,linear_probing,remove,2,44,0.000031057,2000,"load_factor=0.7000;avg_probes=2.16;max_cluster=68","INOVAI-NB-8","CPU info","GCC 13.3.0","2025-10-06 17:55:23"
2000,double_hashing,remove,2,44,0.000052245,2000,"load_factor=0.7000;avg_probes=1.77;max_cluster=18","INOVAI-NB-8","CPU info","GCC 13.3.0","2025-10-06 17:55:23"
2000,linear_probing,remove,3,45,0.000026758,2000,"load_factor=0.7000;avg_probes=2.06;max_cluster=59","INOVAI-NB-8","CPU info","GCC 13.3.0","2025-10-06 17:55:23"
2000,double_hashing,remove,3,45,0.000038096,2000,"load_factor=0.7000;avg_probes=1.75;max_cluster=20","INOVAI-NB-8","CPU info","GCC 13.3.0","2025-10-06 17:55:23"
2000,linear_probing,remove,4,46,0.000030196,2000,"load_factor=0.7000;avg_probes=2.03;max_cluster=37","INOVAI-NB-8","CPU info","GCC 13.3.0","2025-10-06 17:55:23"
2000,double_hashing,remove,4,46,0.000033289,2000,"load_factor=0.7000;avg_probes=1.72;max_cluster=17","INOVAI-NB-8","CPU info","GCC 13.3.0","2025-10-06 17:55:23"
3000,linear_probing,remove,0,42,0.000057296,3000,"load_factor=0.7001;avg_probes=2.33;max_cluster=95","INOVAI-NB-8","CPU info","GCC 13.3.0","2025-10-06 17:55:23"
3000,double_hashing,remove,0,42,0.000056442,3000,"load_factor=0.7001;avg_probes=1.78;max_cluster=19","INOVAI-NB-8","CPU info","GCC 13.3.0","2025-10-06 17:55:23"
3000,linear_probing,remove,1,43,0.000076076,3000,"load_factor=0.7001;avg_probes=2.11;max_cluster=43","INOVAI-NB-8","CPU info","GCC 13.3.0","2025-10-06 17:55:23"
3000,double_hashing,remove,1,43,0.000129159,3000,"load_factor=0.7001;avg_probes=1.73;max_cluster=33","INOVAI-NB-8","CPU info","GCC 13.3.0","2025-10-06 17:55:23"
3000,linear_probing,remove,2,44,0.000047742,3000,"load_factor=0.7001;avg_probes=2.13;max_cluster=70","INOVAI-NB-8","CPU info","GCC 13.3.0","2025-10-06 17:55:23"
3000,double_hashing,remove,2,44,0.000057232,3000,"load_factor=0.7001;avg_probes=1.73;max_cluster=24","INOVAI-NB-8","CPU info","GCC 13.3.0","2025-10-06 17:55:23"
3000,linear_probing,remove,3,45,0.000047050,3000,"load_factor=0.7001;avg_probes=2.15;max_cluster=61","INOVAI-NB-8","CPU info","GCC 13.3.0","2025-10-06 17:55:23"
3000,double_hashing,remove,3,45,0.000147600,3000,"load_factor=0.7001;avg_probes=1.70;max_cluster=28","INOVAI-NB-8","CPU info","GCC 13.3.0","2025-10-06 17:55:23"
3000,linear_probing,remove,4,46,0.000049706,3000,"load_factor=0.7001;avg_probes=2.17;max_cluster=63","INOVAI-NB-8","CPU info","GCC 13.3.0","2025-10-06 17:55:23"
3000,double_hashing,remove,4,46,0.000068592,2999,"load_factor=0.6999;avg_probes=1.77;max_cluster=19","INOVAI-NB-8","CPU info","GCC 13.3.0","2025-10-06 17:55:23"
4000,linear_probing,remove,0,42,0.000068032,4000,"load_factor=0.7000;avg_probes=2.35;max_cluster=120","INOVAI-NB-8","CPU info","GCC 13.3.0","2025-10-06 17:55:23"
4000,double_hashing,remove,0,42,0.000078526,4000,"load_factor=0.7000;avg_probes=1.76;max_cluster=25","INOVAI-NB-8","CPU info","GCC 13.3.0","2025-10-06 17:55:23"
4000,linear_probing,remove,1,43,0.000067256,4000,"load_factor=0.7000;avg_probes=2.06;max_cluster=54","INOVAI-NB-8","CPU info","GCC 13.3.0","2025-10-06 17:55:23"
4000,double_hashing,remove,1,43,0.000082055,4000,"load_factor=0.7000;avg_probes=1.71;max_cluster=36","INOVAI-NB-8","CPU info","GCC 13.3.0","2025-10-06 17:55:23"
4000,linear_probing,remove,2,44,0.000074156,4000,"load_factor=0.7000;avg_probes=2.13;max_cluster=71","INOVAI-NB-8","CPU info","GCC 13.3.0","2025-10-06 17:55:23"
4000,double_hashing,remove,2,44,0.000100093,3999,"load_factor=0.6999;avg_probes=1.76;max_cluster=19","INOVAI-NB-8","CPU info","GCC 13.3.0","2025-10-06 17:55:23"
4000,linear_probing,remove,3,45,0.000072215,4000,"load_factor=0.7000;avg_probes=2.13;max_cluster=56","INOVAI-NB-8","CPU info","GCC 13.3.0","2025-10-06 17:55:23"
4000,double_hashing,remove,3,45,0.000089353,4000,"load_factor=0.7000;avg_probes=1.75;max_cluster=23","INOVAI-NB-8","CPU info","GCC 13.3.0","2025-10-06 17:55:23"
4000,linear_probing,remove,4,46,0.000082007,4000,"load_factor=0.7000;avg_probes=2.13;max_cluster=65","INOVAI-NB-8","CPU info","GCC 13.3.0","2025-10-06 17:55:23"
4000,double_hashing,remove,4,46,0.000093581,4000,"load_factor=0.7000;avg_probes=1.77;max_cluster=17","INOVAI-NB-8","CPU info","GCC 13.3.0","2025-10-06 17:55:23"
5000,linear_probing,remove,0,42,0.000107657,5000,"load_factor=0.7001;avg_probes=2.35;max_cluster=132","INOVAI-NB-8","CPU info","GCC 13.3.0","2025-10-06 17:55:23"
5000,double_hashing,remove,0,42,0.000157788,4998,"load_factor=0.6998;avg_probes=1.74;max_cluster=24","INOVAI-NB-8","CPU info","GCC 13.3.0","2025-10-06 17:55:23"
5000,linear_probing,remove,1,43,0.000100035,5000,"load_factor=0.7001;avg_probes=2.11;max_cluster=60","INOVAI-NB-8","CPU info","GCC 13.3.0","2025-10-06 17:55:23"
5000,double_hashing,remove,1,43,0.000121103,5000,"load_factor=0.7001;avg_probes=1.71;max_cluster=17","INOVAI-NB-8","CPU info","GCC 13.3.0","2025-10-06 17:55:23"
5000,linear_probing,remove,2,44,0.000107709,5000,"load_factor=0.7001;avg_probes=2.13;max_cluster=71","INOVAI-NB-8","CPU info","GCC 13.3.0","2025-10-06 17:55:23"
5000,double_hashing,remove,2,44,0.000128932,5000,"load_factor=0.7001;avg_probes=1.75;max_cluster=25","INOVAI-NB-8","CPU info","GCC 13.3.0","2025-10-06 17:55:23"
5000,linear_probing,remove,3,45,0.000105614,5000,"load_factor=0.7001;avg_probes=2.17;max_cluster=59","INOVAI-NB-8","CPU info","GCC 13.3.0","2025-10-06 17:55:23"
5000,double_hashing,remove,3,45,0.000129392,5000,"load_factor=0.7001;avg_probes=1.75;max_cluster=24","INOVAI-NB-8","CPU info","GCC 13.3.0","2025-10-06 17:55:23"
5000,linear_probing,remove,4,46,0.000115345,5000,"load_factor=0.7001;avg_probes=2.11;max_cluster=91","INOVAI-NB-8","CPU info","GCC 13.3.0","2025-10-06 17:55:23"
5000,double_hashing,remove,4,46,0.000125241,5000,"load_factor=0.7001;avg_probes=1.73;max_cluster=22","INOVAI-NB-8","CPU info","GCC 13.3.0","2025-10-06 17:55:23"
6000,linear_probing,remove,0,42,0.000125946,6000,"load_factor=0.7000;avg_probes=2.31;max_cluster=98","INOVAI-NB-8","CPU info","GCC 13.3.0","2025-10-06 17:55:23"
6000,double_hashing,remove,0,42,0.000136695,6000,"load_factor=0.7000;avg_probes=1.75;max_cluster=22","INOVAI-NB-8","CPU info","GCC 13.3.0","2025-10-06 17:55:23"
6000,linear_probing,remove,1,43,0.000121295,6000,"load_factor=0.7000;avg_probes=2.09;max_cluster=66","INOVAI-NB-8","CPU info","GCC 13.3.0","2025-10-06 17:55:23"
6000,double_hashing,remove,1,43,0.000141349,6000,"load_factor=0.7000;avg_probes=1.74;max_cluster=25","INOVAI-NB-8","CPU info","GCC 13.3.0","2025-10-06 17:55:23"
6000,linear_probing,remove,2,44,0.000126921,6000,"load_factor=0.7000;avg_probes=2.14;max_cluster=89","INOVAI-NB-8","CPU info","GCC 13.3.0","2025-10-06 17:55:23"
6000,double_hashing,remove,2,44,0.000141104,6000,"load_factor=0.7000;avg_probes=1.72;max_cluster=23","INOVAI-NB-8","CPU info","GCC 13.3.0","2025-10-06 17:55:23"
6000,linear_probing,remove,3,45,0.000126144,6000,"load_factor=0.7000;avg_probes=2.15;max_cluster=70","INOVAI-NB-8","CPU info","GCC 13.3.0","2025-10-06 17:55:23"
6000,double_hashing,remove,3,45,0.000158522,6000,"load_factor=0.7000;avg_probes=1.74;max_cluster=25","INOVAI-NB-8","CPU info","GCC 13.3.0","2025-10-06 17:55:23"
6000,linear_probing,remove,4,46,0.000095677,6000,"load_factor=0.7000;avg_probes=2.16;max_cluster=71","INOVAI-NB-8","CPU info","GCC 13.3.0","2025-10-06 17:55:23"
6000,double_hashing,remove,4,46,0.000097884,6000,"load_factor=0.7000;avg_probes=1.74;max_cluster=21","INOVAI-NB-8","CPU info","GCC 13.3.0","2025-10-06 17:55:23"
7000,linear_probing,remove,0,42,0.000135863,7000,"load_factor=0.7000;avg_probes=2.28;max_cluster=103","INOVAI-NB-8","CPU info","GCC 13.3.0","2025-10-06 17:55:23"
7000,double_hashing,remove,0,42,0.000156760,7000,"load_factor=0.7000;avg_probes=1.75;max_cluster=24","INOVAI-NB-8","CPU info","GCC 13.3.0","2025-10-06 17:55:23"
7000,linear_probing,remove,1,43,0.000101468,7000,"load_factor=0.7000;avg_probes=2.12;max_cluster=89","INOVAI-NB-8","CPU info","GCC 13.3.0","2025-10-06 17:55:23"
7000,double_hashing,remove,1,43,0.000124487,7000,"load_factor=0.7000;avg_probes=1.75;max_cluster=24","INOVAI-NB-8","CPU info","GCC 13.3.0","2025-10-06 17:55:23"
7000,linear_probing,remove,2,44,0.000121809,7000,"load_factor=0.7000;avg_probes=2.14;max_cluster=69","INOVAI-NB-8","CPU info","GCC 13.3.0","2025-10-06 17:55:23"
7000,double_hashing,remove,2,44,0.000389666,6998,"load_factor=0.6998;avg_probes=1.73;max_cluster=27","INOVAI-NB-8","CPU info","GCC 13.3.0","2025-10-06 17:55:23"
7000,linear_probing,remove,3,45,0.000116529,7000,"load_factor=0.7000;avg_probes=2.23;max_cluster=54","INOVAI-NB-8","CPU info","GCC 13.3.0","2025-10-06 17:55:23"
7000,double_hashing,remove,3,45,0.000134473,7000,"load_factor=0.7000;avg_probes=1.74;max_cluster=28","INOVAI-NB-8","CPU info","GCC 13.3.0","2025-10-06 17:55:23"
7000,linear_probing,remove,4,46,0.000103988,7000,"load_factor=0.7000;avg_probes=2.09;max_cluster=59","INOVAI-NB-8","CPU info","GCC 13.3.0","2025-10-06 17:55:23"
7000,double_hashing,remove,4,46,0.000129514,7000,"load_factor=0.7000;avg_probes=1.76;max_cluster=19","INOVAI-NB-8","CPU info","GCC 13.3.0","2025-10-06 17:55:23"
8000,linear_probing,remove,0,42,0.000124150,8000,"load_factor=0.7000;avg_probes=2.24;max_cluster=76","INOVAI-NB-8","CPU info","GCC 13.3.0","2025-10-06 17:55:23"
8000,double_hashing,remove,0,42,0.000146731,8000,"load_factor=0.7000;avg_probes=1.75;max_cluster=29","INOVAI-NB-8","CPU info","GCC 13.3.0","2025-10-06 17:55:23"
8000,linear_probing,remove,1,43,0.000136941,8000,"load_factor=0.7000;avg_probes=2.14;max_cluster=74","INOVAI-NB-8","CPU info","GCC 13.3.0","2025-10-06 17:55:23"
8000,double_hashing,remove,1,43,0.000222392,8000,"load_factor=0.7000;avg_probes=1.74;max_cluster=28","INOVAI-NB-8","CPU info","GCC 13.3.0","2025-10-06 17:55:23"
8000,linear_probing,remove,2,44,0.000119569,8000,"load_factor=0.7000;avg_probes=2.16;max_cluster=62","INOVAI-NB-8","CPU info","GCC 13.3.0","2025-10-06 17:55:23"
8000,double_hashing,remove,2,44,0.000229571,8000,"load_factor=0.7000;avg_probes=1.74;max_cluster=28","INOVAI-NB-8","CPU info","GCC 13.3.0","2025-10-06 17:55:23"
8000,linear_probing,remove,3,45,0.000165603,8000,"load_factor=0.7000;avg_probes=2.23;max_cluster=57","INOVAI-NB-8","CPU info","GCC 13.3.0","2025-10-06 17:55:23"
8000,double_hashing,remove,3,45,0.000155735,8000,"load_factor=0.7000;avg_probes=1.75;max_cluster=18","INOVAI-NB-8","CPU info","GCC 13.3.0","2025-10-06 17:55:23"
8000,linear_probing,remove,4,46,0.000131795,8000,"load_factor=0.7000;avg_probes=2.15;max_cluster=64","INOVAI-NB-8","CPU info","GCC 13.3.0","2025-10-06 17:55:23"
8000,double_hashing,remove,4,46,0.000167686,8000,"load_factor=0.7000;avg_probes=1.74;max_cluster=20","INOVAI-NB-8","CPU info","GCC 13.3.0","2025-10-06 17:55:23"
9000,linear_probing,remove,0,42,0.000148503,9000,"load_factor=0.7000;avg_probes=2.32;max_cluster=117","INOVAI-NB-8","CPU info","GCC 13.3.0","2025-10-06 17:55:23"
9000,double_hashing,remove,0,42,0.000191987,9000,"load_factor=0.7000;avg_probes=1.75;max_cluster=32","INOVAI-NB-8","CPU info","GCC 13.3.0","2025-10-06 17:55:23"
9000,linear_probing,remove,1,43,0.000159415,9000,"load_factor=0.7000;avg_probes=2.14;max_cluster=109","INOVAI-NB-8","CPU info","GCC 13.3.0","2025-10-06 17:55:23"
9000,double_hashing,remove,1,43,0.000241459,9000,"load_factor=0.7000;avg_probes=1.73;max_cluster=24","INOVAI-NB-8","CPU info","GCC 13.3.0","2025-10-06 17:55:23"
9000,linear_probing,remove,2,44,0.000156497,9000,"load_factor=0.7000;avg_probes=2.11;max_cluster=77","INOVAI-NB-8","CPU info","GCC 13.3.0","2025-10-06 17:55:23"
9000,double_hashing,remove,2,44,0.000188742,9000,"load_factor=0.7000;avg_probes=1.77;max_cluster=24","INOVAI-NB-8","CPU info","GCC 13.3.0","2025-10-06 17:55:23"
9000,linear_probing,remove,3,45,0.000157653,9000,"load_factor=0.7000;avg_probes=2.23;max_cluster=61","INOVAI-NB-8","CPU info","GCC 13.3.0","2025-10-06 17:55:23"
9000,double_hashing,remove,3,45,0.000196039,9000,"load_factor=0.7000;avg_probes=1.75;max_cluster=25","INOVAI-NB-8","CPU info","GCC 13.3.0","2025-10-06 17:55:23"
9000,linear_probing,remove,4,46,0.000157268,9000,"load_factor=0.7000;avg_probes=2.16;max_cluster=54","INOVAI-NB-8","CPU info","GCC 13.3.0","2025-10-06 17:55:23"
9000,double_hashing,remove,4,46,0.000189009,9000,"load_factor=0.7000;avg_probes=1.73;max_cluster=26","INOVAI-NB-8","CPU info","GCC 13.3.0","2025-10-06 17:55:23"
10000,linear_probing,remove,0,42,0.000176427,10000,"load_factor=0.7000;avg_probes=2.26;max_cluster=74","INOVAI-NB-8","CPU info","GCC 13.3.0","2025-10-06 17:55:23"
10000,double_hashing,remove,0,42,0.000213004,10000,"load_factor=0.7000;avg_probes=1.74;max_cluster=25","INOVAI-NB-8","CPU info","GCC 13.3.0","2025-10-06 17:55:23"
10000,linear_probing,remove,1,43,0.000169742,10000,"load_factor=0.7000;avg_probes=2.12;max_cluster=64","INOVAI-NB-8","CPU info","GCC 13.3.0","2025-10-06 17:55:23"
10000,double_hashing,remove,1,43,0.000211857,10000,"load_factor=0.7000;avg_probes=1.74;max_cluster=24","INOVAI-NB-8","CPU info","GCC 13.3.0","2025-10-06 17:55:23"
10000,linear_probing,remove,2,44,0.000332754,10000,"load_factor=0.7000;avg_probes=2.12;max_cluster=72","INOVAI-NB-8","CPU info","GCC 13.3.0","2025-10-06 17:55:23"
10000,double_hashing,remove,2,44,0.000204603,10000,"load_factor=0.7000;avg_probes=1.74;max_cluster=29","INOVAI-NB-8","CPU info","GCC 13.3.0","2025-10-06 17:55:23"
10000,linear_probing,remove,3,45,0.000175694,10000,"load_factor=0.7000;avg_probes=2.17;max_cluster=62","INOVAI-NB-8","CPU info","GCC 13.3.0","2025-10-06 17:55:23"
10000,double_hashing,remove,3,45,0.000214683,10000,"load_factor=0.7000;avg_probes=1.75;max_cluster=23","INOVAI-NB-8","CPU info","GCC 13.3.0","2025-10-06 17:55:23"
10000,linear_probing,remove,4,46,0.000197630,10000,"load_factor=0.7000;avg_probes=2.14;max_cluster=77","INOVAI-NB-8","CPU info","GCC 13.3.0","2025-10-06 17:55:23"
10000,double_hashing,remove,4,46,0.000207928,10000,"load_factor=0.7000;avg_probes=1.74;max_cluster=27","INOVAI-NB-8","CPU info","GCC 13.3.0","2025-10-06 17:55:23"
20000,linear_probing,remove,0,42,0.000357378,20000,"load_factor=0.7000;avg_probes=2.17;max_cluster=85","INOVAI-NB-8","CPU info","GCC 13.3.0","2025-10-06 17:55:23"
20000,double_hashing,remove,0,42,0.000393206,20000,"load_factor=0.7000;avg_probes=1.73;max_cluster=31","INOVAI-NB-8","CPU info","GCC 13.3.0","2025-10-06 17:55:23"
20000,linear_probing,remove,1,43,0.000349763,20000,"load_factor=0.7000;avg_probes=2.17;max_cluster=84","INOVAI-NB-8","CPU info","GCC 13.3.0","2025-10-06 17:55:23"
20000,double_hashing,remove,1,43,0.000401360,20000,"load_factor=0.7000;avg_probes=1.74;max_cluster=26","INOVAI-NB-8","CPU info","GCC 13.3.0","2025-10-06 17:55:23"
20000,linear_probing,remove,2,44,0.000348074,20000,"load_factor=0.7000;avg_probes=2.14;max_cluster=95","INOVAI-NB-8","CPU info","GCC 13.3.0","2025-10-06 17:55:23"
20000,double_hashing,remove,2,44,0.000400190,20000,"load_factor=0.7000;avg_probes=1.72;max_cluster=26","INOVAI-NB-8","CPU info","GCC 13.3.0","2025-10-06 17:55:23"
20000,linear_probing,remove,3,45,0.000367878,20000,"load_factor=0.7000;avg_probes=2.17;max_cluster=82","INOVAI-NB-8","CPU info","GCC 13.3.0","2025-10-06 17:55:23"
20000,double_hashing,remove,3,45,0.000401400,20000,"load_factor=0.7000;avg_probes=1.73;max_cluster=23","INOVAI-NB-8","CPU info","GCC 13.3.0","2025-10-06 17:55:23"
20000,linear_probing,remove,4,46,0.000360770,20000,"load_factor=0.7000;avg_probes=2.16;max_cluster=71","INOVAI-NB-8","CPU info","GCC 13.3.0","2025-10-06 17:55:23"
20000,double_hashing,remove,4,46,0.000416725,20000,"load_factor=0.7000;avg_probes=1.73;max_cluster=27","INOVAI-NB-8","CPU info","GCC 13.3.0","2025-10-06 17:55:23"
30000,linear_probing,remove,0,42,0.000539385,30000,"load_factor=0.7000;avg_probes=2.15;max_cluster=94","INOVAI-NB-8","CPU info","GCC 13.3.0","2025-10-06 17:55:23"
30000,double_hashing,remove,0,42,0.000647352,30000,"load_factor=0.7000;avg_probes=1.73;max_cluster=29","INOVAI-NB-8","CPU info","GCC 13.3.0","2025-10-06 17:55:23"
30000,linear_probing,remove,1,43,0.000586434,30000,"load_factor=0.7000;avg_probes=2.13;max_cluster=103","INOVAI-NB-8","CPU info","GCC 13.3.0","2025-10-06 17:55:23"
30000,double_hashing,remove,1,43,0.000553488,30000,"load_factor=0.7000;avg_probes=1.72;max_cluster=26","INOVAI-NB-8","CPU info","GCC 13.3.0","2025-10-06 17:55:23"
30000,linear_probing,remove,2,44,0.000460267,30000,"load_factor=0.7000;avg_probes=2.16;max_cluster=128","INOVAI-NB-8","CPU info","GCC 13.3.0","2025-10-06 17:55:23"
30000,double_hashing,remove,2,44,0.000560627,30000,"load_factor=0.7000;avg_probes=1.75;max_cluster=25","INOVAI-NB-8","CPU info","GCC 13.3.0","2025-10-06 17:55:23"
30000,linear_probing,remove,3,45,0.000462461,30000,"load_factor=0.7000;avg_probes=2.22;max_cluster=105","INOVAI-NB-8","CPU info","GCC 13.3.0","2025-10-06 17:55:23"
30000,double_hashing,remove,3,45,0.000595656,30000,"load_factor=0.7000;avg_probes=1.75;max_cluster=25","INOVAI-NB-8","CPU info","GCC 13.3.0","2025-10-06 17:55:23"
30000,linear_probing,remove,4,46,0.000502227,30000,"load_factor=0.7000;avg_probes=2.20;max_cluster=90","INOVAI-NB-8","CPU info","GCC 13.3.0","2025-10-06 17:55:23"
30000,double_hashing,remove,4,46,0.000595444,30000,"load_factor=0.7000;avg_probes=1.75;max_cluster=26","INOVAI-NB-8","CPU info","GCC 13.3.0","2025-10-06 17:55:23"
40000,linear_probing,remove,0,42,0.000681172,40000,"load_factor=0.7000;avg_probes=2.16;max_cluster=99","INOVAI-NB-8","CPU info","GCC 13.3.0","2025-10-06 17:55:23"
40000,double_hashing,remove,0,42,0.000885964,39999,"load_factor=0.7000;avg_probes=1.73;max_cluster=31","INOVAI-NB-8","CPU info","GCC 13.3.0","2025-10-06 17:55:23"
40000,linear_probing,remove,1,43,0.000874239,40000,"load_factor=0.7000;avg_probes=2.20;max_cluster=89","INOVAI-NB-8","CPU info","GCC 13.3.0","2025-10-06 17:55:23"
40000,double_hashing,remove,1,43,0.000841287,40000,"load_factor=0.7000;avg_probes=1.73;max_cluster=27","INOVAI-NB-8","CPU info","GCC 13.3.0","2025-10-06 17:55:23"
40000,linear_probing,remove,2,44,0.000709240,40000,"load_factor=0.7000;avg_probes=2.20;max_cluster=113","INOVAI-NB-8","CPU info","GCC 13.3.0","2025-10-06 17:55:23"
40000,double_hashing,remove,2,44,0.000937568,40000,"load_factor=0.7000;avg_probes=1.74;max_cluster=31","INOVAI-NB-8","CPU info","GCC 13.3.0","2025-10-06 17:55:23"
40000,linear_probing,remove,3,45,0.000711881,40000,"load_factor=0.7000;avg_probes=2.18;max_cluster=136","INOVAI-NB-8","CPU info","GCC 13.3.0","2025-10-06 17:55:23"
40000,double_hashing,remove,3,45,0.000871956,40000,"load_factor=0.7000;avg_probes=1.74;max_cluster=35","INOVAI-NB-8","CPU info","GCC 13.3.0","2025-10-06 17:55:23"
40000,linear_probing,remove,4,46,0.000712742,40000,"load_factor=0.7000;avg_probes=2.17;max_cluster=88","INOVAI-NB-8","CPU info","GCC 13.3.0","2025-10-06 17:55:23"
40000,double_hashing,remove,4,46,0.000968635,39999,"load_factor=0.7000;avg_probes=1.73;max_cluster=33","INOVAI-NB-8","CPU info","GCC 13.3.0","2025-10-06 17:55:23"
50000,linear_probing,remove,0,42,0.000883068,50000,"load_factor=0.7000;avg_probes=2.14;max_cluster=80","INOVAI-NB-8","CPU info","GCC 13.3.0","2025-10-06 17:55:23"
50000,double_hashing,remove,0,42,0.001093042,50000,"load_factor=0.7000;avg_probes=1.73;max_cluster=31","INOVAI-NB-8","CPU info","GCC 13.3.0","2025-10-06 17:55:23"
50000,linear_probing,remove,1,43,0.000894066,50000,"load_factor=0.7000;avg_probes=2.18;max_cluster=95","INOVAI-NB-8","CPU info","GCC 13.3.0","2025-10-06 17:55:23"
50000,double_hashing,remove,1,43,0.001099561,50000,"load_factor=0.7000;avg_probes=1.74;max_cluster=26","INOVAI-NB-8","CPU info","GCC 13.3.0","2025-10-06 17:55:23"
50000,linear_probing,remove,2,44,0.000983539,50000,"load_factor=0.7000;avg_probes=2.21;max_cluster=144","INOVAI-NB-8","CPU info","GCC 13.3.0","2025-10-06 17:55:23"
50000,double_hashing,remove,2,44,0.001091342,50000,"load_factor=0.7000;avg_probes=1.76;max_cluster=28","INOVAI-NB-8","CPU info","GCC 13.3.0","2025-10-06 17:55:23"
50000,linear_probing,remove,3,45,0.000878825,50000,"load_factor=0.7000;avg_probes=2.16;max_cluster=118","INOVAI-NB-8","CPU info","GCC 13.3.0","2025-10-06 17:55:23"
50000,double_hashing,remove,3,45,0.001101453,50000,"load_factor=0.7000;avg_probes=1.74;max_cluster=36","INOVAI-NB-8","CPU info","GCC 13.3.0","2025-10-06 17:55:23"
50000,linear_probing,remove,4,46,0.000966093,50000,"load_factor=0.7000;avg_probes=2.20;max_cluster=95","INOVAI-NB-8","CPU info","GCC 13.3.0","2025-10-06 17:55:23"
50000,double_hashing,remove,4,46,0.001389702,49999,"load_factor=0.7000;avg_probes=1.75;max_cluster=25","INOVAI-NB-8","CPU info","GCC 13.3.0","2025-10-06 17:55:23"
60000,linear_probing,remove,0,42,0.001109267,60000,"load_factor=0.7000;avg_probes=2.12;max_cluster=72","INOVAI-NB-8","CPU info","GCC 13.3.0","2025-10-06 17:55:23"
60000,double_hashing,remove,0,42,0.001383077,59999,"load_factor=0.7000;avg_probes=1.75;max_cluster=30","INOVAI-NB-8","CPU info","GCC 13.3.0","2025-10-06 17:55:23"
60000,linear_probing,remove,1,43,0.001018480,60000,"load_factor=0.7000;avg_probes=2.15;max_cluster=117","INOVAI-NB-8","CPU info","GCC 13.3.0","2025-10-06 17:55:23"
60000,double_hashing,remove,1,43,0.001212196,60000,"load_factor=0.7000;avg_probes=1.75;max_cluster=28","INOVAI-NB-8","CPU info","GCC 13.3.0","2025-10-06 17:55:23"
60000,linear_probing,remove,2,44,0.000953409,60000,"load_factor=0.7000;avg_probes=2.21;max_cluster=159","INOVAI-NB-8","CPU info","GCC 13.3.0","2025-10-06 17:55:23"
60000,double_hashing,remove,2,44,0.001275814,60000,"load_factor=0.7000;avg_probes=1.75;max_cluster=31","INOVAI-NB-8","CPU info","GCC 13.3.0","2025-10-06 17:55:23"
60000,linear_probing,remove,3,45,0.001048911,60000,"load_factor=0.7000;avg_probes=2.18;max_cluster=114","INOVAI-NB-8","CPU info","GCC 13.3.0","2025-10-06 17:55:23"
60000,double_hashing,remove,3,45,0.001282971,60000,"load_factor=0.7000;avg_probes=1.74;max_cluster=31","INOVAI-NB-8","CPU info","GCC 13.3.0","2025-10-06 17:55:23"
60000,linear_probing,remove,4,46,0.001083861,60000,"load_factor=0.7000;avg_probes=2.19;max_cluster=95","INOVAI-NB-8","CPU info","GCC 13.3.0","2025-10-06 17:55:23"
60000,double_hashing,remove,4,46,0.001302889,60000,"load_factor=0.7000;avg_probes=1.74;max_cluster=26","INOVAI-NB-8","CPU info","GCC 13.3.0","2025-10-06 17:55:23"
70000,linear_probing,remove,0,42,0.001245712,70000,"load_factor=0.7000;avg_probes=2.12;max_cluster=87","INOVAI-NB-8","CPU info","GCC 13.3.0","2025-10-06 17:55:23"
70000,double_hashing,remove,0,42,0.001721133,69999,"load_factor=0.7000;avg_probes=1.73;max_cluster=32","INOVAI-NB-8","CPU info","GCC 13.3.0","2025-10-06 17:55:23"
70000,linear_probing,remove,1,43,0.001237029,70000,"load_factor=0.7000;avg_probes=2.17;max_cluster=121","INOVAI-NB-8","CPU info","GCC 13.3.0","2025-10-06 17:55:23"
70000,double_hashing,remove,1,43,0.001514725,70000,"load_factor=0.7000;avg_probes=1.74;max_cluster=43","INOVAI-NB-8","CPU info","GCC 13.3.0","2025-10-06 17:55:23"
70000,linear_probing,remove,2,44,0.001227150,70000,"load_factor=0.7000;avg_probes=2.18;max_cluster=149","INOVAI-NB-8","CPU info","GCC 13.3.0","2025-10-06 17:55:23"
70000,double_hashing,remove,2,44,0.001517924,70000,"load_factor=0.7000;avg_probes=1.74;max_cluster=29","INOVAI-NB-8","CPU info","GCC 13.3.0","2025-10-06 17:55:23"
70000,linear_probing,remove,3,45,0.001255511,70000,"load_factor=0.7000;avg_probes=2.16;max_cluster=92","INOVAI-NB-8","CPU info","GCC 13.3.0","2025-10-06 17:55:23"
70000,double_hashing,remove,3,45,0.001539593,70000,"load_factor=0.7000;avg_probes=1.74;max_cluster=35","INOVAI-NB-8","CPU info","GCC 13.3.0","2025-10-06 17:55:23"
70000,linear_probing,remove,4,46,0.001258357,70000,"load_factor=0.7000;avg_probes=2.17;max_cluster=104","INOVAI-NB-8","CPU info","GCC 13.3.0","2025-10-06 17:55:23"
70000,double_hashing,remove,4,46,0.001504659,70000,"load_factor=0.7000;avg_probes=1.74;max_cluster=31","INOVAI-NB-8","CPU info","GCC 13.3.0","2025-10-06 17:55:23"
80000,linear_probing,remove,0,42,0.001422377,80000,"load_factor=0.7000;avg_probes=2.14;max_cluster=89","INOVAI-NB-8","CPU info","GCC 13.3.0","2025-10-06 17:55:23"
80000,double_hashing,remove,0,42,0.001568770,80000,"load_factor=0.7000;avg_probes=1.74;max_cluster=28","INOVAI-NB-8","CPU info","GCC 13.3.0","2025-10-06 17:55:23"
80000,linear_probing,remove,1,43,0.001348987,80000,"load_factor=0.7000;avg_probes=2.17;max_cluster=92","INOVAI-NB-8","CPU info","GCC 13.3.0","2025-10-06 17:55:23"
80000,double_hashing,remove,1,43,0.001706432,80000,"load_factor=0.7000;avg_probes=1.73;max_cluster=32","INOVAI-NB-8","CPU info","GCC 13.3.0","2025-10-06 17:55:23"
80000,linear_probing,remove,2,44,0.001434060,80000,"load_factor=0.7000;avg_probes=2.19;max_cluster=174","INOVAI-NB-8","CPU info","GCC 13.3.0","2025-10-06 17:55:23"
80000,double_hashing,remove,2,44,0.001768687,80000,"load_factor=0.7000;avg_probes=1.74;max_cluster=35","INOVAI-NB-8","CPU info","GCC 13.3.0","2025-10-06 17:55:23"
80000,linear_probing,remove,3,45,0.001663069,80000,"load_factor=0.7000;avg_probes=2.18;max_cluster=98","INOVAI-NB-8","CPU info","GCC 13.3.0","2025-10-06 17:55:23"
80000,double_hashing,remove,3,45,0.001800863,80000,"load_factor=0.7000;avg_probes=1.74;max_cluster=30","INOVAI-NB-8","CPU info","GCC 13.3.0","2025-10-06 17:55:23"
80000,linear_probing,remove,4,46,0.001532022,80000,"load_factor=0.7000;avg_probes=2.17;max_cluster=113","INOVAI-NB-8","CPU info","GCC 13.3.0","2025-10-06 17:55:23"
80000,double_hashing,remove,4,46,0.001874749,80000,"load_factor=0.7000;avg_probes=1.73;max_cluster=29","INOVAI-NB-8","CPU info","GCC 13.3.0","2025-10-06 17:55:23"
90000,linear_probing,remove,0,42,0.001529885,90000,"load_factor=0.7000;avg_probes=2.15;max_cluster=89","INOVAI-NB-8","CPU info","GCC 13.3.0","2025-10-06 17:55:23"
90000,double_hashing,remove,0,42,0.001795793,90000,"load_factor=0.7000;avg_probes=1.75;max_cluster=27","INOVAI-NB-8","CPU info","GCC 13.3.0","2025-10-06 17:55:23"
90000,linear_probing,remove,1,43,0.001668421,90000,"load_factor=0.7000;avg_probes=2.17;max_cluster=97","INOVAI-NB-8","CPU info","GCC 13.3.0","2025-10-06 17:55:23"
90000,double_hashing,remove,1,43,0.001928328,90000,"load_factor=0.7000;avg_probes=1.74;max_cluster=33","INOVAI-NB-8","CPU info","GCC 13.3.0","2025-10-06 17:55:23"
90000,linear_probing,remove,2,44,0.001840236,90000,"load_factor=0.7000;avg_probes=2.18;max_cluster=216","INOVAI-NB-8","CPU info","GCC 13.3.0","2025-10-06 17:55:23"
90000,double_hashing,remove,2,44,0.002360531,89999,"load_factor=0.7000;avg_probes=1.74;max_cluster=29","INOVAI-NB-8","CPU info","GCC 13.3.0","2025-10-06 17:55:23"
90000,linear_probing,remove,3,45,0.001737554,90000,"load_factor=0.7000;avg_probes=2.17;max_cluster=121","INOVAI-NB-8","CPU info","GCC 13.3.0","2025-10-06 17:55:23"
90000,double_hashing,remove,3,45,0.001826888,90000,"load_factor=0.7000;avg_probes=1.74;max_cluster=32","INOVAI-NB-8","CPU info","GCC 13.3.0","2025-10-06 17:55:23"
90000,linear_probing,remove,4,46,0.001829903,90000,"load_factor=0.7000;avg_probes=2.17;max_cluster=115","INOVAI-NB-8","CPU info","GCC 13.3.0","2025-10-06 17:55:23"
90000,double_hashing,remove,4,46,0.002005238,90000,"load_factor=0.7000;avg_probes=1.74;max_cluster=30","INOVAI-NB-8","CPU info","GCC 13.3.0","2025-10-06 17:55:23"
100000,linear_probing,remove,0,42,0.002777650,100000,"load_factor=0.7000;avg_probes=2.14;max_cluster=88","INOVAI-NB-8","CPU info","GCC 13.3.0","2025-10-06 17:55:23"
100000,double_hashing,remove,0,42,0.002327128,100000,"load_factor=0.7000;avg_probes=1.74;max_cluster=33","INOVAI-NB-8","CPU info","GCC 13.3.0","2025-10-06 17:55:23"
100000,linear_probing,remove,1,43,0.002300704,100000,"load_factor=0.7000;avg_probes=2.17;max_cluster=84","INOVAI-NB-8","CPU info","GCC 13.3.0","2025-10-06 17:55:23"
100000,double_hashing,remove,1,43,0.002349723,100000,"load_factor=0.7000;avg_probes=1.74;max_cluster=32","INOVAI-NB-8","CPU info","GCC 13.3.0","2025-10-06 17:55:23"
100000,linear_probing,remove,2,44,0.002267273,100000,"load_factor=0.7000;avg_probes=2.18;max_cluster=214","INOVAI-NB-8","CPU info","GCC 13.3.0","2025-10-06 17:55:23"
100000,double_hashing,remove,2,44,0.002315726,100000,"load_factor=0.7000;avg_probes=1.73;max_cluster=28","INOVAI-NB-8","CPU info","GCC 13.3.0","2025-10-06 17:55:23"
100000,linear_probing,remove,3,45,0.001769983,100000,"load_factor=0.7000;avg_probes=2.15;max_cluster=119","INOVAI-NB-8","CPU info","GCC 13.3.0","2025-10-06 17:55:23"
100000,double_hashing,remove,3,45,0.002204286,100000,"load_factor=0.7000;avg_probes=1.73;max_cluster=32","INOVAI-NB-8","CPU info","GCC 13.3.0","2025-10-06 17:55:23"
100000,linear_probing,remove,4,46,0.001796334,100000,"load_factor=0.7000;avg_probes=2.16;max_cluster=121","INOVAI-NB-8","CPU info","GCC 13.3.0","2025-10-06 17:55:23"
100000,double_hashing,remove,4,46,0.002236301,100000,"load_factor=0.7000;avg_probes=1.74;max_cluster=28","INOVAI-NB-8","CPU info","GCC 13.3.0","2025-10-06 17:55:23"
200000,linear_probing,remove,0,42,0.003829544,200000,"load_factor=0.7000;avg_probes=2.17;max_cluster=96","INOVAI-NB-8","CPU info","GCC 13.3.0","2025-10-06 17:55:23"
200000,double_hashing,remove,0,42,0.012193044,200000,"load_factor=0.7000;avg_probes=1.74;max_cluster=31","INOVAI-NB-8","CPU info","GCC 13.3.0","2025-10-06 17:55:23"
200000,linear_probing,remove,1,43,0.003679094,200000,"load_factor=0.7000;avg_probes=2.18;max_cluster=128","INOVAI-NB-8","CPU info","GCC 13.3.0","2025-10-06 17:55:23"
200000,double_hashing,remove,1,43,0.004554544,200000,"load_factor=0.7000;avg_probes=1.74;max_cluster=31","INOVAI-NB-8","CPU info","GCC 13.3.0","2025-10-06 17:55:23"
200000,linear_probing,remove,2,44,0.003464849,200000,"load_factor=0.7000;avg_probes=2.18;max_cluster=143","INOVAI-NB-8","CPU info","GCC 13.3.0","2025-10-06 17:55:23"
200000,double_hashing,remove,2,44,0.004423100,200000,"load_factor=0.7000;avg_probes=1.74;max_cluster=31","INOVAI-NB-8","CPU info","GCC 13.3.0","2025-10-06 17:55:23"
200000,linear_probing,remove,3,45,0.004094462,200000,"load_factor=0.7000;avg_probes=2.18;max_cluster=106","INOVAI-NB-8","CPU info","GCC 13.3.0","2025-10-06 17:55:23"
200000,double_hashing,remove,3,45,0.004484377,200000,"load_factor=0.7000;avg_probes=1.75;max_cluster=28","INOVAI-NB-8","CPU info","GCC 13.3.0","2025-10-06 17:55:23"
200000,linear_probing,remove,4,46,0.004351484,200000,"load_factor=0.7000;avg_probes=2.18;max_cluster=113","INOVAI-NB-8","CPU info","GCC 13.3.0","2025-10-06 17:55:23"
200000,double_hashing,remove,4,46,0.004690853,200000,"load_factor=0.7000;avg_probes=1.74;max_cluster=38","INOVAI-NB-8","CPU info","GCC 13.3.0","2025-10-06 17:55:23"
300000,linear_probing,remove,0,42,0.005516570,300000,"load_factor=0.7000;avg_probes=2.17;max_cluster=121","INOVAI-NB-8","CPU info","GCC 13.3.0","2025-10-06 17:55:23"
300000,double_hashing,remove,0,42,0.006839366,300000,"load_factor=0.7000;avg_probes=1.74;max_cluster=38","INOVAI-NB-8","CPU info","GCC 13.3.0","2025-10-06 17:55:23"
300000,linear_probing,remove,1,43,0.006073229,300000,"load_factor=0.7000;avg_probes=2.16;max_cluster=107","INOVAI-NB-8","CPU info","GCC 13.3.0","2025-10-06 17:55:23"
300000,double_hashing,remove,1,43,0.007242808,300000,"load_factor=0.7000;avg_probes=1.74;max_cluster=31","INOVAI-NB-8","CPU info","GCC 13.3.0","2025-10-06 17:55:23"
300000,linear_probing,remove,2,44,0.005857451,300000,"load_factor=0.7000;avg_probes=2.17;max_cluster=154","INOVAI-NB-8","CPU info","GCC 13.3.0","2025-10-06 17:55:23"
300000,double_hashing,remove,2,44,0.007763427,300000,"load_factor=0.7000;avg_probes=1.74;max_cluster=33","INOVAI-NB-8","CPU info","GCC 13.3.0","2025-10-06 17:55:23"
300000,linear_probing,remove,3,45,0.005786636,300000,"load_factor=0.7000;avg_probes=2.18;max_cluster=128","INOVAI-NB-8","CPU info","GCC 13.3.0","2025-10-06 17:55:23"
300000,double_hashing,remove,3,45,0.006758956,300000,"load_factor=0.7000;avg_probes=1.74;max_cluster=35","INOVAI-NB-8","CPU info","GCC 13.3.0","2025-10-06 17:55:23"
300000,linear_probing,remove,4,46,0.005839152,300000,"load_factor=0.7000;avg_probes=2.17;max_cluster=123","INOVAI-NB-8","CPU info","GCC 13.3.0","2025-10-06 17:55:23"
300000,double_hashing,remove,4,46,0.007043027,300000,"load_factor=0.7000;avg_probes=1.74;max_cluster=36","INOVAI-NB-8","CPU info","GCC 13.3.0","2025-10-06 17:55:23"
400000,linear_probing,remove,0,42,0.007729615,400000,"load_factor=0.7000;avg_probes=2.18;max_cluster=106","INOVAI-NB-8","CPU info","GCC 13.3.0","2025-10-06 17:55:23"
400000,double_hashing,remove,0,42,0.010234405,400000,"load_factor=0.7000;avg_probes=1.74;max_cluster=43","INOVAI-NB-8","CPU info","GCC 13.3.0","2025-10-06 17:55:23"
400000,linear_probing,remove,1,43,0.008145301,400000,"load_factor=0.7000;avg_probes=2.17;max_cluster=126","INOVAI-NB-8","CPU info","GCC 13.3.0","2025-10-06 17:55:23"
400000,double_hashing,remove,1,43,0.011492349,399999,"load_factor=0.7000;avg_probes=1.74;max_cluster=32","INOVAI-NB-8","CPU info","GCC 13.3.0","2025-10-06 17:55:23"
400000,linear_probing,remove,2,44,0.008531610,400000,"load_factor=0.7000;avg_probes=2.17;max_cluster=138","INOVAI-NB-8","CPU info","GCC 13.3.0","2025-10-06 17:55:23"
400000,double_hashing,remove,2,44,0.010938206,399999,"load_factor=0.7000;avg_probes=1.74;max_cluster=36","INOVAI-NB-8","CPU info","GCC 13.3.0","2025-10-06 17:55:23"
400000,linear_probing,remove,3,45,0.008587911,400000,"load_factor=0.7000;avg_probes=2.17;max_cluster=131","INOVAI-NB-8","CPU info","GCC 13.3.0","2025-10-06 17:55:23"
400000,double_hashing,remove,3,45,0.012119702,399998,"load_factor=0.7000;avg_probes=1.74;max_cluster=35","INOVAI-NB-8","CPU info","GCC 13.3.0","2025-10-06 17:55:23"
400000,linear_probing,remove,4,46,0.008045297,400000,"load_factor=0.7000;avg_probes=2.16;max_cluster=106","INOVAI-NB-8","CPU info","GCC 13.3.0","2025-10-06 17:55:23"
400000,double_hashing,remove,4,46,0.012098646,399998,"load_factor=0.7000;avg_probes=1.74;max_cluster=33","INOVAI-NB-8","CPU info","GCC 13.3.0","2025-10-06 17:55:23"
500000,linear_probing,remove,0,42,0.009602126,500000,"load_factor=0.7000;avg_probes=2.16;max_cluster=110","INOVAI-NB-8","CPU info","GCC 13.3.0","2025-10-06 17:55:23"
500000,double_hashing,remove,0,42,0.014229362,499999,"load_factor=0.7000;avg_probes=1.74;max_cluster=33","INOVAI-NB-8","CPU info","GCC 13.3.0","2025-10-06 17:55:23"
500000,linear_probing,remove,1,43,0.010186483,500000,"load_factor=0.7000;avg_probes=2.17;max_cluster=149","INOVAI-NB-8","CPU info","GCC 13.3.0","2025-10-06 17:55:23"
500000,double_hashing,remove,1,43,0.013345567,500000,"load_factor=0.7000;avg_probes=1.74;max_cluster=35","INOVAI-NB-8","CPU info","GCC 13.3.0","2025-10-06 17:55:23"
500000,linear_probing,remove,2,44,0.011565006,500000,"load_factor=0.7000;avg_probes=2.17;max_cluster=102","INOVAI-NB-8","CPU info","GCC 13.3.0","2025-10-06 17:55:23"
500000,double_hashing,remove,2,44,0.015301791,499999,"load_factor=0.7000;avg_probes=1.74;max_cluster=36","INOVAI-NB-8","CPU info","GCC 13.3.0","2025-10-06 17:55:23"
500000,linear_probing,remove,3,45,0.013123033,500000,"load_factor=0.7000;avg_probes=2.17;max_cluster=126","INOVAI-NB-8","CPU info","GCC 13.3.0","2025-10-06 17:55:23"
500000,double_hashing,remove,3,45,0.013809732,500000,"load_factor=0.7000;avg_probes=1.74;max_cluster=37","INOVAI-NB-8","CPU info","GCC 13.3.0","2025-10-06 17:55:23"
500000,linear_probing,remove,4,46,0.010214785,500000,"load_factor=0.7000;avg_probes=2.17;max_cluster=113","INOVAI-NB-8","CPU info","GCC 13.3.0","2025-10-06 17:55:23"
500000,double_hashing,remove,4,46,0.012778908,500000,"load_factor=0.7000;avg_probes=1.74;max_cluster=39","INOVAI-NB-8","CPU info","GCC 13.3.0","2025-10-06 17:55:23"
600000,linear_probing,remove,0,42,0.014006582,600000,"load_factor=0.7000;avg_probes=2.17;max_cluster=141","INOVAI-NB-8","CPU info","GCC 13.3.0","2025-10-06 17:55:23"
600000,double_hashing,remove,0,42,0.015528524,600000,"load_factor=0.7000;avg_probes=1.74;max_cluster=37","INOVAI-NB-8","CPU info","GCC 13.3.0","2025-10-06 17:55:23"
600000,linear_probing,remove,1,43,0.014754326,600000,"load_factor=0.7000;avg_probes=2.17;max_cluster=130","INOVAI-NB-8","CPU info","GCC 13.3.0","2025-10-06 17:55:23"
600000,double_hashing,remove,1,43,0.016688919,600000,"load_factor=0.7000;avg_probes=1.74;max_cluster=34","INOVAI-NB-8","CPU info","GCC 13.3.0","2025-10-06 17:55:23"
600000,linear_probing,remove,2,44,0.012359684,600000,"load_factor=0.7000;avg_probes=2.17;max_cluster=119","INOVAI-NB-8","CPU info","GCC 13.3.0","2025-10-06 17:55:23"
600000,double_hashing,remove,2,44,0.019135967,599998,"load_factor=0.7000;avg_probes=1.74;max_cluster=31","INOVAI-NB-8","CPU info","GCC 13.3.0","2025-10-06 17:55:23"
600000,linear_probing,remove,3,45,0.012404943,600000,"load_factor=0.7000;avg_probes=2.17;max_cluster=130","INOVAI-NB-8","CPU info","GCC 13.3.0","2025-10-06 17:55:23"
600000,double_hashing,remove,3,45,0.016796829,600000,"load_factor=0.7000;avg_probes=1.74;max_cluster=32","INOVAI-NB-8","CPU info","GCC 13.3.0","2025-10-06 17:55:23"
600000,linear_probing,remove,4,46,0.011663303,600000,"load_factor=0.7000;avg_probes=2.17;max_cluster=119","INOVAI-NB-8","CPU info","GCC 13.3.0","2025-10-06 17:55:23"
600000,double_hashing,remove,4,46,0.015483380,600000,"load_factor=0.7000;avg_probes=1.74;max_cluster=36","INOVAI-NB-8","CPU info","GCC 13.3.0","2025-10-06 17:55:23"
700000,linear_probing,remove,0,42,0.014400131,700000,"load_factor=0.7000;avg_probes=2.16;max_cluster=139","INOVAI-NB-8","CPU info","GCC 13.3.0","2025-10-06 17:55:23"
700000,double_hashing,remove,0,42,0.021880932,700000,"load_factor=0.7000;avg_probes=1.74;max_cluster=47","INOVAI-NB-8","CPU info","GCC 13.3.0","2025-10-06 17:55:23"
700000,linear_probing,remove,1,43,0.014419443,700000,"load_factor=0.7000;avg_probes=2.17;max_cluster=137","INOVAI-NB-8","CPU info","GCC 13.3.0","2025-10-06 17:55:23"
700000,double_hashing,remove,1,43,0.019545586,700000,"load_factor=0.7000;avg_probes=1.74;max_cluster=37","INOVAI-NB-8","CPU info","GCC 13.3.0","2025-10-06 17:55:23"
700000,linear_probing,remove,2,44,0.015316035,700000,"load_factor=0.7000;avg_probes=2.17;max_cluster=151","INOVAI-NB-8","CPU info","GCC 13.3.0","2025-10-06 17:55:23"
700000,double_hashing,remove,2,44,0.021962720,700000,"load_factor=0.7000;avg_probes=1.74;max_cluster=37","INOVAI-NB-8","CPU info","GCC 13.3.0","2025-10-06 17:55:23"
700000,linear_probing,remove,3,45,0.016976425,700000,"load_factor=0.7000;avg_probes=2.17;max_cluster=149","INOVAI-NB-8","CPU info","GCC 13.3.0","2025-10-06 17:55:23"
700000,double_hashing,remove,3,45,0.019970559,700000,"load_factor=0.7000;avg_probes=1.74;max_cluster=34","INOVAI-NB-8","CPU info","GCC 13.3.0","2025-10-06 17:55:23"
700000,linear_probing,remove,4,46,0.014895930,700000,"load_factor=0.7000;avg_probes=2.17;max_cluster=166","INOVAI-NB-8","CPU info","GCC 13.3.0","2025-10-06 17:55:23"
700000,double_hashing,remove,4,46,0.018833412,700000,"load_factor=0.7000;avg_probes=1.74;max_cluster=37","INOVAI-NB-8","CPU info","GCC 13.3.0","2025-10-06 17:55:23"
800000,linear_probing,remove,0,42,0.017760879,800000,"load_factor=0.7000;avg_probes=2.16;max_cluster=158","INOVAI-NB-8","CPU info","GCC 13.3.0","2025-10-06 17:55:23"
800000,double_hashing,remove,0,42,0.027146755,800000,"load_factor=0.7000;avg_probes=1.74;max_cluster=36","INOVAI-NB-8","CPU info","GCC 13.3.0","2025-10-06 17:55:23"
800000,linear_probing,remove,1,43,0.018082180,800000,"load_factor=0.7000;avg_probes=2.17;max_cluster=137","INOVAI-NB-8","CPU info","GCC 13.3.0","2025-10-06 17:55:23"
800000,double_hashing,remove,1,43,0.021116537,800000,"load_factor=0.7000;avg_probes=1.74;max_cluster=33","INOVAI-NB-8","CPU info","GCC 13.3.0","2025-10-06 17:55:23"
800000,linear_probing,remove,2,44,0.017269926,800000,"load_factor=0.7000;avg_probes=2.16;max_cluster=149","INOVAI-NB-8","CPU info","GCC 13.3.0","2025-10-06 17:55:23"
800000,double_hashing,remove,2,44,0.024831101,800000,"load_factor=0.7000;avg_probes=1.74;max_cluster=35","INOVAI-NB-8","CPU info","GCC 13.3.0","2025-10-06 17:55:23"
800000,linear_probing,remove,3,45,0.017069728,800000,"load_factor=0.7000;avg_probes=2.17;max_cluster=130","INOVAI-NB-8","CPU info","GCC 13.3.0","2025-10-06 17:55:23"
800000,double_hashing,remove,3,45,0.026611073,800000,"load_factor=0.7000;avg_probes=1.74;max_cluster=40","INOVAI-NB-8","CPU info","GCC 13.3.0","2025-10-06 17:55:23"
800000,linear_probing,remove,4,46,0.018033610,800000,"load_factor=0.7000;avg_probes=2.16;max_cluster=149","INOVAI-NB-8","CPU info","GCC 13.3.0","2025-10-06 17:55:23"
800000,double_hashing,remove,4,46,0.021045324,800000,"load_factor=0.7000;avg_probes=1.74;max_cluster=36","INOVAI-NB-8","CPU info","GCC 13.3.0","2025-10-06 17:55:23"
900000,linear_probing,remove,0,42,0.021513995,900000,"load_factor=0.7000;avg_probes=2.15;max_cluster=153","INOVAI-NB-8","CPU info","GCC 13.3.0","2025-10-06 17:55:23"
900000,double_hashing,remove,0,42,0.033608351,900000,"load_factor=0.7000;avg_probes=1.74;max_cluster=35","INOVAI-NB-8","CPU info","GCC 13.3.0","2025-10-06 17:55:23"
900000,linear_probing,remove,1,43,0.022129349,900000,"load_factor=0.7000;avg_probes=2.17;max_cluster=153","INOVAI-NB-8","CPU info","GCC 13.3.0","2025-10-06 17:55:23"
900000,double_hashing,remove,1,43,0.027420313,900000,"load_factor=0.7000;avg_probes=1.74;max_cluster=40","INOVAI-NB-8","CPU info","GCC 13.3.0","2025-10-06 17:55:23"
900000,linear_probing,remove,2,44,0.026102659,900000,"load_factor=0.7000;avg_probes=2.17;max_cluster=126","INOVAI-NB-8","CPU info","GCC 13.3.0","2025-10-06 17:55:23"
900000,double_hashing,remove,2,44,0.028913305,900000,"load_factor=0.7000;avg_probes=1.74;max_cluster=42","INOVAI-NB-8","CPU info","GCC 13.3.0","2025-10-06 17:55:23"
900000,linear_probing,remove,3,45,0.020347317,900000,"load_factor=0.7000;avg_probes=2.18;max_cluster=129","INOVAI-NB-8","CPU info","GCC 13.3.0","2025-10-06 17:55:23"
900000,double_hashing,remove,3,45,0.026680354,900000,"load_factor=0.7000;avg_probes=1.74;max_cluster=37","INOVAI-NB-8","CPU info","GCC 13.3.0","2025-10-06 17:55:23"
900000,linear_probing,remove,4,46,0.021188219,900000,"load_factor=0.7000;avg_probes=2.17;max_cluster=177","INOVAI-NB-8","CPU info","GCC 13.3.0","2025-10-06 17:55:23"
900000,double_hashing,remove,4,46,0.026932209,900000,"load_factor=0.7000;avg_probes=1.74;max_cluster=36","INOVAI-NB-8","CPU info","GCC 13.3.0","2025-10-06 17:55:23"
1000000,linear_probing,remove,0,42,0.024902347,1000000,"load_factor=0.7000;avg_probes=2.15;max_cluster=123","INOVAI-NB-8","CPU info","GCC 13.3.0","2025-10-06 17:55:23"
1000000,double_hashing,remove,0,42,0.027911725,1000000,"load_factor=0.7000;avg_probes=1.74;max_cluster=36","INOVAI-NB-8","CPU info","GCC 13.3.0","2025-10-06 17:55:23"
1000000,linear_probing,remove,1,43,0.023056266,1000000,"load_factor=0.7000;avg_probes=2.18;max_cluster=137","INOVAI-NB-8","CPU info","GCC 13.3.0","2025-10-06 17:55:23"
1000000,double_hashing,remove,1,43,0.033997260,1000000,"load_factor=0.7000;avg_probes=1.74;max_cluster=38","INOVAI-NB-8","CPU info","GCC 13.3.0","2025-10-06 17:55:23"
1000000,linear_probing,remove,2,44,0.024666605,1000000,"load_factor=0.7000;avg_probes=2.16;max_cluster=123","INOVAI-NB-8","CPU info","GCC 13.3.0","2025-10-06 17:55:23"
1000000,double_hashing,remove,2,44,0.032079133,1000000,"load_factor=0.7000;avg_probes=1.74;max_cluster=37","INOVAI-NB-8","CPU info","GCC 13.3.0","2025-10-06 17:55:23"
1000000,linear_probing,remove,3,45,0.024829164,1000000,"load_factor=0.7000;avg_probes=2.17;max_cluster=141","INOVAI-NB-8","CPU info","GCC 13.3.0","2025-10-06 17:55:23"
1000000,double_hashing,remove,3,45,0.027872483,1000000,"load_factor=0.7000;avg_probes=1.74;max_cluster=36","INOVAI-NB-8","CPU info","GCC 13.3.0","2025-10-06 17:55:23"
1000000,linear_probing,remove,4,46,0.024724553,1000000,"load_factor=0.7000;avg_probes=2.16;max_cluster=130","INOVAI-NB-8","CPU info","GCC 13.3.0","2025-10-06 17:55:23"
1000000,double_hashing,remove,4,46,0.034626433,1000000,"load_factor=0.7000;avg_probes=1.73;max_cluster=37","INOVAI-NB-8","CPU info","GCC 13.3.0","2025-10-06 17:55:23"
