size,algorithm,data_type,run_index,seed,time_s,comparisons,metadata,hostname,cpu_info,compiler_info,timestamp
1000,chaining,insert,0,42,0.000028022,0,"load_factor=0.7003;collisions=222;max_chain=5","INOVAI-NB-8","CPU info","GCC 13.3.0","2025-10-06 17:39:37"
1000,open_addressing,insert,0,42,0.000020691,0,"load_factor=0.7003;total_probes=2118;max_cluster=31","INOVAI-NB-8","CPU info","GCC 13.3.0","2025-10-06 17:39:37"
1000,chaining,insert,1,43,0.000011963,0,"load_factor=0.7003;collisions=227;max_chain=4","INOVAI-NB-8","CPU info","GCC 13.3.0","2025-10-06 17:39:37"
1000,open_addressing,insert,1,43,0.000017439,0,"load_factor=0.7003;total_probes=1939;max_cluster=41","INOVAI-NB-8","CPU info","GCC 13.3.0","2025-10-06 17:39:37"
1000,chaining,insert,2,44,0.000031872,0,"load_factor=0.7003;collisions=220;max_chain=5","INOVAI-NB-8","CPU info","GCC 13.3.0","2025-10-06 17:39:37"
1000,open_addressing,insert,2,44,0.000016205,0,"load_factor=0.7003;total_probes=2082;max_cluster=40","INOVAI-NB-8","CPU info","GCC 13.3.0","2025-10-06 17:39:37"
1000,chaining,insert,3,45,0.000011254,0,"load_factor=0.7003;collisions=230;max_chain=5","INOVAI-NB-8","CPU info","GCC 13.3.0","2025-10-06 17:39:37"
1000,open_addressing,insert,3,45,0.000016922,0,"load_factor=0.7003;total_probes=2258;max_cluster=47","INOVAI-NB-8","CPU info","GCC 13.3.0","2025-10-06 17:39:37"
1000,chaining,insert,4,46,0.000011825,0,"load_factor=0.7003;collisions=225;max_chain=5","INOVAI-NB-8","CPU info","GCC 13.3.0","2025-10-06 17:39:37"
1000,open_addressing,insert,4,46,0.000016212,0,"load_factor=0.7003;total_probes=2078;max_cluster=45","INOVAI-NB-8","CPU info","GCC 13.3.0","2025-10-06 17:39:37"
2000,chaining,insert,0,42,0.000022402,0,"load_factor=0.7000;collisions=447;max_chain=5","INOVAI-NB-8","CPU info","GCC 13.3.0","2025-10-06 17:39:37"
2000,open_addressing,insert,0,42,0.000032627,0,"load_factor=0.7000;total_probes=4489;max_cluster=65","INOVAI-NB-8","CPU info","GCC 13.3.0","2025-10-06 17:39:37"
2000,chaining,insert,1,43,0.000021252,0,"load_factor=0.7000;collisions=454;max_chain=6","INOVAI-NB-8","CPU info","GCC 13.3.0","2025-10-06 17:39:37"
2000,open_addressing,insert,1,43,0.000033104,0,"load_factor=0.7000;total_probes=3954;max_cluster=49","INOVAI-NB-8","CPU info","GCC 13.3.0","2025-10-06 17:39:37"
2000,chaining,insert,2,44,0.000021536,0,"load_factor=0.7000;collisions=460;max_chain=5","INOVAI-NB-8","CPU info","GCC 13.3.0","2025-10-06 17:39:37"
2000,open_addressing,insert,2,44,0.000034183,0,"load_factor=0.7000;total_probes=4316;max_cluster=68","INOVAI-NB-8","CPU info","GCC 13.3.0","2025-10-06 17:39:37"
2000,chaining,insert,3,45,0.000022683,0,"load_factor=0.7000;collisions=437;max_chain=5","INOVAI-NB-8","CPU info","GCC 13.3.0","2025-10-06 17:39:37"
2000,open_addressing,insert,3,45,0.000032584,0,"load_factor=0.7000;total_probes=4118;max_cluster=59","INOVAI-NB-8","CPU info","GCC 13.3.0","2025-10-06 17:39:37"
2000,chaining,insert,4,46,0.000022545,0,"load_factor=0.7000;collisions=452;max_chain=5","INOVAI-NB-8","CPU info","GCC 13.3.0","2025-10-06 17:39:37"
2000,open_addressing,insert,4,46,0.000033020,0,"load_factor=0.7000;total_probes=4066;max_cluster=37","INOVAI-NB-8","CPU info","GCC 13.3.0","2025-10-06 17:39:37"
3000,chaining,insert,0,42,0.000040128,0,"load_factor=0.7001;collisions=679;max_chain=4","INOVAI-NB-8","CPU info","GCC 13.3.0","2025-10-06 17:39:37"
3000,open_addressing,insert,0,42,0.000051065,0,"load_factor=0.7001;total_probes=6985;max_cluster=95","INOVAI-NB-8","CPU info","GCC 13.3.0","2025-10-06 17:39:37"
3000,chaining,insert,1,43,0.000033680,0,"load_factor=0.7001;collisions=664;max_chain=5","INOVAI-NB-8","CPU info","GCC 13.3.0","2025-10-06 17:39:37"
3000,open_addressing,insert,1,43,0.000050904,0,"load_factor=0.7001;total_probes=6316;max_cluster=43","INOVAI-NB-8","CPU info","GCC 13.3.0","2025-10-06 17:39:37"
3000,chaining,insert,2,44,0.000034811,0,"load_factor=0.7001;collisions=655;max_chain=5","INOVAI-NB-8","CPU info","GCC 13.3.0","2025-10-06 17:39:37"
3000,open_addressing,insert,2,44,0.000060303,0,"load_factor=0.7001;total_probes=6383;max_cluster=70","INOVAI-NB-8","CPU info","GCC 13.3.0","2025-10-06 17:39:37"
3000,chaining,insert,3,45,0.000032647,0,"load_factor=0.7001;collisions=667;max_chain=5","INOVAI-NB-8","CPU info","GCC 13.3.0","2025-10-06 17:39:37"
3000,open_addressing,insert,3,45,0.000050169,0,"load_factor=0.7001;total_probes=6465;max_cluster=61","INOVAI-NB-8","CPU info","GCC 13.3.0","2025-10-06 17:39:37"
3000,chaining,insert,4,46,0.000032192,0,"load_factor=0.7001;collisions=683;max_chain=5","INOVAI-NB-8","CPU info","GCC 13.3.0","2025-10-06 17:39:37"
3000,open_addressing,insert,4,46,0.000050877,0,"load_factor=0.7001;total_probes=6513;max_cluster=63","INOVAI-NB-8","CPU info","GCC 13.3.0","2025-10-06 17:39:37"
4000,chaining,insert,0,42,0.000042623,0,"load_factor=0.7000;collisions=914;max_chain=6","INOVAI-NB-8","CPU info","GCC 13.3.0","2025-10-06 17:39:37"
4000,open_addressing,insert,0,42,0.000067045,0,"load_factor=0.7000;total_probes=9405;max_cluster=120","INOVAI-NB-8","CPU info","GCC 13.3.0","2025-10-06 17:39:37"
4000,chaining,insert,1,43,0.000043033,0,"load_factor=0.7000;collisions=874;max_chain=8","INOVAI-NB-8","CPU info","GCC 13.3.0","2025-10-06 17:39:37"
4000,open_addressing,insert,1,43,0.000065797,0,"load_factor=0.7000;total_probes=8240;max_cluster=54","INOVAI-NB-8","CPU info","GCC 13.3.0","2025-10-06 17:39:37"
4000,chaining,insert,2,44,0.000042505,0,"load_factor=0.7000;collisions=881;max_chain=5","INOVAI-NB-8","CPU info","GCC 13.3.0","2025-10-06 17:39:37"
4000,open_addressing,insert,2,44,0.000067321,0,"load_factor=0.7000;total_probes=8526;max_cluster=71","INOVAI-NB-8","CPU info","GCC 13.3.0","2025-10-06 17:39:37"
4000,chaining,insert,3,45,0.000041530,0,"load_factor=0.7000;collisions=915;max_chain=5","INOVAI-NB-8","CPU info","GCC 13.3.0","2025-10-06 17:39:37"
4000,open_addressing,insert,3,45,0.000066729,0,"load_factor=0.7000;total_probes=8537;max_cluster=56","INOVAI-NB-8","CPU info","GCC 13.3.0","2025-10-06 17:39:37"
4000,chaining,insert,4,46,0.000050676,0,"load_factor=0.7000;collisions=916;max_chain=5","INOVAI-NB-8","CPU info","GCC 13.3.0","2025-10-06 17:39:37"
4000,open_addressing,insert,4,46,0.000067549,0,"load_factor=0.7000;total_probes=8501;max_cluster=65","INOVAI-NB-8","CPU info","GCC 13.3.0","2025-10-06 17:39:37"
5000,chaining,insert,0,42,0.000051220,0,"load_factor=0.7001;collisions=1111;max_chain=7","INOVAI-NB-8","CPU info","GCC 13.3.0","2025-10-06 17:39:37"
5000,open_addressing,insert,0,42,0.000085237,0,"load_factor=0.7001;total_probes=11739;max_cluster=132","INOVAI-NB-8","CPU info","GCC 13.3.0","2025-10-06 17:39:37"
5000,chaining,insert,1,43,0.000051868,0,"load_factor=0.7001;collisions=1099;max_chain=6","INOVAI-NB-8","CPU info","GCC 13.3.0","2025-10-06 17:39:37"
5000,open_addressing,insert,1,43,0.000082097,0,"load_factor=0.7001;total_probes=10546;max_cluster=60","INOVAI-NB-8","CPU info","GCC 13.3.0","2025-10-06 17:39:37"
5000,chaining,insert,2,44,0.000053274,0,"load_factor=0.7001;collisions=1118;max_chain=5","INOVAI-NB-8","CPU info","GCC 13.3.0","2025-10-06 17:39:37"
5000,open_addressing,insert,2,44,0.000084190,0,"load_factor=0.7001;total_probes=10655;max_cluster=71","INOVAI-NB-8","CPU info","GCC 13.3.0","2025-10-06 17:39:37"
5000,chaining,insert,3,45,0.000052429,0,"load_factor=0.7001;collisions=1115;max_chain=6","INOVAI-NB-8","CPU info","GCC 13.3.0","2025-10-06 17:39:37"
5000,open_addressing,insert,3,45,0.000083799,0,"load_factor=0.7001;total_probes=10841;max_cluster=59","INOVAI-NB-8","CPU info","GCC 13.3.0","2025-10-06 17:39:37"
5000,chaining,insert,4,46,0.000053087,0,"load_factor=0.7001;collisions=1089;max_chain=6","INOVAI-NB-8","CPU info","GCC 13.3.0","2025-10-06 17:39:37"
5000,open_addressing,insert,4,46,0.000084660,0,"load_factor=0.7001;total_probes=10541;max_cluster=91","INOVAI-NB-8","CPU info","GCC 13.3.0","2025-10-06 17:39:37"
6000,chaining,insert,0,42,0.000069697,0,"load_factor=0.7000;collisions=1343;max_chain=7","INOVAI-NB-8","CPU info","GCC 13.3.0","2025-10-06 17:39:37"
6000,open_addressing,insert,0,42,0.000104604,0,"load_factor=0.7000;total_probes=13852;max_cluster=98","INOVAI-NB-8","CPU info","GCC 13.3.0","2025-10-06 17:39:37"
6000,chaining,insert,1,43,0.000063435,0,"load_factor=0.7000;collisions=1356;max_chain=6","INOVAI-NB-8","CPU info","GCC 13.3.0","2025-10-06 17:39:37"
6000,open_addressing,insert,1,43,0.000102432,0,"load_factor=0.7000;total_probes=12541;max_cluster=66","INOVAI-NB-8","CPU info","GCC 13.3.0","2025-10-06 17:39:37"
6000,chaining,insert,2,44,0.000063692,0,"load_factor=0.7000;collisions=1343;max_chain=5","INOVAI-NB-8","CPU info","GCC 13.3.0","2025-10-06 17:39:37"
6000,open_addressing,insert,2,44,0.000106028,0,"load_factor=0.7000;total_probes=12843;max_cluster=89","INOVAI-NB-8","CPU info","GCC 13.3.0","2025-10-06 17:39:37"
6000,chaining,insert,3,45,0.000066359,0,"load_factor=0.7000;collisions=1348;max_chain=6","INOVAI-NB-8","CPU info","GCC 13.3.0","2025-10-06 17:39:37"
6000,open_addressing,insert,3,45,0.000105966,0,"load_factor=0.7000;total_probes=12897;max_cluster=70","INOVAI-NB-8","CPU info","GCC 13.3.0","2025-10-06 17:39:37"
6000,chaining,insert,4,46,0.000069324,0,"load_factor=0.7000;collisions=1338;max_chain=5","INOVAI-NB-8","CPU info","GCC 13.3.0","2025-10-06 17:39:37"
6000,open_addressing,insert,4,46,0.000106039,0,"load_factor=0.7000;total_probes=12946;max_cluster=71","INOVAI-NB-8","CPU info","GCC 13.3.0","2025-10-06 17:39:37"
7000,chaining,insert,0,42,0.000077700,0,"load_factor=0.7000;collisions=1530;max_chain=6","INOVAI-NB-8","CPU info","GCC 13.3.0","2025-10-06 17:39:37"
7000,open_addressing,insert,0,42,0.000124243,0,"load_factor=0.7000;total_probes=15944;max_cluster=103","INOVAI-NB-8","CPU info","GCC 13.3.0","2025-10-06 17:39:37"
7000,chaining,insert,1,43,0.000078545,0,"load_factor=0.7000;collisions=1550;max_chain=5","INOVAI-NB-8","CPU info","GCC 13.3.0","2025-10-06 17:39:37"
7000,open_addressing,insert,1,43,0.000126255,0,"load_factor=0.7000;total_probes=14846;max_cluster=89","INOVAI-NB-8","CPU info","GCC 13.3.0","2025-10-06 17:39:37"
7000,chaining,insert,2,44,0.000077555,0,"load_factor=0.7000;collisions=1539;max_chain=7","INOVAI-NB-8","CPU info","GCC 13.3.0","2025-10-06 17:39:37"
7000,open_addressing,insert,2,44,0.000124408,0,"load_factor=0.7000;total_probes=14972;max_cluster=69","INOVAI-NB-8","CPU info","GCC 13.3.0","2025-10-06 17:39:37"
7000,chaining,insert,3,45,0.000078518,0,"load_factor=0.7000;collisions=1575;max_chain=5","INOVAI-NB-8","CPU info","GCC 13.3.0","2025-10-06 17:39:37"
7000,open_addressing,insert,3,45,0.000146678,0,"load_factor=0.7000;total_probes=15601;max_cluster=54","INOVAI-NB-8","CPU info","GCC 13.3.0","2025-10-06 17:39:37"
7000,chaining,insert,4,46,0.000076632,0,"load_factor=0.7000;collisions=1591;max_chain=5","INOVAI-NB-8","CPU info","GCC 13.3.0","2025-10-06 17:39:37"
7000,open_addressing,insert,4,46,0.000124956,0,"load_factor=0.7000;total_probes=14647;max_cluster=59","INOVAI-NB-8","CPU info","GCC 13.3.0","2025-10-06 17:39:37"
8000,chaining,insert,0,42,0.000109733,0,"load_factor=0.7000;collisions=1792;max_chain=6","INOVAI-NB-8","CPU info","GCC 13.3.0","2025-10-06 17:39:37"
8000,open_addressing,insert,0,42,0.000144670,0,"load_factor=0.7000;total_probes=17920;max_cluster=76","INOVAI-NB-8","CPU info","GCC 13.3.0","2025-10-06 17:39:37"
8000,chaining,insert,1,43,0.000088922,0,"load_factor=0.7000;collisions=1747;max_chain=6","INOVAI-NB-8","CPU info","GCC 13.3.0","2025-10-06 17:39:37"
8000,open_addressing,insert,1,43,0.000146313,0,"load_factor=0.7000;total_probes=17089;max_cluster=74","INOVAI-NB-8","CPU info","GCC 13.3.0","2025-10-06 17:39:37"
8000,chaining,insert,2,44,0.000091941,0,"load_factor=0.7000;collisions=1766;max_chain=6","INOVAI-NB-8","CPU info","GCC 13.3.0","2025-10-06 17:39:37"
8000,open_addressing,insert,2,44,0.000148564,0,"load_factor=0.7000;total_probes=17264;max_cluster=62","INOVAI-NB-8","CPU info","GCC 13.3.0","2025-10-06 17:39:37"
8000,chaining,insert,3,45,0.000090539,0,"load_factor=0.7000;collisions=1816;max_chain=6","INOVAI-NB-8","CPU info","GCC 13.3.0","2025-10-06 17:39:37"
8000,open_addressing,insert,3,45,0.000151536,0,"load_factor=0.7000;total_probes=17804;max_cluster=57","INOVAI-NB-8","CPU info","GCC 13.3.0","2025-10-06 17:39:37"
8000,chaining,insert,4,46,0.000093401,0,"load_factor=0.7000;collisions=1782;max_chain=6","INOVAI-NB-8","CPU info","GCC 13.3.0","2025-10-06 17:39:37"
8000,open_addressing,insert,4,46,0.000152326,0,"load_factor=0.7000;total_probes=17171;max_cluster=64","INOVAI-NB-8","CPU info","GCC 13.3.0","2025-10-06 17:39:37"
9000,chaining,insert,0,42,0.000102996,0,"load_factor=0.7000;collisions=2022;max_chain=7","INOVAI-NB-8","CPU info","GCC 13.3.0","2025-10-06 17:39:37"
9000,open_addressing,insert,0,42,0.000170252,0,"load_factor=0.7000;total_probes=20843;max_cluster=117","INOVAI-NB-8","CPU info","GCC 13.3.0","2025-10-06 17:39:37"
9000,chaining,insert,1,43,0.000103342,0,"load_factor=0.7000;collisions=1998;max_chain=6","INOVAI-NB-8","CPU info","GCC 13.3.0","2025-10-06 17:39:37"
9000,open_addressing,insert,1,43,0.000167519,0,"load_factor=0.7000;total_probes=19261;max_cluster=109","INOVAI-NB-8","CPU info","GCC 13.3.0","2025-10-06 17:39:37"
9000,chaining,insert,2,44,0.000172392,0,"load_factor=0.7000;collisions=2015;max_chain=6","INOVAI-NB-8","CPU info","GCC 13.3.0","2025-10-06 17:39:37"
9000,open_addressing,insert,2,44,0.000174212,0,"load_factor=0.7000;total_probes=18949;max_cluster=77","INOVAI-NB-8","CPU info","GCC 13.3.0","2025-10-06 17:39:37"
9000,chaining,insert,3,45,0.000103742,0,"load_factor=0.7000;collisions=2013;max_chain=7","INOVAI-NB-8","CPU info","GCC 13.3.0","2025-10-06 17:39:37"
9000,open_addressing,insert,3,45,0.000171768,0,"load_factor=0.7000;total_probes=20073;max_cluster=61","INOVAI-NB-8","CPU info","GCC 13.3.0","2025-10-06 17:39:37"
9000,chaining,insert,4,46,0.000112843,0,"load_factor=0.7000;collisions=1974;max_chain=6","INOVAI-NB-8","CPU info","GCC 13.3.0","2025-10-06 17:39:37"
9000,open_addressing,insert,4,46,0.000175394,0,"load_factor=0.7000;total_probes=19474;max_cluster=54","INOVAI-NB-8","CPU info","GCC 13.3.0","2025-10-06 17:39:37"
10000,chaining,insert,0,42,0.000114466,0,"load_factor=0.7000;collisions=2203;max_chain=6","INOVAI-NB-8","CPU info","GCC 13.3.0","2025-10-06 17:39:37"
10000,open_addressing,insert,0,42,0.000187997,0,"load_factor=0.7000;total_probes=22606;max_cluster=74","INOVAI-NB-8","CPU info","GCC 13.3.0","2025-10-06 17:39:37"
10000,chaining,insert,1,43,0.000122510,0,"load_factor=0.7000;collisions=2237;max_chain=6","INOVAI-NB-8","CPU info","GCC 13.3.0","2025-10-06 17:39:37"
10000,open_addressing,insert,1,43,0.000192219,0,"load_factor=0.7000;total_probes=21200;max_cluster=64","INOVAI-NB-8","CPU info","GCC 13.3.0","2025-10-06 17:39:37"
10000,chaining,insert,2,44,0.000118549,0,"load_factor=0.7000;collisions=2219;max_chain=7","INOVAI-NB-8","CPU info","GCC 13.3.0","2025-10-06 17:39:37"
10000,open_addressing,insert,2,44,0.000195924,0,"load_factor=0.7000;total_probes=21165;max_cluster=72","INOVAI-NB-8","CPU info","GCC 13.3.0","2025-10-06 17:39:37"
10000,chaining,insert,3,45,0.000116978,0,"load_factor=0.7000;collisions=2248;max_chain=6","INOVAI-NB-8","CPU info","GCC 13.3.0","2025-10-06 17:39:37"
10000,open_addressing,insert,3,45,0.000197425,0,"load_factor=0.7000;total_probes=21704;max_cluster=62","INOVAI-NB-8","CPU info","GCC 13.3.0","2025-10-06 17:39:37"
10000,chaining,insert,4,46,0.000116333,0,"load_factor=0.7000;collisions=2216;max_chain=6","INOVAI-NB-8","CPU info","GCC 13.3.0","2025-10-06 17:39:37"
10000,open_addressing,insert,4,46,0.000193796,0,"load_factor=0.7000;total_probes=21379;max_cluster=77","INOVAI-NB-8","CPU info","GCC 13.3.0","2025-10-06 17:39:37"
20000,chaining,insert,0,42,0.000237360,0,"load_factor=0.7000;collisions=4395;max_chain=6","INOVAI-NB-8","CPU info","GCC 13.3.0","2025-10-06 17:39:37"
20000,open_addressing,insert,0,42,0.000394197,0,"load_factor=0.7000;total_probes=43485;max_cluster=85","INOVAI-NB-8","CPU info","GCC 13.3.0","2025-10-06 17:39:37"
20000,chaining,insert,1,43,0.000230866,0,"load_factor=0.7000;collisions=4398;max_chain=6","INOVAI-NB-8","CPU info","GCC 13.3.0","2025-10-06 17:39:37"
20000,open_addressing,insert,1,43,0.000503392,0,"load_factor=0.7000;total_probes=43413;max_cluster=84","INOVAI-NB-8","CPU info","GCC 13.3.0","2025-10-06 17:39:37"
20000,chaining,insert,2,44,0.000227891,0,"load_factor=0.7000;collisions=4564;max_chain=7","INOVAI-NB-8","CPU info","GCC 13.3.0","2025-10-06 17:39:37"
20000,open_addressing,insert,2,44,0.000411459,0,"load_factor=0.7000;total_probes=42825;max_cluster=95","INOVAI-NB-8","CPU info","GCC 13.3.0","2025-10-06 17:39:37"
20000,chaining,insert,3,45,0.000231318,0,"load_factor=0.7000;collisions=4427;max_chain=7","INOVAI-NB-8","CPU info","GCC 13.3.0","2025-10-06 17:39:37"
20000,open_addressing,insert,3,45,0.000390396,0,"load_factor=0.7000;total_probes=43351;max_cluster=82","INOVAI-NB-8","CPU info","GCC 13.3.0","2025-10-06 17:39:37"
20000,chaining,insert,4,46,0.000233647,0,"load_factor=0.7000;collisions=4449;max_chain=6","INOVAI-NB-8","CPU info","GCC 13.3.0","2025-10-06 17:39:37"
20000,open_addressing,insert,4,46,0.000398543,0,"load_factor=0.7000;total_probes=43183;max_cluster=71","INOVAI-NB-8","CPU info","GCC 13.3.0","2025-10-06 17:39:37"
30000,chaining,insert,0,42,0.000440669,0,"load_factor=0.7000;collisions=6663;max_chain=6","INOVAI-NB-8","CPU info","GCC 13.3.0","2025-10-06 17:39:37"
30000,open_addressing,insert,0,42,0.000596968,0,"load_factor=0.7000;total_probes=64425;max_cluster=94","INOVAI-NB-8","CPU info","GCC 13.3.0","2025-10-06 17:39:37"
30000,chaining,insert,1,43,0.000358641,0,"load_factor=0.7000;collisions=6608;max_chain=6","INOVAI-NB-8","CPU info","GCC 13.3.0","2025-10-06 17:39:37"
30000,open_addressing,insert,1,43,0.000597552,0,"load_factor=0.7000;total_probes=63850;max_cluster=103","INOVAI-NB-8","CPU info","GCC 13.3.0","2025-10-06 17:39:37"
30000,chaining,insert,2,44,0.000363866,0,"load_factor=0.7000;collisions=6717;max_chain=6","INOVAI-NB-8","CPU info","GCC 13.3.0","2025-10-06 17:39:37"
30000,open_addressing,insert,2,44,0.000590308,0,"load_factor=0.7000;total_probes=64748;max_cluster=128","INOVAI-NB-8","CPU info","GCC 13.3.0","2025-10-06 17:39:37"
30000,chaining,insert,3,45,0.000350271,0,"load_factor=0.7000;collisions=6659;max_chain=7","INOVAI-NB-8","CPU info","GCC 13.3.0","2025-10-06 17:39:37"
30000,open_addressing,insert,3,45,0.000619400,0,"load_factor=0.7000;total_probes=66616;max_cluster=105","INOVAI-NB-8","CPU info","GCC 13.3.0","2025-10-06 17:39:37"
30000,chaining,insert,4,46,0.000379192,0,"load_factor=0.7000;collisions=6679;max_chain=6","INOVAI-NB-8","CPU info","GCC 13.3.0","2025-10-06 17:39:37"
30000,open_addressing,insert,4,46,0.000606422,0,"load_factor=0.7000;total_probes=65998;max_cluster=90","INOVAI-NB-8","CPU info","GCC 13.3.0","2025-10-06 17:39:37"
40000,chaining,insert,0,42,0.000533975,0,"load_factor=0.7000;collisions=8907;max_chain=8","INOVAI-NB-8","CPU info","GCC 13.3.0","2025-10-06 17:39:37"
40000,open_addressing,insert,0,42,0.000785931,0,"load_factor=0.7000;total_probes=86252;max_cluster=99","INOVAI-NB-8","CPU info","GCC 13.3.0","2025-10-06 17:39:37"
40000,chaining,insert,1,43,0.000483325,0,"load_factor=0.7000;collisions=8892;max_chain=6","INOVAI-NB-8","CPU info","GCC 13.3.0","2025-10-06 17:39:37"
40000,open_addressing,insert,1,43,0.000805109,0,"load_factor=0.7000;total_probes=87848;max_cluster=89","INOVAI-NB-8","CPU info","GCC 13.3.0","2025-10-06 17:39:37"
40000,chaining,insert,2,44,0.000466083,0,"load_factor=0.7000;collisions=8962;max_chain=5","INOVAI-NB-8","CPU info","GCC 13.3.0","2025-10-06 17:39:37"
40000,open_addressing,insert,2,44,0.000795874,0,"load_factor=0.7000;total_probes=87973;max_cluster=113","INOVAI-NB-8","CPU info","GCC 13.3.0","2025-10-06 17:39:37"
40000,chaining,insert,3,45,0.000513858,0,"load_factor=0.7000;collisions=8929;max_chain=6","INOVAI-NB-8","CPU info","GCC 13.3.0","2025-10-06 17:39:37"
40000,open_addressing,insert,3,45,0.000798333,0,"load_factor=0.7000;total_probes=87324;max_cluster=136","INOVAI-NB-8","CPU info","GCC 13.3.0","2025-10-06 17:39:37"
40000,chaining,insert,4,46,0.000553151,0,"load_factor=0.7000;collisions=8925;max_chain=6","INOVAI-NB-8","CPU info","GCC 13.3.0","2025-10-06 17:39:37"
40000,open_addressing,insert,4,46,0.000804073,0,"load_factor=0.7000;total_probes=86804;max_cluster=88","INOVAI-NB-8","CPU info","GCC 13.3.0","2025-10-06 17:39:37"
50000,chaining,insert,0,42,0.000757664,0,"load_factor=0.7000;collisions=11038;max_chain=6","INOVAI-NB-8","CPU info","GCC 13.3.0","2025-10-06 17:39:37"
50000,open_addressing,insert,0,42,0.000972999,0,"load_factor=0.7000;total_probes=106844;max_cluster=80","INOVAI-NB-8","CPU info","GCC 13.3.0","2025-10-06 17:39:37"
50000,chaining,insert,1,43,0.000651872,0,"load_factor=0.7000;collisions=11121;max_chain=7","INOVAI-NB-8","CPU info","GCC 13.3.0","2025-10-06 17:39:37"
50000,open_addressing,insert,1,43,0.001006964,0,"load_factor=0.7000;total_probes=109201;max_cluster=95","INOVAI-NB-8","CPU info","GCC 13.3.0","2025-10-06 17:39:37"
50000,chaining,insert,2,44,0.000625641,0,"load_factor=0.7000;collisions=11168;max_chain=6","INOVAI-NB-8","CPU info","GCC 13.3.0","2025-10-06 17:39:37"
50000,open_addressing,insert,2,44,0.000908647,0,"load_factor=0.7000;total_probes=110309;max_cluster=144","INOVAI-NB-8","CPU info","GCC 13.3.0","2025-10-06 17:39:37"
50000,chaining,insert,3,45,0.000616333,0,"load_factor=0.7000;collisions=11081;max_chain=6","INOVAI-NB-8","CPU info","GCC 13.3.0","2025-10-06 17:39:37"
50000,open_addressing,insert,3,45,0.000915041,0,"load_factor=0.7000;total_probes=108216;max_cluster=118","INOVAI-NB-8","CPU info","GCC 13.3.0","2025-10-06 17:39:37"
50000,chaining,insert,4,46,0.000636272,0,"load_factor=0.7000;collisions=11220;max_chain=6","INOVAI-NB-8","CPU info","GCC 13.3.0","2025-10-06 17:39:37"
50000,open_addressing,insert,4,46,0.000925830,0,"load_factor=0.7000;total_probes=109908;max_cluster=95","INOVAI-NB-8","CPU info","GCC 13.3.0","2025-10-06 17:39:37"
60000,chaining,insert,0,42,0.000766100,0,"load_factor=0.7000;collisions=13325;max_chain=6","INOVAI-NB-8","CPU info","GCC 13.3.0","2025-10-06 17:39:37"
60000,open_addressing,insert,0,42,0.001245459,0,"load_factor=0.7000;total_probes=127238;max_cluster=72","INOVAI-NB-8","CPU info","GCC 13.3.0","2025-10-06 17:39:37"
60000,chaining,insert,1,43,0.000867703,0,"load_factor=0.7000;collisions=13350;max_chain=7","INOVAI-NB-8","CPU info","GCC 13.3.0","2025-10-06 17:39:37"
60000,open_addressing,insert,1,43,0.001402190,0,"load_factor=0.7000;total_probes=128790;max_cluster=117","INOVAI-NB-8","CPU info","GCC 13.3.0","2025-10-06 17:39:37"
60000,chaining,insert,2,44,0.000780483,0,"load_factor=0.7000;collisions=13426;max_chain=6","INOVAI-NB-8","CPU info","GCC 13.3.0","2025-10-06 17:39:37"
60000,open_addressing,insert,2,44,0.001165853,0,"load_factor=0.7000;total_probes=132725;max_cluster=159","INOVAI-NB-8","CPU info","GCC 13.3.0","2025-10-06 17:39:37"
60000,chaining,insert,3,45,0.000774602,0,"load_factor=0.7000;collisions=13405;max_chain=6","INOVAI-NB-8","CPU info","GCC 13.3.0","2025-10-06 17:39:37"
60000,open_addressing,insert,3,45,0.001111740,0,"load_factor=0.7000;total_probes=130739;max_cluster=114","INOVAI-NB-8","CPU info","GCC 13.3.0","2025-10-06 17:39:37"
60000,chaining,insert,4,46,0.000806944,0,"load_factor=0.7000;collisions=13410;max_chain=6","INOVAI-NB-8","CPU info","GCC 13.3.0","2025-10-06 17:39:37"
60000,open_addressing,insert,4,46,0.001112721,0,"load_factor=0.7000;total_probes=131663;max_cluster=95","INOVAI-NB-8","CPU info","GCC 13.3.0","2025-10-06 17:39:37"
70000,chaining,insert,0,42,0.001018490,0,"load_factor=0.7000;collisions=15476;max_chain=7","INOVAI-NB-8","CPU info","GCC 13.3.0","2025-10-06 17:39:37"
70000,open_addressing,insert,0,42,0.001268832,0,"load_factor=0.7000;total_probes=148094;max_cluster=87","INOVAI-NB-8","CPU info","GCC 13.3.0","2025-10-06 17:39:37"
70000,chaining,insert,1,43,0.000916721,0,"load_factor=0.7000;collisions=15582;max_chain=6","INOVAI-NB-8","CPU info","GCC 13.3.0","2025-10-06 17:39:37"
70000,open_addressing,insert,1,43,0.001358581,0,"load_factor=0.7000;total_probes=151747;max_cluster=121","INOVAI-NB-8","CPU info","GCC 13.3.0","2025-10-06 17:39:37"
70000,chaining,insert,2,44,0.000866257,0,"load_factor=0.7000;collisions=15517;max_chain=8","INOVAI-NB-8","CPU info","GCC 13.3.0","2025-10-06 17:39:37"
70000,open_addressing,insert,2,44,0.001394415,0,"load_factor=0.7000;total_probes=152606;max_cluster=149","INOVAI-NB-8","CPU info","GCC 13.3.0","2025-10-06 17:39:37"
70000,chaining,insert,3,45,0.001019164,0,"load_factor=0.7000;collisions=15504;max_chain=8","INOVAI-NB-8","CPU info","GCC 13.3.0","2025-10-06 17:39:37"
70000,open_addressing,insert,3,45,0.001352281,0,"load_factor=0.7000;total_probes=151342;max_cluster=92","INOVAI-NB-8","CPU info","GCC 13.3.0","2025-10-06 17:39:37"
70000,chaining,insert,4,46,0.000857446,0,"load_factor=0.7000;collisions=15685;max_chain=7","INOVAI-NB-8","CPU info","GCC 13.3.0","2025-10-06 17:39:37"
70000,open_addressing,insert,4,46,0.001351137,0,"load_factor=0.7000;total_probes=152225;max_cluster=104","INOVAI-NB-8","CPU info","GCC 13.3.0","2025-10-06 17:39:37"
80000,chaining,insert,0,42,0.001272509,0,"load_factor=0.7000;collisions=17902;max_chain=8","INOVAI-NB-8","CPU info","GCC 13.3.0","2025-10-06 17:39:37"
80000,open_addressing,insert,0,42,0.001973093,0,"load_factor=0.7000;total_probes=171305;max_cluster=89","INOVAI-NB-8","CPU info","GCC 13.3.0","2025-10-06 17:39:37"
80000,chaining,insert,1,43,0.001098504,0,"load_factor=0.7000;collisions=17720;max_chain=7","INOVAI-NB-8","CPU info","GCC 13.3.0","2025-10-06 17:39:37"
80000,open_addressing,insert,1,43,0.001325129,0,"load_factor=0.7000;total_probes=173898;max_cluster=92","INOVAI-NB-8","CPU info","GCC 13.3.0","2025-10-06 17:39:37"
80000,chaining,insert,2,44,0.001192117,0,"load_factor=0.7000;collisions=17891;max_chain=6","INOVAI-NB-8","CPU info","GCC 13.3.0","2025-10-06 17:39:37"
80000,open_addressing,insert,2,44,0.001453297,0,"load_factor=0.7000;total_probes=175018;max_cluster=174","INOVAI-NB-8","CPU info","GCC 13.3.0","2025-10-06 17:39:37"
80000,chaining,insert,3,45,0.001623008,0,"load_factor=0.7000;collisions=17771;max_chain=6","INOVAI-NB-8","CPU info","GCC 13.3.0","2025-10-06 17:39:37"
80000,open_addressing,insert,3,45,0.001302038,0,"load_factor=0.7000;total_probes=174253;max_cluster=98","INOVAI-NB-8","CPU info","GCC 13.3.0","2025-10-06 17:39:37"
80000,chaining,insert,4,46,0.001637278,0,"load_factor=0.7000;collisions=17745;max_chain=7","INOVAI-NB-8","CPU info","GCC 13.3.0","2025-10-06 17:39:37"
80000,open_addressing,insert,4,46,0.001480171,0,"load_factor=0.7000;total_probes=173583;max_cluster=113","INOVAI-NB-8","CPU info","GCC 13.3.0","2025-10-06 17:39:37"
90000,chaining,insert,0,42,0.002420627,0,"load_factor=0.7000;collisions=20170;max_chain=7","INOVAI-NB-8","CPU info","GCC 13.3.0","2025-10-06 17:39:37"
90000,open_addressing,insert,0,42,0.002110421,0,"load_factor=0.7000;total_probes=193137;max_cluster=89","INOVAI-NB-8","CPU info","GCC 13.3.0","2025-10-06 17:39:37"
90000,chaining,insert,1,43,0.001921838,0,"load_factor=0.7000;collisions=19860;max_chain=7","INOVAI-NB-8","CPU info","GCC 13.3.0","2025-10-06 17:39:37"
90000,open_addressing,insert,1,43,0.001665064,0,"load_factor=0.7000;total_probes=195072;max_cluster=97","INOVAI-NB-8","CPU info","GCC 13.3.0","2025-10-06 17:39:37"
90000,chaining,insert,2,44,0.001221712,0,"load_factor=0.7000;collisions=20032;max_chain=7","INOVAI-NB-8","CPU info","GCC 13.3.0","2025-10-06 17:39:37"
90000,open_addressing,insert,2,44,0.001673482,0,"load_factor=0.7000;total_probes=196463;max_cluster=216","INOVAI-NB-8","CPU info","GCC 13.3.0","2025-10-06 17:39:37"
90000,chaining,insert,3,45,0.001285592,0,"load_factor=0.7000;collisions=20139;max_chain=7","INOVAI-NB-8","CPU info","GCC 13.3.0","2025-10-06 17:39:37"
90000,open_addressing,insert,3,45,0.001835305,0,"load_factor=0.7000;total_probes=194961;max_cluster=121","INOVAI-NB-8","CPU info","GCC 13.3.0","2025-10-06 17:39:37"
90000,chaining,insert,4,46,0.002005219,0,"load_factor=0.7000;collisions=20079;max_chain=6","INOVAI-NB-8","CPU info","GCC 13.3.0","2025-10-06 17:39:37"
90000,open_addressing,insert,4,46,0.001924007,0,"load_factor=0.7000;total_probes=195305;max_cluster=115","INOVAI-NB-8","CPU info","GCC 13.3.0","2025-10-06 17:39:37"
100000,chaining,insert,0,42,0.001705319,0,"load_factor=0.7000;collisions=22204;max_chain=7","INOVAI-NB-8","CPU info","GCC 13.3.0","2025-10-06 17:39:37"
100000,open_addressing,insert,0,42,0.002656628,0,"load_factor=0.7000;total_probes=213514;max_cluster=88","INOVAI-NB-8","CPU info","GCC 13.3.0","2025-10-06 17:39:37"
100000,chaining,insert,1,43,0.001475353,0,"load_factor=0.7000;collisions=22194;max_chain=7","INOVAI-NB-8","CPU info","GCC 13.3.0","2025-10-06 17:39:37"
100000,open_addressing,insert,1,43,0.002071526,0,"load_factor=0.7000;total_probes=216970;max_cluster=84","INOVAI-NB-8","CPU info","GCC 13.3.0","2025-10-06 17:39:37"
100000,chaining,insert,2,44,0.001979972,0,"load_factor=0.7000;collisions=22117;max_chain=7","INOVAI-NB-8","CPU info","GCC 13.3.0","2025-10-06 17:39:37"
100000,open_addressing,insert,2,44,0.002238931,0,"load_factor=0.7000;total_probes=217578;max_cluster=214","INOVAI-NB-8","CPU info","GCC 13.3.0","2025-10-06 17:39:37"
100000,chaining,insert,3,45,0.001842052,0,"load_factor=0.7000;collisions=22239;max_chain=7","INOVAI-NB-8","CPU info","GCC 13.3.0","2025-10-06 17:39:37"
100000,open_addressing,insert,3,45,0.002108534,0,"load_factor=0.7000;total_probes=215465;max_cluster=119","INOVAI-NB-8","CPU info","GCC 13.3.0","2025-10-06 17:39:37"
100000,chaining,insert,4,46,0.001917987,0,"load_factor=0.7000;collisions=22246;max_chain=7","INOVAI-NB-8","CPU info","GCC 13.3.0","2025-10-06 17:39:37"
100000,open_addressing,insert,4,46,0.002162566,0,"load_factor=0.7000;total_probes=216167;max_cluster=121","INOVAI-NB-8","CPU info","GCC 13.3.0","2025-10-06 17:39:37"
200000,chaining,insert,0,42,0.006059823,0,"load_factor=0.7000;collisions=44501;max_chain=7","INOVAI-NB-8","CPU info","GCC 13.3.0","2025-10-06 17:39:37"
200000,open_addressing,insert,0,42,0.003824067,0,"load_factor=0.7000;total_probes=433621;max_cluster=96","INOVAI-NB-8","CPU info","GCC 13.3.0","2025-10-06 17:39:37"
200000,chaining,insert,1,43,0.004958691,0,"load_factor=0.7000;collisions=44388;max_chain=7","INOVAI-NB-8","CPU info","GCC 13.3.0","2025-10-06 17:39:37"
200000,open_addressing,insert,1,43,0.003483899,0,"load_factor=0.7000;total_probes=435391;max_cluster=128","INOVAI-NB-8","CPU info","GCC 13.3.0","2025-10-06 17:39:37"
200000,chaining,insert,2,44,0.004352599,0,"load_factor=0.7000;collisions=44392;max_chain=6","INOVAI-NB-8","CPU info","GCC 13.3.0","2025-10-06 17:39:37"
200000,open_addressing,insert,2,44,0.004256160,0,"load_factor=0.7000;total_probes=436507;max_cluster=143","INOVAI-NB-8","CPU info","GCC 13.3.0","2025-10-06 17:39:37"
200000,chaining,insert,3,45,0.003170937,0,"load_factor=0.7000;collisions=44522;max_chain=7","INOVAI-NB-8","CPU info","GCC 13.3.0","2025-10-06 17:39:37"
200000,open_addressing,insert,3,45,0.003775553,0,"load_factor=0.7000;total_probes=435957;max_cluster=106","INOVAI-NB-8","CPU info","GCC 13.3.0","2025-10-06 17:39:37"
200000,chaining,insert,4,46,0.003730615,0,"load_factor=0.7000;collisions=44371;max_chain=7","INOVAI-NB-8","CPU info","GCC 13.3.0","2025-10-06 17:39:37"
200000,open_addressing,insert,4,46,0.004583414,0,"load_factor=0.7000;total_probes=436809;max_cluster=113","INOVAI-NB-8","CPU info","GCC 13.3.0","2025-10-06 17:39:37"
300000,chaining,insert,0,42,0.015967900,0,"load_factor=0.7000;collisions=66808;max_chain=7","INOVAI-NB-8","CPU info","GCC 13.3.0","2025-10-06 17:39:37"
300000,open_addressing,insert,0,42,0.007436963,0,"load_factor=0.7000;total_probes=650562;max_cluster=121","INOVAI-NB-8","CPU info","GCC 13.3.0","2025-10-06 17:39:37"
300000,chaining,insert,1,43,0.006998698,0,"load_factor=0.7000;collisions=66603;max_chain=7","INOVAI-NB-8","CPU info","GCC 13.3.0","2025-10-06 17:39:37"
300000,open_addressing,insert,1,43,0.006257198,0,"load_factor=0.7000;total_probes=647855;max_cluster=107","INOVAI-NB-8","CPU info","GCC 13.3.0","2025-10-06 17:39:37"
300000,chaining,insert,2,44,0.006718001,0,"load_factor=0.7000;collisions=66944;max_chain=8","INOVAI-NB-8","CPU info","GCC 13.3.0","2025-10-06 17:39:37"
300000,open_addressing,insert,2,44,0.005511466,0,"load_factor=0.7000;total_probes=651896;max_cluster=154","INOVAI-NB-8","CPU info","GCC 13.3.0","2025-10-06 17:39:37"
300000,chaining,insert,3,45,0.006834202,0,"load_factor=0.7000;collisions=66922;max_chain=7","INOVAI-NB-8","CPU info","GCC 13.3.0","2025-10-06 17:39:37"
300000,open_addressing,insert,3,45,0.006225714,0,"load_factor=0.7000;total_probes=654511;max_cluster=128","INOVAI-NB-8","CPU info","GCC 13.3.0","2025-10-06 17:39:37"
300000,chaining,insert,4,46,0.006517755,0,"load_factor=0.7000;collisions=67005;max_chain=7","INOVAI-NB-8","CPU info","GCC 13.3.0","2025-10-06 17:39:37"
300000,open_addressing,insert,4,46,0.006662912,0,"load_factor=0.7000;total_probes=651130;max_cluster=123","INOVAI-NB-8","CPU info","GCC 13.3.0","2025-10-06 17:39:37"
400000,chaining,insert,0,42,0.017683176,0,"load_factor=0.7000;collisions=89051;max_chain=7","INOVAI-NB-8","CPU info","GCC 13.3.0","2025-10-06 17:39:37"
400000,open_addressing,insert,0,42,0.008609445,0,"load_factor=0.7000;total_probes=870382;max_cluster=106","INOVAI-NB-8","CPU info","GCC 13.3.0","2025-10-06 17:39:37"
400000,chaining,insert,1,43,0.012580557,0,"load_factor=0.7000;collisions=88779;max_chain=8","INOVAI-NB-8","CPU info","GCC 13.3.0","2025-10-06 17:39:37"
400000,open_addressing,insert,1,43,0.007879789,0,"load_factor=0.7000;total_probes=866496;max_cluster=126","INOVAI-NB-8","CPU info","GCC 13.3.0","2025-10-06 17:39:37"
400000,chaining,insert,2,44,0.012141785,0,"load_factor=0.7000;collisions=88862;max_chain=8","INOVAI-NB-8","CPU info","GCC 13.3.0","2025-10-06 17:39:37"
400000,open_addressing,insert,2,44,0.008345323,0,"load_factor=0.7000;total_probes=866599;max_cluster=138","INOVAI-NB-8","CPU info","GCC 13.3.0","2025-10-06 17:39:37"
400000,chaining,insert,3,45,0.019928504,0,"load_factor=0.7000;collisions=89142;max_chain=7","INOVAI-NB-8","CPU info","GCC 13.3.0","2025-10-06 17:39:37"
400000,open_addressing,insert,3,45,0.008338125,0,"load_factor=0.7000;total_probes=867651;max_cluster=131","INOVAI-NB-8","CPU info","GCC 13.3.0","2025-10-06 17:39:37"
400000,chaining,insert,4,46,0.014592590,0,"load_factor=0.7000;collisions=89015;max_chain=7","INOVAI-NB-8","CPU info","GCC 13.3.0","2025-10-06 17:39:37"
400000,open_addressing,insert,4,46,0.007815100,0,"load_factor=0.7000;total_probes=864165;max_cluster=106","INOVAI-NB-8","CPU info","GCC 13.3.0","2025-10-06 17:39:37"
500000,chaining,insert,0,42,0.028061746,0,"load_factor=0.7000;collisions=111306;max_chain=7","INOVAI-NB-8","CPU info","GCC 13.3.0","2025-10-06 17:39:37"
500000,open_addressing,insert,0,42,0.010567201,0,"load_factor=0.7000;total_probes=1082011;max_cluster=110","INOVAI-NB-8","CPU info","GCC 13.3.0","2025-10-06 17:39:37"
500000,chaining,insert,1,43,0.021831925,0,"load_factor=0.7000;collisions=111313;max_chain=8","INOVAI-NB-8","CPU info","GCC 13.3.0","2025-10-06 17:39:37"
500000,open_addressing,insert,1,43,0.009834607,0,"load_factor=0.7000;total_probes=1083137;max_cluster=149","INOVAI-NB-8","CPU info","GCC 13.3.0","2025-10-06 17:39:37"
500000,chaining,insert,2,44,0.017571630,0,"load_factor=0.7000;collisions=111359;max_chain=7","INOVAI-NB-8","CPU info","GCC 13.3.0","2025-10-06 17:39:37"
500000,open_addressing,insert,2,44,0.012030906,0,"load_factor=0.7000;total_probes=1082730;max_cluster=102","INOVAI-NB-8","CPU info","GCC 13.3.0","2025-10-06 17:39:37"
500000,chaining,insert,3,45,0.017852839,0,"load_factor=0.7000;collisions=111186;max_chain=8","INOVAI-NB-8","CPU info","GCC 13.3.0","2025-10-06 17:39:37"
500000,open_addressing,insert,3,45,0.011532363,0,"load_factor=0.7000;total_probes=1087328;max_cluster=126","INOVAI-NB-8","CPU info","GCC 13.3.0","2025-10-06 17:39:37"
500000,chaining,insert,4,46,0.017541094,0,"load_factor=0.7000;collisions=111047;max_chain=8","INOVAI-NB-8","CPU info","GCC 13.3.0","2025-10-06 17:39:37"
500000,open_addressing,insert,4,46,0.010478031,0,"load_factor=0.7000;total_probes=1083705;max_cluster=113","INOVAI-NB-8","CPU info","GCC 13.3.0","2025-10-06 17:39:37"
600000,chaining,insert,0,42,0.027188585,0,"load_factor=0.7000;collisions=133498;max_chain=8","INOVAI-NB-8","CPU info","GCC 13.3.0","2025-10-06 17:39:37"
600000,open_addressing,insert,0,42,0.013595445,0,"load_factor=0.7000;total_probes=1301414;max_cluster=141","INOVAI-NB-8","CPU info","GCC 13.3.0","2025-10-06 17:39:37"
600000,chaining,insert,1,43,0.027319740,0,"load_factor=0.7000;collisions=133571;max_chain=7","INOVAI-NB-8","CPU info","GCC 13.3.0","2025-10-06 17:39:37"
600000,open_addressing,insert,1,43,0.012137433,0,"load_factor=0.7000;total_probes=1303640;max_cluster=130","INOVAI-NB-8","CPU info","GCC 13.3.0","2025-10-06 17:39:37"
600000,chaining,insert,2,44,0.025488692,0,"load_factor=0.7000;collisions=133178;max_chain=8","INOVAI-NB-8","CPU info","GCC 13.3.0","2025-10-06 17:39:37"
600000,open_addressing,insert,2,44,0.012155768,0,"load_factor=0.7000;total_probes=1300750;max_cluster=119","INOVAI-NB-8","CPU info","GCC 13.3.0","2025-10-06 17:39:37"
600000,chaining,insert,3,45,0.027311871,0,"load_factor=0.7000;collisions=133411;max_chain=8","INOVAI-NB-8","CPU info","GCC 13.3.0","2025-10-06 17:39:37"
600000,open_addressing,insert,3,45,0.013809056,0,"load_factor=0.7000;total_probes=1303492;max_cluster=130","INOVAI-NB-8","CPU info","GCC 13.3.0","2025-10-06 17:39:37"
600000,chaining,insert,4,46,0.022654377,0,"load_factor=0.7000;collisions=133588;max_chain=7","INOVAI-NB-8","CPU info","GCC 13.3.0","2025-10-06 17:39:37"
600000,open_addressing,insert,4,46,0.013165972,0,"load_factor=0.7000;total_probes=1299798;max_cluster=119","INOVAI-NB-8","CPU info","GCC 13.3.0","2025-10-06 17:39:37"
700000,chaining,insert,0,42,0.040130687,0,"load_factor=0.7000;collisions=156239;max_chain=7","INOVAI-NB-8","CPU info","GCC 13.3.0","2025-10-06 17:39:37"
700000,open_addressing,insert,0,42,0.015028425,0,"load_factor=0.7000;total_probes=1511926;max_cluster=139","INOVAI-NB-8","CPU info","GCC 13.3.0","2025-10-06 17:39:37"
700000,chaining,insert,1,43,0.029134894,0,"load_factor=0.7000;collisions=155744;max_chain=7","INOVAI-NB-8","CPU info","GCC 13.3.0","2025-10-06 17:39:37"
700000,open_addressing,insert,1,43,0.013965475,0,"load_factor=0.7000;total_probes=1520225;max_cluster=137","INOVAI-NB-8","CPU info","GCC 13.3.0","2025-10-06 17:39:37"
700000,chaining,insert,2,44,0.029838512,0,"load_factor=0.7000;collisions=155624;max_chain=7","INOVAI-NB-8","CPU info","GCC 13.3.0","2025-10-06 17:39:37"
700000,open_addressing,insert,2,44,0.016269753,0,"load_factor=0.7000;total_probes=1516511;max_cluster=151","INOVAI-NB-8","CPU info","GCC 13.3.0","2025-10-06 17:39:37"
700000,chaining,insert,3,45,0.029914139,0,"load_factor=0.7000;collisions=155801;max_chain=7","INOVAI-NB-8","CPU info","GCC 13.3.0","2025-10-06 17:39:37"
700000,open_addressing,insert,3,45,0.015557212,0,"load_factor=0.7000;total_probes=1522451;max_cluster=149","INOVAI-NB-8","CPU info","GCC 13.3.0","2025-10-06 17:39:37"
700000,chaining,insert,4,46,0.031346850,0,"load_factor=0.7000;collisions=155560;max_chain=8","INOVAI-NB-8","CPU info","GCC 13.3.0","2025-10-06 17:39:37"
700000,open_addressing,insert,4,46,0.014812884,0,"load_factor=0.7000;total_probes=1517629;max_cluster=166","INOVAI-NB-8","CPU info","GCC 13.3.0","2025-10-06 17:39:37"
800000,chaining,insert,0,42,0.040938035,0,"load_factor=0.7000;collisions=178030;max_chain=7","INOVAI-NB-8","CPU info","GCC 13.3.0","2025-10-06 17:39:37"
800000,open_addressing,insert,0,42,0.018089885,0,"load_factor=0.7000;total_probes=1729755;max_cluster=158","INOVAI-NB-8","CPU info","GCC 13.3.0","2025-10-06 17:39:37"
800000,chaining,insert,1,43,0.041300247,0,"load_factor=0.7000;collisions=178096;max_chain=7","INOVAI-NB-8","CPU info","GCC 13.3.0","2025-10-06 17:39:37"
800000,open_addressing,insert,1,43,0.016855127,0,"load_factor=0.7000;total_probes=1737907;max_cluster=137","INOVAI-NB-8","CPU info","GCC 13.3.0","2025-10-06 17:39:37"
800000,chaining,insert,2,44,0.036163618,0,"load_factor=0.7000;collisions=177707;max_chain=8","INOVAI-NB-8","CPU info","GCC 13.3.0","2025-10-06 17:39:37"
800000,open_addressing,insert,2,44,0.017645506,0,"load_factor=0.7000;total_probes=1731977;max_cluster=149","INOVAI-NB-8","CPU info","GCC 13.3.0","2025-10-06 17:39:37"
800000,chaining,insert,3,45,0.036572253,0,"load_factor=0.7000;collisions=178085;max_chain=7","INOVAI-NB-8","CPU info","GCC 13.3.0","2025-10-06 17:39:37"
800000,open_addressing,insert,3,45,0.018296489,0,"load_factor=0.7000;total_probes=1739569;max_cluster=130","INOVAI-NB-8","CPU info","GCC 13.3.0","2025-10-06 17:39:37"
800000,chaining,insert,4,46,0.036322977,0,"load_factor=0.7000;collisions=178422;max_chain=9","INOVAI-NB-8","CPU info","GCC 13.3.0","2025-10-06 17:39:37"
800000,open_addressing,insert,4,46,0.018816303,0,"load_factor=0.7000;total_probes=1731540;max_cluster=149","INOVAI-NB-8","CPU info","GCC 13.3.0","2025-10-06 17:39:37"
900000,chaining,insert,0,42,0.046767843,0,"load_factor=0.7000;collisions=200565;max_chain=8","INOVAI-NB-8","CPU info","GCC 13.3.0","2025-10-06 17:39:37"
900000,open_addressing,insert,0,42,0.020138081,0,"load_factor=0.7000;total_probes=1937863;max_cluster=153","INOVAI-NB-8","CPU info","GCC 13.3.0","2025-10-06 17:39:37"
900000,chaining,insert,1,43,0.050158364,0,"load_factor=0.7000;collisions=200449;max_chain=8","INOVAI-NB-8","CPU info","GCC 13.3.0","2025-10-06 17:39:37"
900000,open_addressing,insert,1,43,0.023600953,0,"load_factor=0.7000;total_probes=1955645;max_cluster=153","INOVAI-NB-8","CPU info","GCC 13.3.0","2025-10-06 17:39:37"
900000,chaining,insert,2,44,0.044353506,0,"load_factor=0.7000;collisions=200106;max_chain=7","INOVAI-NB-8","CPU info","GCC 13.3.0","2025-10-06 17:39:37"
900000,open_addressing,insert,2,44,0.021183151,0,"load_factor=0.7000;total_probes=1949091;max_cluster=126","INOVAI-NB-8","CPU info","GCC 13.3.0","2025-10-06 17:39:37"
900000,chaining,insert,3,45,0.041544936,0,"load_factor=0.7000;collisions=200469;max_chain=8","INOVAI-NB-8","CPU info","GCC 13.3.0","2025-10-06 17:39:37"
900000,open_addressing,insert,3,45,0.021070505,0,"load_factor=0.7000;total_probes=1957737;max_cluster=129","INOVAI-NB-8","CPU info","GCC 13.3.0","2025-10-06 17:39:37"
900000,chaining,insert,4,46,0.044839897,0,"load_factor=0.7000;collisions=200255;max_chain=8","INOVAI-NB-8","CPU info","GCC 13.3.0","2025-10-06 17:39:37"
900000,open_addressing,insert,4,46,0.028807791,0,"load_factor=0.7000;total_probes=1949359;max_cluster=177","INOVAI-NB-8","CPU info","GCC 13.3.0","2025-10-06 17:39:37"
1000000,chaining,insert,0,42,0.049916762,0,"load_factor=0.7000;collisions=223063;max_chain=7","INOVAI-NB-8","CPU info","GCC 13.3.0","2025-10-06 17:39:37"
1000000,open_addressing,insert,0,42,0.022872966,0,"load_factor=0.7000;total_probes=2154451;max_cluster=123","INOVAI-NB-8","CPU info","GCC 13.3.0","2025-10-06 17:39:37"
1000000,chaining,insert,1,43,0.051826788,0,"load_factor=0.7000;collisions=222786;max_chain=8","INOVAI-NB-8","CPU info","GCC 13.3.0","2025-10-06 17:39:37"
1000000,open_addressing,insert,1,43,0.024104186,0,"load_factor=0.7000;total_probes=2177998;max_cluster=137","INOVAI-NB-8","CPU info","GCC 13.3.0","2025-10-06 17:39:37"
1000000,chaining,insert,2,44,0.051189243,0,"load_factor=0.7000;collisions=222494;max_chain=7","INOVAI-NB-8","CPU info","GCC 13.3.0","2025-10-06 17:39:37"
1000000,open_addressing,insert,2,44,0.024942895,0,"load_factor=0.7000;total_probes=2161475;max_cluster=123","INOVAI-NB-8","CPU info","GCC 13.3.0","2025-10-06 17:39:37"
1000000,chaining,insert,3,45,0.048957877,0,"load_factor=0.7000;collisions=222695;max_chain=8","INOVAI-NB-8","CPU info","GCC 13.3.0","2025-10-06 17:39:37"
1000000,open_addressing,insert,3,45,0.024322176,0,"load_factor=0.7000;total_probes=2172634;max_cluster=141","INOVAI-NB-8","CPU info","GCC 13.3.0","2025-10-06 17:39:37"
1000000,chaining,insert,4,46,0.050117426,0,"load_factor=0.7000;collisions=222550;max_chain=8","INOVAI-NB-8","CPU info","GCC 13.3.0","2025-10-06 17:39:37"
1000000,open_addressing,insert,4,46,0.023643814,0,"load_factor=0.7000;total_probes=2162449;max_cluster=130","INOVAI-NB-8","CPU info","GCC 13.3.0","2025-10-06 17:39:37"
1000,chaining,search,0,42,0.000008373,1000,"load_factor=0.7003;collisions=222;max_chain=5","INOVAI-NB-8","CPU info","GCC 13.3.0","2025-10-06 17:39:37"
1000,open_addressing,search,0,42,0.000015086,1000,"load_factor=0.7003;total_probes=2118;max_cluster=31","INOVAI-NB-8","CPU info","GCC 13.3.0","2025-10-06 17:39:37"
1000,chaining,search,1,43,0.000007959,1000,"load_factor=0.7003;collisions=227;max_chain=4","INOVAI-NB-8","CPU info","GCC 13.3.0","2025-10-06 17:39:37"
1000,open_addressing,search,1,43,0.000015389,1000,"load_factor=0.7003;total_probes=1939;max_cluster=41","INOVAI-NB-8","CPU info","GCC 13.3.0","2025-10-06 17:39:37"
1000,chaining,search,2,44,0.000007664,1000,"load_factor=0.7003;collisions=220;max_chain=5","INOVAI-NB-8","CPU info","GCC 13.3.0","2025-10-06 17:39:37"
1000,open_addressing,search,2,44,0.000015830,1000,"load_factor=0.7003;total_probes=2082;max_cluster=40","INOVAI-NB-8","CPU info","GCC 13.3.0","2025-10-06 17:39:37"
1000,chaining,search,3,45,0.000008270,1000,"load_factor=0.7003;collisions=230;max_chain=5","INOVAI-NB-8","CPU info","GCC 13.3.0","2025-10-06 17:39:37"
1000,open_addressing,search,3,45,0.000016619,1000,"load_factor=0.7003;total_probes=2258;max_cluster=47","INOVAI-NB-8","CPU info","GCC 13.3.0","2025-10-06 17:39:37"
1000,chaining,search,4,46,0.000008082,1000,"load_factor=0.7003;collisions=225;max_chain=5","INOVAI-NB-8","CPU info","GCC 13.3.0","2025-10-06 17:39:37"
1000,open_addressing,search,4,46,0.000015315,1000,"load_factor=0.7003;total_probes=2078;max_cluster=45","INOVAI-NB-8","CPU info","GCC 13.3.0","2025-10-06 17:39:37"
2000,chaining,search,0,42,0.000017054,2000,"load_factor=0.7000;collisions=447;max_chain=5","INOVAI-NB-8","CPU info","GCC 13.3.0","2025-10-06 17:39:37"
2000,open_addressing,search,0,42,0.000033264,2000,"load_factor=0.7000;total_probes=4489;max_cluster=65","INOVAI-NB-8","CPU info","GCC 13.3.0","2025-10-06 17:39:37"
2000,chaining,search,1,43,0.000019261,2000,"load_factor=0.7000;collisions=454;max_chain=6","INOVAI-NB-8","CPU info","GCC 13.3.0","2025-10-06 17:39:37"
2000,open_addressing,search,1,43,0.000031024,2000,"load_factor=0.7000;total_probes=3954;max_cluster=49","INOVAI-NB-8","CPU info","GCC 13.3.0","2025-10-06 17:39:37"
2000,chaining,search,2,44,0.000027996,2000,"load_factor=0.7000;collisions=460;max_chain=5","INOVAI-NB-8","CPU info","GCC 13.3.0","2025-10-06 17:39:37"
2000,open_addressing,search,2,44,0.000027463,2000,"load_factor=0.7000;total_probes=4316;max_cluster=68","INOVAI-NB-8","CPU info","GCC 13.3.0","2025-10-06 17:39:37"
2000,chaining,search,3,45,0.000016244,2000,"load_factor=0.7000;collisions=437;max_chain=5","INOVAI-NB-8","CPU info","GCC 13.3.0","2025-10-06 17:39:37"
2000,open_addressing,search,3,45,0.000046761,2000,"load_factor=0.7000;total_probes=4118;max_cluster=59","INOVAI-NB-8","CPU info","GCC 13.3.0","2025-10-06 17:39:37"
2000,chaining,search,4,46,0.000031419,2000,"load_factor=0.7000;collisions=452;max_chain=5","INOVAI-NB-8","CPU info","GCC 13.3.0","2025-10-06 17:39:37"
2000,open_addressing,search,4,46,0.000032112,2000,"load_factor=0.7000;total_probes=4066;max_cluster=37","INOVAI-NB-8","CPU info","GCC 13.3.0","2025-10-06 17:39:37"
3000,chaining,search,0,42,0.000026913,3000,"load_factor=0.7001;collisions=679;max_chain=4","INOVAI-NB-8","CPU info","GCC 13.3.0","2025-10-06 17:39:37"
3000,open_addressing,search,0,42,0.000040002,3000,"load_factor=0.7001;total_probes=6985;max_cluster=95","INOVAI-NB-8","CPU info","GCC 13.3.0","2025-10-06 17:39:37"
3000,chaining,search,1,43,0.000020352,3000,"load_factor=0.7001;collisions=664;max_chain=5","INOVAI-NB-8","CPU info","GCC 13.3.0","2025-10-06 17:39:37"
3000,open_addressing,search,1,43,0.000095665,3000,"load_factor=0.7001;total_probes=6316;max_cluster=43","INOVAI-NB-8","CPU info","GCC 13.3.0","2025-10-06 17:39:37"
3000,chaining,search,2,44,0.000021351,3000,"load_factor=0.7001;collisions=655;max_chain=5","INOVAI-NB-8","CPU info","GCC 13.3.0","2025-10-06 17:39:37"
3000,open_addressing,search,2,44,0.000106070,3000,"load_factor=0.7001;total_probes=6383;max_cluster=70","INOVAI-NB-8","CPU info","GCC 13.3.0","2025-10-06 17:39:37"
3000,chaining,search,3,45,0.000021803,3000,"load_factor=0.7001;collisions=667;max_chain=5","INOVAI-NB-8","CPU info","GCC 13.3.0","2025-10-06 17:39:37"
3000,open_addressing,search,3,45,0.000041109,3000,"load_factor=0.7001;total_probes=6465;max_cluster=61","INOVAI-NB-8","CPU info","GCC 13.3.0","2025-10-06 17:39:37"
3000,chaining,search,4,46,0.000021819,3000,"load_factor=0.7001;collisions=683;max_chain=5","INOVAI-NB-8","CPU info","GCC 13.3.0","2025-10-06 17:39:37"
3000,open_addressing,search,4,46,0.000041606,3000,"load_factor=0.7001;total_probes=6513;max_cluster=63","INOVAI-NB-8","CPU info","GCC 13.3.0","2025-10-06 17:39:37"
4000,chaining,search,0,42,0.000053584,4000,"load_factor=0.7000;collisions=914;max_chain=6","INOVAI-NB-8","CPU info","GCC 13.3.0","2025-10-06 17:39:37"
4000,open_addressing,search,0,42,0.000068422,4000,"load_factor=0.7000;total_probes=9405;max_cluster=120","INOVAI-NB-8","CPU info","GCC 13.3.0","2025-10-06 17:39:37"
4000,chaining,search,1,43,0.000028988,4000,"load_factor=0.7000;collisions=874;max_chain=8","INOVAI-NB-8","CPU info","GCC 13.3.0","2025-10-06 17:39:37"
4000,open_addressing,search,1,43,0.000132044,4000,"load_factor=0.7000;total_probes=8240;max_cluster=54","INOVAI-NB-8","CPU info","GCC 13.3.0","2025-10-06 17:39:37"
4000,chaining,search,2,44,0.000031141,4000,"load_factor=0.7000;collisions=881;max_chain=5","INOVAI-NB-8","CPU info","GCC 13.3.0","2025-10-06 17:39:37"
4000,open_addressing,search,2,44,0.000056406,4000,"load_factor=0.7000;total_probes=8526;max_cluster=71","INOVAI-NB-8","CPU info","GCC 13.3.0","2025-10-06 17:39:37"
4000,chaining,search,3,45,0.000031296,4000,"load_factor=0.7000;collisions=915;max_chain=5","INOVAI-NB-8","CPU info","GCC 13.3.0","2025-10-06 17:39:37"
4000,open_addressing,search,3,45,0.000057175,4000,"load_factor=0.7000;total_probes=8537;max_cluster=56","INOVAI-NB-8","CPU info","GCC 13.3.0","2025-10-06 17:39:37"
4000,chaining,search,4,46,0.000034857,4000,"load_factor=0.7000;collisions=916;max_chain=5","INOVAI-NB-8","CPU info","GCC 13.3.0","2025-10-06 17:39:37"
4000,open_addressing,search,4,46,0.000060484,4000,"load_factor=0.7000;total_probes=8501;max_cluster=65","INOVAI-NB-8","CPU info","GCC 13.3.0","2025-10-06 17:39:37"
5000,chaining,search,0,42,0.000093732,5000,"load_factor=0.7001;collisions=1111;max_chain=7","INOVAI-NB-8","CPU info","GCC 13.3.0","2025-10-06 17:39:37"
5000,open_addressing,search,0,42,0.000145050,5000,"load_factor=0.7001;total_probes=11739;max_cluster=132","INOVAI-NB-8","CPU info","GCC 13.3.0","2025-10-06 17:39:37"
5000,chaining,search,1,43,0.000068504,5000,"load_factor=0.7001;collisions=1099;max_chain=6","INOVAI-NB-8","CPU info","GCC 13.3.0","2025-10-06 17:39:37"
5000,open_addressing,search,1,43,0.000074040,5000,"load_factor=0.7001;total_probes=10546;max_cluster=60","INOVAI-NB-8","CPU info","GCC 13.3.0","2025-10-06 17:39:37"
5000,chaining,search,2,44,0.000041991,5000,"load_factor=0.7001;collisions=1118;max_chain=5","INOVAI-NB-8","CPU info","GCC 13.3.0","2025-10-06 17:39:37"
5000,open_addressing,search,2,44,0.000086942,5000,"load_factor=0.7001;total_probes=10655;max_cluster=71","INOVAI-NB-8","CPU info","GCC 13.3.0","2025-10-06 17:39:37"
5000,chaining,search,3,45,0.000043134,5000,"load_factor=0.7001;collisions=1115;max_chain=6","INOVAI-NB-8","CPU info","GCC 13.3.0","2025-10-06 17:39:37"
5000,open_addressing,search,3,45,0.000079534,5000,"load_factor=0.7001;total_probes=10841;max_cluster=59","INOVAI-NB-8","CPU info","GCC 13.3.0","2025-10-06 17:39:37"
5000,chaining,search,4,46,0.000042653,5000,"load_factor=0.7001;collisions=1089;max_chain=6","INOVAI-NB-8","CPU info","GCC 13.3.0","2025-10-06 17:39:37"
5000,open_addressing,search,4,46,0.000079108,5000,"load_factor=0.7001;total_probes=10541;max_cluster=91","INOVAI-NB-8","CPU info","GCC 13.3.0","2025-10-06 17:39:37"
6000,chaining,search,0,42,0.000058472,6000,"load_factor=0.7000;collisions=1343;max_chain=7","INOVAI-NB-8","CPU info","GCC 13.3.0","2025-10-06 17:39:37"
6000,open_addressing,search,0,42,0.000100613,6000,"load_factor=0.7000;total_probes=13852;max_cluster=98","INOVAI-NB-8","CPU info","GCC 13.3.0","2025-10-06 17:39:37"
6000,chaining,search,1,43,0.000053502,6000,"load_factor=0.7000;collisions=1356;max_chain=6","INOVAI-NB-8","CPU info","GCC 13.3.0","2025-10-06 17:39:37"
6000,open_addressing,search,1,43,0.000102410,6000,"load_factor=0.7000;total_probes=12541;max_cluster=66","INOVAI-NB-8","CPU info","GCC 13.3.0","2025-10-06 17:39:37"
6000,chaining,search,2,44,0.000053576,6000,"load_factor=0.7000;collisions=1343;max_chain=5","INOVAI-NB-8","CPU info","GCC 13.3.0","2025-10-06 17:39:37"
6000,open_addressing,search,2,44,0.000107900,6000,"load_factor=0.7000;total_probes=12843;max_cluster=89","INOVAI-NB-8","CPU info","GCC 13.3.0","2025-10-06 17:39:37"
6000,chaining,search,3,45,0.000059813,6000,"load_factor=0.7000;collisions=1348;max_chain=6","INOVAI-NB-8","CPU info","GCC 13.3.0","2025-10-06 17:39:37"
6000,open_addressing,search,3,45,0.000107308,6000,"load_factor=0.7000;total_probes=12897;max_cluster=70","INOVAI-NB-8","CPU info","GCC 13.3.0","2025-10-06 17:39:37"
6000,chaining,search,4,46,0.000059984,6000,"load_factor=0.7000;collisions=1338;max_chain=5","INOVAI-NB-8","CPU info","GCC 13.3.0","2025-10-06 17:39:37"
6000,open_addressing,search,4,46,0.000111258,6000,"load_factor=0.7000;total_probes=12946;max_cluster=71","INOVAI-NB-8","CPU info","GCC 13.3.0","2025-10-06 17:39:37"
7000,chaining,search,0,42,0.000072631,7000,"load_factor=0.7000;collisions=1530;max_chain=6","INOVAI-NB-8","CPU info","GCC 13.3.0","2025-10-06 17:39:37"
7000,open_addressing,search,0,42,0.000126479,7000,"load_factor=0.7000;total_probes=15944;max_cluster=103","INOVAI-NB-8","CPU info","GCC 13.3.0","2025-10-06 17:39:37"
7000,chaining,search,1,43,0.000068888,7000,"load_factor=0.7000;collisions=1550;max_chain=5","INOVAI-NB-8","CPU info","GCC 13.3.0","2025-10-06 17:39:37"
7000,open_addressing,search,1,43,0.000125403,7000,"load_factor=0.7000;total_probes=14846;max_cluster=89","INOVAI-NB-8","CPU info","GCC 13.3.0","2025-10-06 17:39:37"
7000,chaining,search,2,44,0.000062476,7000,"load_factor=0.7000;collisions=1539;max_chain=7","INOVAI-NB-8","CPU info","GCC 13.3.0","2025-10-06 17:39:37"
7000,open_addressing,search,2,44,0.000158512,7000,"load_factor=0.7000;total_probes=14972;max_cluster=69","INOVAI-NB-8","CPU info","GCC 13.3.0","2025-10-06 17:39:37"
7000,chaining,search,3,45,0.000053876,7000,"load_factor=0.7000;collisions=1575;max_chain=5","INOVAI-NB-8","CPU info","GCC 13.3.0","2025-10-06 17:39:37"
7000,open_addressing,search,3,45,0.000105131,7000,"load_factor=0.7000;total_probes=15601;max_cluster=54","INOVAI-NB-8","CPU info","GCC 13.3.0","2025-10-06 17:39:37"
7000,chaining,search,4,46,0.000053233,7000,"load_factor=0.7000;collisions=1591;max_chain=5","INOVAI-NB-8","CPU info","GCC 13.3.0","2025-10-06 17:39:37"
7000,open_addressing,search,4,46,0.000098994,7000,"load_factor=0.7000;total_probes=14647;max_cluster=59","INOVAI-NB-8","CPU info","GCC 13.3.0","2025-10-06 17:39:37"
8000,chaining,search,0,42,0.000065501,8000,"load_factor=0.7000;collisions=1792;max_chain=6","INOVAI-NB-8","CPU info","GCC 13.3.0","2025-10-06 17:39:37"
8000,open_addressing,search,0,42,0.000117522,8000,"load_factor=0.7000;total_probes=17920;max_cluster=76","INOVAI-NB-8","CPU info","GCC 13.3.0","2025-10-06 17:39:37"
8000,chaining,search,1,43,0.000066951,8000,"load_factor=0.7000;collisions=1747;max_chain=6","INOVAI-NB-8","CPU info","GCC 13.3.0","2025-10-06 17:39:37"
8000,open_addressing,search,1,43,0.000121617,8000,"load_factor=0.7000;total_probes=17089;max_cluster=74","INOVAI-NB-8","CPU info","GCC 13.3.0","2025-10-06 17:39:37"
8000,chaining,search,2,44,0.000101235,8000,"load_factor=0.7000;collisions=1766;max_chain=6","INOVAI-NB-8","CPU info","GCC 13.3.0","2025-10-06 17:39:37"
8000,open_addressing,search,2,44,0.000122801,8000,"load_factor=0.7000;total_probes=17264;max_cluster=62","INOVAI-NB-8","CPU info","GCC 13.3.0","2025-10-06 17:39:37"
8000,chaining,search,3,45,0.000068663,8000,"load_factor=0.7000;collisions=1816;max_chain=6","INOVAI-NB-8","CPU info","GCC 13.3.0","2025-10-06 17:39:37"
8000,open_addressing,search,3,45,0.000127991,8000,"load_factor=0.7000;total_probes=17804;max_cluster=57","INOVAI-NB-8","CPU info","GCC 13.3.0","2025-10-06 17:39:37"
8000,chaining,search,4,46,0.000071018,8000,"load_factor=0.7000;collisions=1782;max_chain=6","INOVAI-NB-8","CPU info","GCC 13.3.0","2025-10-06 17:39:37"
8000,open_addressing,search,4,46,0.000128034,8000,"load_factor=0.7000;total_probes=17171;max_cluster=64","INOVAI-NB-8","CPU info","GCC 13.3.0","2025-10-06 17:39:37"
9000,chaining,search,0,42,0.000080854,9000,"load_factor=0.7000;collisions=2022;max_chain=7","INOVAI-NB-8","CPU info","GCC 13.3.0","2025-10-06 17:39:37"
9000,open_addressing,search,0,42,0.000146674,9000,"load_factor=0.7000;total_probes=20843;max_cluster=117","INOVAI-NB-8","CPU info","GCC 13.3.0","2025-10-06 17:39:37"
9000,chaining,search,1,43,0.000099762,9000,"load_factor=0.7000;collisions=1998;max_chain=6","INOVAI-NB-8","CPU info","GCC 13.3.0","2025-10-06 17:39:37"
9000,open_addressing,search,1,43,0.000170270,9000,"load_factor=0.7000;total_probes=19261;max_cluster=109","INOVAI-NB-8","CPU info","GCC 13.3.0","2025-10-06 17:39:37"
9000,chaining,search,2,44,0.000088047,9000,"load_factor=0.7000;collisions=2015;max_chain=6","INOVAI-NB-8","CPU info","GCC 13.3.0","2025-10-06 17:39:37"
9000,open_addressing,search,2,44,0.000151808,9000,"load_factor=0.7000;total_probes=18949;max_cluster=77","INOVAI-NB-8","CPU info","GCC 13.3.0","2025-10-06 17:39:37"
9000,chaining,search,3,45,0.000081683,9000,"load_factor=0.7000;collisions=2013;max_chain=7","INOVAI-NB-8","CPU info","GCC 13.3.0","2025-10-06 17:39:37"
9000,open_addressing,search,3,45,0.000144716,9000,"load_factor=0.7000;total_probes=20073;max_cluster=61","INOVAI-NB-8","CPU info","GCC 13.3.0","2025-10-06 17:39:37"
9000,chaining,search,4,46,0.000080103,9000,"load_factor=0.7000;collisions=1974;max_chain=6","INOVAI-NB-8","CPU info","GCC 13.3.0","2025-10-06 17:39:37"
9000,open_addressing,search,4,46,0.000143934,9000,"load_factor=0.7000;total_probes=19474;max_cluster=54","INOVAI-NB-8","CPU info","GCC 13.3.0","2025-10-06 17:39:37"
10000,chaining,search,0,42,0.000091852,10000,"load_factor=0.7000;collisions=2203;max_chain=6","INOVAI-NB-8","CPU info","GCC 13.3.0","2025-10-06 17:39:37"
10000,open_addressing,search,0,42,0.000177841,10000,"load_factor=0.7000;total_probes=22606;max_cluster=74","INOVAI-NB-8","CPU info","GCC 13.3.0","2025-10-06 17:39:37"
10000,chaining,search,1,43,0.000089084,10000,"load_factor=0.7000;collisions=2237;max_chain=6","INOVAI-NB-8","CPU info","GCC 13.3.0","2025-10-06 17:39:37"
10000,open_addressing,search,1,43,0.000168523,10000,"load_factor=0.7000;total_probes=21200;max_cluster=64","INOVAI-NB-8","CPU info","GCC 13.3.0","2025-10-06 17:39:37"
10000,chaining,search,2,44,0.000089158,10000,"load_factor=0.7000;collisions=2219;max_chain=7","INOVAI-NB-8","CPU info","GCC 13.3.0","2025-10-06 17:39:37"
10000,open_addressing,search,2,44,0.000157799,10000,"load_factor=0.7000;total_probes=21165;max_cluster=72","INOVAI-NB-8","CPU info","GCC 13.3.0","2025-10-06 17:39:37"
10000,chaining,search,3,45,0.000104015,10000,"load_factor=0.7000;collisions=2248;max_chain=6","INOVAI-NB-8","CPU info","GCC 13.3.0","2025-10-06 17:39:37"
10000,open_addressing,search,3,45,0.000192405,10000,"load_factor=0.7000;total_probes=21704;max_cluster=62","INOVAI-NB-8","CPU info","GCC 13.3.0","2025-10-06 17:39:37"
10000,chaining,search,4,46,0.000093477,10000,"load_factor=0.7000;collisions=2216;max_chain=6","INOVAI-NB-8","CPU info","GCC 13.3.0","2025-10-06 17:39:37"
10000,open_addressing,search,4,46,0.000160416,10000,"load_factor=0.7000;total_probes=21379;max_cluster=77","INOVAI-NB-8","CPU info","GCC 13.3.0","2025-10-06 17:39:37"
20000,chaining,search,0,42,0.000182442,20000,"load_factor=0.7000;collisions=4395;max_chain=6","INOVAI-NB-8","CPU info","GCC 13.3.0","2025-10-06 17:39:37"
20000,open_addressing,search,0,42,0.000328821,20000,"load_factor=0.7000;total_probes=43485;max_cluster=85","INOVAI-NB-8","CPU info","GCC 13.3.0","2025-10-06 17:39:37"
20000,chaining,search,1,43,0.000182831,20000,"load_factor=0.7000;collisions=4398;max_chain=6","INOVAI-NB-8","CPU info","GCC 13.3.0","2025-10-06 17:39:37"
20000,open_addressing,search,1,43,0.000316713,20000,"load_factor=0.7000;total_probes=43413;max_cluster=84","INOVAI-NB-8","CPU info","GCC 13.3.0","2025-10-06 17:39:37"
20000,chaining,search,2,44,0.000187063,20000,"load_factor=0.7000;collisions=4564;max_chain=7","INOVAI-NB-8","CPU info","GCC 13.3.0","2025-10-06 17:39:37"
20000,open_addressing,search,2,44,0.000333523,20000,"load_factor=0.7000;total_probes=42825;max_cluster=95","INOVAI-NB-8","CPU info","GCC 13.3.0","2025-10-06 17:39:37"
20000,chaining,search,3,45,0.000191802,20000,"load_factor=0.7000;collisions=4427;max_chain=7","INOVAI-NB-8","CPU info","GCC 13.3.0","2025-10-06 17:39:37"
20000,open_addressing,search,3,45,0.000330986,20000,"load_factor=0.7000;total_probes=43351;max_cluster=82","INOVAI-NB-8","CPU info","GCC 13.3.0","2025-10-06 17:39:37"
20000,chaining,search,4,46,0.000185054,20000,"load_factor=0.7000;collisions=4449;max_chain=6","INOVAI-NB-8","CPU info","GCC 13.3.0","2025-10-06 17:39:37"
20000,open_addressing,search,4,46,0.000326878,20000,"load_factor=0.7000;total_probes=43183;max_cluster=71","INOVAI-NB-8","CPU info","GCC 13.3.0","2025-10-06 17:39:37"
30000,chaining,search,0,42,0.000311692,30000,"load_factor=0.7000;collisions=6663;max_chain=6","INOVAI-NB-8","CPU info","GCC 13.3.0","2025-10-06 17:39:37"
30000,open_addressing,search,0,42,0.000417131,30000,"load_factor=0.7000;total_probes=64425;max_cluster=94","INOVAI-NB-8","CPU info","GCC 13.3.0","2025-10-06 17:39:37"
30000,chaining,search,1,43,0.000281684,30000,"load_factor=0.7000;collisions=6608;max_chain=6","INOVAI-NB-8","CPU info","GCC 13.3.0","2025-10-06 17:39:37"
30000,open_addressing,search,1,43,0.000462640,30000,"load_factor=0.7000;total_probes=63850;max_cluster=103","INOVAI-NB-8","CPU info","GCC 13.3.0","2025-10-06 17:39:37"
30000,chaining,search,2,44,0.000291657,30000,"load_factor=0.7000;collisions=6717;max_chain=6","INOVAI-NB-8","CPU info","GCC 13.3.0","2025-10-06 17:39:37"
30000,open_addressing,search,2,44,0.000628210,30000,"load_factor=0.7000;total_probes=64748;max_cluster=128","INOVAI-NB-8","CPU info","GCC 13.3.0","2025-10-06 17:39:37"
30000,chaining,search,3,45,0.000292955,30000,"load_factor=0.7000;collisions=6659;max_chain=7","INOVAI-NB-8","CPU info","GCC 13.3.0","2025-10-06 17:39:37"
30000,open_addressing,search,3,45,0.000489636,30000,"load_factor=0.7000;total_probes=66616;max_cluster=105","INOVAI-NB-8","CPU info","GCC 13.3.0","2025-10-06 17:39:37"
30000,chaining,search,4,46,0.000339877,30000,"load_factor=0.7000;collisions=6679;max_chain=6","INOVAI-NB-8","CPU info","GCC 13.3.0","2025-10-06 17:39:37"
30000,open_addressing,search,4,46,0.000526291,30000,"load_factor=0.7000;total_probes=65998;max_cluster=90","INOVAI-NB-8","CPU info","GCC 13.3.0","2025-10-06 17:39:37"
40000,chaining,search,0,42,0.000533109,40000,"load_factor=0.7000;collisions=8907;max_chain=8","INOVAI-NB-8","CPU info","GCC 13.3.0","2025-10-06 17:39:37"
40000,open_addressing,search,0,42,0.000855870,40000,"load_factor=0.7000;total_probes=86252;max_cluster=99","INOVAI-NB-8","CPU info","GCC 13.3.0","2025-10-06 17:39:37"
40000,chaining,search,1,43,0.000486815,40000,"load_factor=0.7000;collisions=8892;max_chain=6","INOVAI-NB-8","CPU info","GCC 13.3.0","2025-10-06 17:39:37"
40000,open_addressing,search,1,43,0.000838813,40000,"load_factor=0.7000;total_probes=87848;max_cluster=89","INOVAI-NB-8","CPU info","GCC 13.3.0","2025-10-06 17:39:37"
40000,chaining,search,2,44,0.000554823,40000,"load_factor=0.7000;collisions=8962;max_chain=5","INOVAI-NB-8","CPU info","GCC 13.3.0","2025-10-06 17:39:37"
40000,open_addressing,search,2,44,0.000815269,40000,"load_factor=0.7000;total_probes=87973;max_cluster=113","INOVAI-NB-8","CPU info","GCC 13.3.0","2025-10-06 17:39:37"
40000,chaining,search,3,45,0.000475080,40000,"load_factor=0.7000;collisions=8929;max_chain=6","INOVAI-NB-8","CPU info","GCC 13.3.0","2025-10-06 17:39:37"
40000,open_addressing,search,3,45,0.000728469,40000,"load_factor=0.7000;total_probes=87324;max_cluster=136","INOVAI-NB-8","CPU info","GCC 13.3.0","2025-10-06 17:39:37"
40000,chaining,search,4,46,0.000407683,40000,"load_factor=0.7000;collisions=8925;max_chain=6","INOVAI-NB-8","CPU info","GCC 13.3.0","2025-10-06 17:39:37"
40000,open_addressing,search,4,46,0.000655643,40000,"load_factor=0.7000;total_probes=86804;max_cluster=88","INOVAI-NB-8","CPU info","GCC 13.3.0","2025-10-06 17:39:37"
50000,chaining,search,0,42,0.000488718,50000,"load_factor=0.7000;collisions=11038;max_chain=6","INOVAI-NB-8","CPU info","GCC 13.3.0","2025-10-06 17:39:37"
50000,open_addressing,search,0,42,0.000893377,50000,"load_factor=0.7000;total_probes=106844;max_cluster=80","INOVAI-NB-8","CPU info","GCC 13.3.0","2025-10-06 17:39:37"
50000,chaining,search,1,43,0.000491254,50000,"load_factor=0.7000;collisions=11121;max_chain=7","INOVAI-NB-8","CPU info","GCC 13.3.0","2025-10-06 17:39:37"
50000,open_addressing,search,1,43,0.000809788,50000,"load_factor=0.7000;total_probes=109201;max_cluster=95","INOVAI-NB-8","CPU info","GCC 13.3.0","2025-10-06 17:39:37"
50000,chaining,search,2,44,0.000514101,50000,"load_factor=0.7000;collisions=11168;max_chain=6","INOVAI-NB-8","CPU info","GCC 13.3.0","2025-10-06 17:39:37"
50000,open_addressing,search,2,44,0.001048529,50000,"load_factor=0.7000;total_probes=110309;max_cluster=144","INOVAI-NB-8","CPU info","GCC 13.3.0","2025-10-06 17:39:37"
50000,chaining,search,3,45,0.000496144,50000,"load_factor=0.7000;collisions=11081;max_chain=6","INOVAI-NB-8","CPU info","GCC 13.3.0","2025-10-06 17:39:37"
50000,open_addressing,search,3,45,0.000787473,50000,"load_factor=0.7000;total_probes=108216;max_cluster=118","INOVAI-NB-8","CPU info","GCC 13.3.0","2025-10-06 17:39:37"
50000,chaining,search,4,46,0.000544629,50000,"load_factor=0.7000;collisions=11220;max_chain=6","INOVAI-NB-8","CPU info","GCC 13.3.0","2025-10-06 17:39:37"
50000,open_addressing,search,4,46,0.000892482,50000,"load_factor=0.7000;total_probes=109908;max_cluster=95","INOVAI-NB-8","CPU info","GCC 13.3.0","2025-10-06 17:39:37"
60000,chaining,search,0,42,0.000672102,60000,"load_factor=0.7000;collisions=13325;max_chain=6","INOVAI-NB-8","CPU info","GCC 13.3.0","2025-10-06 17:39:37"
60000,open_addressing,search,0,42,0.000989073,60000,"load_factor=0.7000;total_probes=127238;max_cluster=72","INOVAI-NB-8","CPU info","GCC 13.3.0","2025-10-06 17:39:37"
60000,chaining,search,1,43,0.000629337,60000,"load_factor=0.7000;collisions=13350;max_chain=7","INOVAI-NB-8","CPU info","GCC 13.3.0","2025-10-06 17:39:37"
60000,open_addressing,search,1,43,0.000981450,60000,"load_factor=0.7000;total_probes=128790;max_cluster=117","INOVAI-NB-8","CPU info","GCC 13.3.0","2025-10-06 17:39:37"
60000,chaining,search,2,44,0.000618678,60000,"load_factor=0.7000;collisions=13426;max_chain=6","INOVAI-NB-8","CPU info","GCC 13.3.0","2025-10-06 17:39:37"
60000,open_addressing,search,2,44,0.001028249,60000,"load_factor=0.7000;total_probes=132725;max_cluster=159","INOVAI-NB-8","CPU info","GCC 13.3.0","2025-10-06 17:39:37"
60000,chaining,search,3,45,0.000681986,60000,"load_factor=0.7000;collisions=13405;max_chain=6","INOVAI-NB-8","CPU info","GCC 13.3.0","2025-10-06 17:39:37"
60000,open_addressing,search,3,45,0.001001033,60000,"load_factor=0.7000;total_probes=130739;max_cluster=114","INOVAI-NB-8","CPU info","GCC 13.3.0","2025-10-06 17:39:37"
60000,chaining,search,4,46,0.000588681,60000,"load_factor=0.7000;collisions=13410;max_chain=6","INOVAI-NB-8","CPU info","GCC 13.3.0","2025-10-06 17:39:37"
60000,open_addressing,search,4,46,0.000971801,60000,"load_factor=0.7000;total_probes=131663;max_cluster=95","INOVAI-NB-8","CPU info","GCC 13.3.0","2025-10-06 17:39:37"
70000,chaining,search,0,42,0.001173371,70000,"load_factor=0.7000;collisions=15476;max_chain=7","INOVAI-NB-8","CPU info","GCC 13.3.0","2025-10-06 17:39:37"
70000,open_addressing,search,0,42,0.001098315,70000,"load_factor=0.7000;total_probes=148094;max_cluster=87","INOVAI-NB-8","CPU info","GCC 13.3.0","2025-10-06 17:39:37"
70000,chaining,search,1,43,0.000778341,70000,"load_factor=0.7000;collisions=15582;max_chain=6","INOVAI-NB-8","CPU info","GCC 13.3.0","2025-10-06 17:39:37"
70000,open_addressing,search,1,43,0.001290723,70000,"load_factor=0.7000;total_probes=151747;max_cluster=121","INOVAI-NB-8","CPU info","GCC 13.3.0","2025-10-06 17:39:37"
70000,chaining,search,2,44,0.000790574,70000,"load_factor=0.7000;collisions=15517;max_chain=8","INOVAI-NB-8","CPU info","GCC 13.3.0","2025-10-06 17:39:37"
70000,open_addressing,search,2,44,0.001032873,70000,"load_factor=0.7000;total_probes=152606;max_cluster=149","INOVAI-NB-8","CPU info","GCC 13.3.0","2025-10-06 17:39:37"
70000,chaining,search,3,45,0.001233670,70000,"load_factor=0.7000;collisions=15504;max_chain=8","INOVAI-NB-8","CPU info","GCC 13.3.0","2025-10-06 17:39:37"
70000,open_addressing,search,3,45,0.001109617,70000,"load_factor=0.7000;total_probes=151342;max_cluster=92","INOVAI-NB-8","CPU info","GCC 13.3.0","2025-10-06 17:39:37"
70000,chaining,search,4,46,0.000676086,70000,"load_factor=0.7000;collisions=15685;max_chain=7","INOVAI-NB-8","CPU info","GCC 13.3.0","2025-10-06 17:39:37"
70000,open_addressing,search,4,46,0.002034417,70000,"load_factor=0.7000;total_probes=152225;max_cluster=104","INOVAI-NB-8","CPU info","GCC 13.3.0","2025-10-06 17:39:37"
80000,chaining,search,0,42,0.000864970,80000,"load_factor=0.7000;collisions=17902;max_chain=8","INOVAI-NB-8","CPU info","GCC 13.3.0","2025-10-06 17:39:37"
80000,open_addressing,search,0,42,0.001221546,80000,"load_factor=0.7000;total_probes=171305;max_cluster=89","INOVAI-NB-8","CPU info","GCC 13.3.0","2025-10-06 17:39:37"
80000,chaining,search,1,43,0.000829606,80000,"load_factor=0.7000;collisions=17720;max_chain=7","INOVAI-NB-8","CPU info","GCC 13.3.0","2025-10-06 17:39:37"
80000,open_addressing,search,1,43,0.001311415,80000,"load_factor=0.7000;total_probes=173898;max_cluster=92","INOVAI-NB-8","CPU info","GCC 13.3.0","2025-10-06 17:39:37"
80000,chaining,search,2,44,0.000898541,80000,"load_factor=0.7000;collisions=17891;max_chain=6","INOVAI-NB-8","CPU info","GCC 13.3.0","2025-10-06 17:39:37"
80000,open_addressing,search,2,44,0.001341075,80000,"load_factor=0.7000;total_probes=175018;max_cluster=174","INOVAI-NB-8","CPU info","GCC 13.3.0","2025-10-06 17:39:37"
80000,chaining,search,3,45,0.001165016,80000,"load_factor=0.7000;collisions=17771;max_chain=6","INOVAI-NB-8","CPU info","GCC 13.3.0","2025-10-06 17:39:37"
80000,open_addressing,search,3,45,0.001530569,80000,"load_factor=0.7000;total_probes=174253;max_cluster=98","INOVAI-NB-8","CPU info","GCC 13.3.0","2025-10-06 17:39:37"
80000,chaining,search,4,46,0.001598650,80000,"load_factor=0.7000;collisions=17745;max_chain=7","INOVAI-NB-8","CPU info","GCC 13.3.0","2025-10-06 17:39:37"
80000,open_addressing,search,4,46,0.001176513,80000,"load_factor=0.7000;total_probes=173583;max_cluster=113","INOVAI-NB-8","CPU info","GCC 13.3.0","2025-10-06 17:39:37"
90000,chaining,search,0,42,0.000921568,90000,"load_factor=0.7000;collisions=20170;max_chain=7","INOVAI-NB-8","CPU info","GCC 13.3.0","2025-10-06 17:39:37"
90000,open_addressing,search,0,42,0.001350776,90000,"load_factor=0.7000;total_probes=193137;max_cluster=89","INOVAI-NB-8","CPU info","GCC 13.3.0","2025-10-06 17:39:37"
90000,chaining,search,1,43,0.000884682,90000,"load_factor=0.7000;collisions=19860;max_chain=7","INOVAI-NB-8","CPU info","GCC 13.3.0","2025-10-06 17:39:37"
90000,open_addressing,search,1,43,0.001510148,90000,"load_factor=0.7000;total_probes=195072;max_cluster=97","INOVAI-NB-8","CPU info","GCC 13.3.0","2025-10-06 17:39:37"
90000,chaining,search,2,44,0.000958658,90000,"load_factor=0.7000;collisions=20032;max_chain=7","INOVAI-NB-8","CPU info","GCC 13.3.0","2025-10-06 17:39:37"
90000,open_addressing,search,2,44,0.001594770,90000,"load_factor=0.7000;total_probes=196463;max_cluster=216","INOVAI-NB-8","CPU info","GCC 13.3.0","2025-10-06 17:39:37"
90000,chaining,search,3,45,0.001037005,90000,"load_factor=0.7000;collisions=20139;max_chain=7","INOVAI-NB-8","CPU info","GCC 13.3.0","2025-10-06 17:39:37"
90000,open_addressing,search,3,45,0.001401239,90000,"load_factor=0.7000;total_probes=194961;max_cluster=121","INOVAI-NB-8","CPU info","GCC 13.3.0","2025-10-06 17:39:37"
90000,chaining,search,4,46,0.000905319,90000,"load_factor=0.7000;collisions=20079;max_chain=6","INOVAI-NB-8","CPU info","GCC 13.3.0","2025-10-06 17:39:37"
90000,open_addressing,search,4,46,0.001419995,90000,"load_factor=0.7000;total_probes=195305;max_cluster=115","INOVAI-NB-8","CPU info","GCC 13.3.0","2025-10-06 17:39:37"
100000,chaining,search,0,42,0.001166868,100000,"load_factor=0.7000;collisions=22204;max_chain=7","INOVAI-NB-8","CPU info","GCC 13.3.0","2025-10-06 17:39:37"
100000,open_addressing,search,0,42,0.001581391,100000,"load_factor=0.7000;total_probes=213514;max_cluster=88","INOVAI-NB-8","CPU info","GCC 13.3.0","2025-10-06 17:39:37"
100000,chaining,search,1,43,0.001074556,100000,"load_factor=0.7000;collisions=22194;max_chain=7","INOVAI-NB-8","CPU info","GCC 13.3.0","2025-10-06 17:39:37"
100000,open_addressing,search,1,43,0.001650713,100000,"load_factor=0.7000;total_probes=216970;max_cluster=84","INOVAI-NB-8","CPU info","GCC 13.3.0","2025-10-06 17:39:37"
100000,chaining,search,2,44,0.001036011,100000,"load_factor=0.7000;collisions=22117;max_chain=7","INOVAI-NB-8","CPU info","GCC 13.3.0","2025-10-06 17:39:37"
100000,open_addressing,search,2,44,0.001588893,100000,"load_factor=0.7000;total_probes=217578;max_cluster=214","INOVAI-NB-8","CPU info","GCC 13.3.0","2025-10-06 17:39:37"
100000,chaining,search,3,45,0.001234057,100000,"load_factor=0.7000;collisions=22239;max_chain=7","INOVAI-NB-8","CPU info","GCC 13.3.0","2025-10-06 17:39:37"
100000,open_addressing,search,3,45,0.001663473,100000,"load_factor=0.7000;total_probes=215465;max_cluster=119","INOVAI-NB-8","CPU info","GCC 13.3.0","2025-10-06 17:39:37"
100000,chaining,search,4,46,0.001060722,100000,"load_factor=0.7000;collisions=22246;max_chain=7","INOVAI-NB-8","CPU info","GCC 13.3.0","2025-10-06 17:39:37"
100000,open_addressing,search,4,46,0.001638771,100000,"load_factor=0.7000;total_probes=216167;max_cluster=121","INOVAI-NB-8","CPU info","GCC 13.3.0","2025-10-06 17:39:37"
200000,chaining,search,0,42,0.003193333,200000,"load_factor=0.7000;collisions=44501;max_chain=7","INOVAI-NB-8","CPU info","GCC 13.3.0","2025-10-06 17:39:37"
200000,open_addressing,search,0,42,0.003463202,200000,"load_factor=0.7000;total_probes=433621;max_cluster=96","INOVAI-NB-8","CPU info","GCC 13.3.0","2025-10-06 17:39:37"
200000,chaining,search,1,43,0.003918943,200000,"load_factor=0.7000;collisions=44388;max_chain=7","INOVAI-NB-8","CPU info","GCC 13.3.0","2025-10-06 17:39:37"
200000,open_addressing,search,1,43,0.003232836,200000,"load_factor=0.7000;total_probes=435391;max_cluster=128","INOVAI-NB-8","CPU info","GCC 13.3.0","2025-10-06 17:39:37"
200000,chaining,search,2,44,0.002475409,200000,"load_factor=0.7000;collisions=44392;max_chain=6","INOVAI-NB-8","CPU info","GCC 13.3.0","2025-10-06 17:39:37"
200000,open_addressing,search,2,44,0.003556463,200000,"load_factor=0.7000;total_probes=436507;max_cluster=143","INOVAI-NB-8","CPU info","GCC 13.3.0","2025-10-06 17:39:37"
200000,chaining,search,3,45,0.002600589,200000,"load_factor=0.7000;collisions=44522;max_chain=7","INOVAI-NB-8","CPU info","GCC 13.3.0","2025-10-06 17:39:37"
200000,open_addressing,search,3,45,0.003880858,200000,"load_factor=0.7000;total_probes=435957;max_cluster=106","INOVAI-NB-8","CPU info","GCC 13.3.0","2025-10-06 17:39:37"
200000,chaining,search,4,46,0.002634971,200000,"load_factor=0.7000;collisions=44371;max_chain=7","INOVAI-NB-8","CPU info","GCC 13.3.0","2025-10-06 17:39:37"
200000,open_addressing,search,4,46,0.003493116,200000,"load_factor=0.7000;total_probes=436809;max_cluster=113","INOVAI-NB-8","CPU info","GCC 13.3.0","2025-10-06 17:39:37"
300000,chaining,search,0,42,0.004675534,300000,"load_factor=0.7000;collisions=66808;max_chain=7","INOVAI-NB-8","CPU info","GCC 13.3.0","2025-10-06 17:39:37"
300000,open_addressing,search,0,42,0.005222284,300000,"load_factor=0.7000;total_probes=650562;max_cluster=121","INOVAI-NB-8","CPU info","GCC 13.3.0","2025-10-06 17:39:37"
300000,chaining,search,1,43,0.004508180,300000,"load_factor=0.7000;collisions=66603;max_chain=7","INOVAI-NB-8","CPU info","GCC 13.3.0","2025-10-06 17:39:37"
300000,open_addressing,search,1,43,0.005222525,300000,"load_factor=0.7000;total_probes=647855;max_cluster=107","INOVAI-NB-8","CPU info","GCC 13.3.0","2025-10-06 17:39:37"
300000,chaining,search,2,44,0.004487463,300000,"load_factor=0.7000;collisions=66944;max_chain=8","INOVAI-NB-8","CPU info","GCC 13.3.0","2025-10-06 17:39:37"
300000,open_addressing,search,2,44,0.005436820,300000,"load_factor=0.7000;total_probes=651896;max_cluster=154","INOVAI-NB-8","CPU info","GCC 13.3.0","2025-10-06 17:39:37"
300000,chaining,search,3,45,0.004543975,300000,"load_factor=0.7000;collisions=66922;max_chain=7","INOVAI-NB-8","CPU info","GCC 13.3.0","2025-10-06 17:39:37"
300000,open_addressing,search,3,45,0.004913019,300000,"load_factor=0.7000;total_probes=654511;max_cluster=128","INOVAI-NB-8","CPU info","GCC 13.3.0","2025-10-06 17:39:37"
300000,chaining,search,4,46,0.005433614,300000,"load_factor=0.7000;collisions=67005;max_chain=7","INOVAI-NB-8","CPU info","GCC 13.3.0","2025-10-06 17:39:37"
300000,open_addressing,search,4,46,0.005582851,300000,"load_factor=0.7000;total_probes=651130;max_cluster=123","INOVAI-NB-8","CPU info","GCC 13.3.0","2025-10-06 17:39:37"
400000,chaining,search,0,42,0.007611119,400000,"load_factor=0.7000;collisions=89051;max_chain=7","INOVAI-NB-8","CPU info","GCC 13.3.0","2025-10-06 17:39:37"
400000,open_addressing,search,0,42,0.006917988,400000,"load_factor=0.7000;total_probes=870382;max_cluster=106","INOVAI-NB-8","CPU info","GCC 13.3.0","2025-10-06 17:39:37"
400000,chaining,search,1,43,0.006957371,400000,"load_factor=0.7000;collisions=88779;max_chain=8","INOVAI-NB-8","CPU info","GCC 13.3.0","2025-10-06 17:39:37"
400000,open_addressing,search,1,43,0.007473382,400000,"load_factor=0.7000;total_probes=866496;max_cluster=126","INOVAI-NB-8","CPU info","GCC 13.3.0","2025-10-06 17:39:37"
400000,chaining,search,2,44,0.007464145,400000,"load_factor=0.7000;collisions=88862;max_chain=8","INOVAI-NB-8","CPU info","GCC 13.3.0","2025-10-06 17:39:37"
400000,open_addressing,search,2,44,0.007634501,400000,"load_factor=0.7000;total_probes=866599;max_cluster=138","INOVAI-NB-8","CPU info","GCC 13.3.0","2025-10-06 17:39:37"
400000,chaining,search,3,45,0.007013429,400000,"load_factor=0.7000;collisions=89142;max_chain=7","INOVAI-NB-8","CPU info","GCC 13.3.0","2025-10-06 17:39:37"
400000,open_addressing,search,3,45,0.007578702,400000,"load_factor=0.7000;total_probes=867651;max_cluster=131","INOVAI-NB-8","CPU info","GCC 13.3.0","2025-10-06 17:39:37"
400000,chaining,search,4,46,0.007022941,400000,"load_factor=0.7000;collisions=89015;max_chain=7","INOVAI-NB-8","CPU info","GCC 13.3.0","2025-10-06 17:39:37"
400000,open_addressing,search,4,46,0.007424864,400000,"load_factor=0.7000;total_probes=864165;max_cluster=106","INOVAI-NB-8","CPU info","GCC 13.3.0","2025-10-06 17:39:37"
500000,chaining,search,0,42,0.012139906,500000,"load_factor=0.7000;collisions=111306;max_chain=7","INOVAI-NB-8","CPU info","GCC 13.3.0","2025-10-06 17:39:37"
500000,open_addressing,search,0,42,0.010730846,500000,"load_factor=0.7000;total_probes=1082011;max_cluster=110","INOVAI-NB-8","CPU info","GCC 13.3.0","2025-10-06 17:39:37"
500000,chaining,search,1,43,0.011782880,500000,"load_factor=0.7000;collisions=111313;max_chain=8","INOVAI-NB-8","CPU info","GCC 13.3.0","2025-10-06 17:39:37"
500000,open_addressing,search,1,43,0.010949531,500000,"load_factor=0.7000;total_probes=1083137;max_cluster=149","INOVAI-NB-8","CPU info","GCC 13.3.0","2025-10-06 17:39:37"
500000,chaining,search,2,44,0.015208559,500000,"load_factor=0.7000;collisions=111359;max_chain=7","INOVAI-NB-8","CPU info","GCC 13.3.0","2025-10-06 17:39:37"
500000,open_addressing,search,2,44,0.009675616,500000,"load_factor=0.7000;total_probes=1082730;max_cluster=102","INOVAI-NB-8","CPU info","GCC 13.3.0","2025-10-06 17:39:37"
500000,chaining,search,3,45,0.012441500,500000,"load_factor=0.7000;collisions=111186;max_chain=8","INOVAI-NB-8","CPU info","GCC 13.3.0","2025-10-06 17:39:37"
500000,open_addressing,search,3,45,0.010357147,500000,"load_factor=0.7000;total_probes=1087328;max_cluster=126","INOVAI-NB-8","CPU info","GCC 13.3.0","2025-10-06 17:39:37"
500000,chaining,search,4,46,0.012540468,500000,"load_factor=0.7000;collisions=111047;max_chain=8","INOVAI-NB-8","CPU info","GCC 13.3.0","2025-10-06 17:39:37"
500000,open_addressing,search,4,46,0.011509110,500000,"load_factor=0.7000;total_probes=1083705;max_cluster=113","INOVAI-NB-8","CPU info","GCC 13.3.0","2025-10-06 17:39:37"
600000,chaining,search,0,42,0.014524042,600000,"load_factor=0.7000;collisions=133498;max_chain=8","INOVAI-NB-8","CPU info","GCC 13.3.0","2025-10-06 17:39:37"
600000,open_addressing,search,0,42,0.012494662,600000,"load_factor=0.7000;total_probes=1301414;max_cluster=141","INOVAI-NB-8","CPU info","GCC 13.3.0","2025-10-06 17:39:37"
600000,chaining,search,1,43,0.024963668,600000,"load_factor=0.7000;collisions=133571;max_chain=7","INOVAI-NB-8","CPU info","GCC 13.3.0","2025-10-06 17:39:37"
600000,open_addressing,search,1,43,0.011752638,600000,"load_factor=0.7000;total_probes=1303640;max_cluster=130","INOVAI-NB-8","CPU info","GCC 13.3.0","2025-10-06 17:39:37"
600000,chaining,search,2,44,0.015552328,600000,"load_factor=0.7000;collisions=133178;max_chain=8","INOVAI-NB-8","CPU info","GCC 13.3.0","2025-10-06 17:39:37"
600000,open_addressing,search,2,44,0.014814540,600000,"load_factor=0.7000;total_probes=1300750;max_cluster=119","INOVAI-NB-8","CPU info","GCC 13.3.0","2025-10-06 17:39:37"
600000,chaining,search,3,45,0.015670533,600000,"load_factor=0.7000;collisions=133411;max_chain=8","INOVAI-NB-8","CPU info","GCC 13.3.0","2025-10-06 17:39:37"
600000,open_addressing,search,3,45,0.016732781,600000,"load_factor=0.7000;total_probes=1303492;max_cluster=130","INOVAI-NB-8","CPU info","GCC 13.3.0","2025-10-06 17:39:37"
600000,chaining,search,4,46,0.016577863,600000,"load_factor=0.7000;collisions=133588;max_chain=7","INOVAI-NB-8","CPU info","GCC 13.3.0","2025-10-06 17:39:37"
600000,open_addressing,search,4,46,0.015911718,600000,"load_factor=0.7000;total_probes=1299798;max_cluster=119","INOVAI-NB-8","CPU info","GCC 13.3.0","2025-10-06 17:39:37"
700000,chaining,search,0,42,0.022585778,700000,"load_factor=0.7000;collisions=156239;max_chain=7","INOVAI-NB-8","CPU info","GCC 13.3.0","2025-10-06 17:39:37"
700000,open_addressing,search,0,42,0.015926158,700000,"load_factor=0.7000;total_probes=1511926;max_cluster=139","INOVAI-NB-8","CPU info","GCC 13.3.0","2025-10-06 17:39:37"
700000,chaining,search,1,43,0.019876893,700000,"load_factor=0.7000;collisions=155744;max_chain=7","INOVAI-NB-8","CPU info","GCC 13.3.0","2025-10-06 17:39:37"
700000,open_addressing,search,1,43,0.015028112,700000,"load_factor=0.7000;total_probes=1520225;max_cluster=137","INOVAI-NB-8","CPU info","GCC 13.3.0","2025-10-06 17:39:37"
700000,chaining,search,2,44,0.017428723,700000,"load_factor=0.7000;collisions=155624;max_chain=7","INOVAI-NB-8","CPU info","GCC 13.3.0","2025-10-06 17:39:37"
700000,open_addressing,search,2,44,0.014956401,700000,"load_factor=0.7000;total_probes=1516511;max_cluster=151","INOVAI-NB-8","CPU info","GCC 13.3.0","2025-10-06 17:39:37"
700000,chaining,search,3,45,0.018258651,700000,"load_factor=0.7000;collisions=155801;max_chain=7","INOVAI-NB-8","CPU info","GCC 13.3.0","2025-10-06 17:39:37"
700000,open_addressing,search,3,45,0.015362943,700000,"load_factor=0.7000;total_probes=1522451;max_cluster=149","INOVAI-NB-8","CPU info","GCC 13.3.0","2025-10-06 17:39:37"
700000,chaining,search,4,46,0.016799221,700000,"load_factor=0.7000;collisions=155560;max_chain=8","INOVAI-NB-8","CPU info","GCC 13.3.0","2025-10-06 17:39:37"
700000,open_addressing,search,4,46,0.013587404,700000,"load_factor=0.7000;total_probes=1517629;max_cluster=166","INOVAI-NB-8","CPU info","GCC 13.3.0","2025-10-06 17:39:37"
800000,chaining,search,0,42,0.024945240,800000,"load_factor=0.7000;collisions=178030;max_chain=7","INOVAI-NB-8","CPU info","GCC 13.3.0","2025-10-06 17:39:37"
800000,open_addressing,search,0,42,0.021875703,800000,"load_factor=0.7000;total_probes=1729755;max_cluster=158","INOVAI-NB-8","CPU info","GCC 13.3.0","2025-10-06 17:39:37"
800000,chaining,search,1,43,0.034520739,800000,"load_factor=0.7000;collisions=178096;max_chain=7","INOVAI-NB-8","CPU info","GCC 13.3.0","2025-10-06 17:39:37"
800000,open_addressing,search,1,43,0.028706453,800000,"load_factor=0.7000;total_probes=1737907;max_cluster=137","INOVAI-NB-8","CPU info","GCC 13.3.0","2025-10-06 17:39:37"
800000,chaining,search,2,44,0.018965470,800000,"load_factor=0.7000;collisions=177707;max_chain=8","INOVAI-NB-8","CPU info","GCC 13.3.0","2025-10-06 17:39:37"
800000,open_addressing,search,2,44,0.016525426,800000,"load_factor=0.7000;total_probes=1731977;max_cluster=149","INOVAI-NB-8","CPU info","GCC 13.3.0","2025-10-06 17:39:37"
800000,chaining,search,3,45,0.028063033,800000,"load_factor=0.7000;collisions=178085;max_chain=7","INOVAI-NB-8","CPU info","GCC 13.3.0","2025-10-06 17:39:37"
800000,open_addressing,search,3,45,0.026456954,800000,"load_factor=0.7000;total_probes=1739569;max_cluster=130","INOVAI-NB-8","CPU info","GCC 13.3.0","2025-10-06 17:39:37"
800000,chaining,search,4,46,0.019257258,800000,"load_factor=0.7000;collisions=178422;max_chain=9","INOVAI-NB-8","CPU info","GCC 13.3.0","2025-10-06 17:39:37"
800000,open_addressing,search,4,46,0.016801547,800000,"load_factor=0.7000;total_probes=1731540;max_cluster=149","INOVAI-NB-8","CPU info","GCC 13.3.0","2025-10-06 17:39:37"
900000,chaining,search,0,42,0.022427165,900000,"load_factor=0.7000;collisions=200565;max_chain=8","INOVAI-NB-8","CPU info","GCC 13.3.0","2025-10-06 17:39:37"
900000,open_addressing,search,0,42,0.021647825,900000,"load_factor=0.7000;total_probes=1937863;max_cluster=153","INOVAI-NB-8","CPU info","GCC 13.3.0","2025-10-06 17:39:37"
900000,chaining,search,1,43,0.024570429,900000,"load_factor=0.7000;collisions=200449;max_chain=8","INOVAI-NB-8","CPU info","GCC 13.3.0","2025-10-06 17:39:37"
900000,open_addressing,search,1,43,0.019962660,900000,"load_factor=0.7000;total_probes=1955645;max_cluster=153","INOVAI-NB-8","CPU info","GCC 13.3.0","2025-10-06 17:39:37"
900000,chaining,search,2,44,0.045396751,900000,"load_factor=0.7000;collisions=200106;max_chain=7","INOVAI-NB-8","CPU info","GCC 13.3.0","2025-10-06 17:39:37"
900000,open_addressing,search,2,44,0.049652503,900000,"load_factor=0.7000;total_probes=1949091;max_cluster=126","INOVAI-NB-8","CPU info","GCC 13.3.0","2025-10-06 17:39:37"
900000,chaining,search,3,45,0.039141874,900000,"load_factor=0.7000;collisions=200469;max_chain=8","INOVAI-NB-8","CPU info","GCC 13.3.0","2025-10-06 17:39:37"
900000,open_addressing,search,3,45,0.025023313,900000,"load_factor=0.7000;total_probes=1957737;max_cluster=129","INOVAI-NB-8","CPU info","GCC 13.3.0","2025-10-06 17:39:37"
900000,chaining,search,4,46,0.030152442,900000,"load_factor=0.7000;collisions=200255;max_chain=8","INOVAI-NB-8","CPU info","GCC 13.3.0","2025-10-06 17:39:37"
900000,open_addressing,search,4,46,0.030031547,900000,"load_factor=0.7000;total_probes=1949359;max_cluster=177","INOVAI-NB-8","CPU info","GCC 13.3.0","2025-10-06 17:39:37"
1000000,chaining,search,0,42,0.030801493,1000000,"load_factor=0.7000;collisions=223063;max_chain=7","INOVAI-NB-8","CPU info","GCC 13.3.0","2025-10-06 17:39:37"
1000000,open_addressing,search,0,42,0.025519395,1000000,"load_factor=0.7000;total_probes=2154451;max_cluster=123","INOVAI-NB-8","CPU info","GCC 13.3.0","2025-10-06 17:39:37"
1000000,chaining,search,1,43,0.028301880,1000000,"load_factor=0.7000;collisions=222786;max_chain=8","INOVAI-NB-8","CPU info","GCC 13.3.0","2025-10-06 17:39:37"
1000000,open_addressing,search,1,43,0.022673851,1000000,"load_factor=0.7000;total_probes=2177998;max_cluster=137","INOVAI-NB-8","CPU info","GCC 13.3.0","2025-10-06 17:39:37"
1000000,chaining,search,2,44,0.029801399,1000000,"load_factor=0.7000;collisions=222494;max_chain=7","INOVAI-NB-8","CPU info","GCC 13.3.0","2025-10-06 17:39:37"
1000000,open_addressing,search,2,44,0.035885787,1000000,"load_factor=0.7000;total_probes=2161475;max_cluster=123","INOVAI-NB-8","CPU info","GCC 13.3.0","2025-10-06 17:39:37"
1000000,chaining,search,3,45,0.029973287,1000000,"load_factor=0.7000;collisions=222695;max_chain=8","INOVAI-NB-8","CPU info","GCC 13.3.0","2025-10-06 17:39:37"
1000000,open_addressing,search,3,45,0.029338436,1000000,"load_factor=0.7000;total_probes=2172634;max_cluster=141","INOVAI-NB-8","CPU info","GCC 13.3.0","2025-10-06 17:39:37"
1000000,chaining,search,4,46,0.031700012,1000000,"load_factor=0.7000;collisions=222550;max_chain=8","INOVAI-NB-8","CPU info","GCC 13.3.0","2025-10-06 17:39:37"
1000000,open_addressing,search,4,46,0.024896143,1000000,"load_factor=0.7000;total_probes=2162449;max_cluster=130","INOVAI-NB-8","CPU info","GCC 13.3.0","2025-10-06 17:39:37"
1000,chaining,search_miss,0,42,0.000015084,90,"load_factor=0.7003;collisions=222;max_chain=5","INOVAI-NB-8","CPU info","GCC 13.3.0","2025-10-06 17:39:37"
1000,open_addressing,search_miss,0,42,0.000029128,90,"load_factor=0.7003;total_probes=2118;max_cluster=31","INOVAI-NB-8","CPU info","GCC 13.3.0","2025-10-06 17:39:37"
1000,chaining,search_miss,1,43,0.000014558,88,"load_factor=0.7003;collisions=227;max_chain=4","INOVAI-NB-8","CPU info","GCC 13.3.0","2025-10-06 17:39:37"
1000,open_addressing,search_miss,1,43,0.000034307,88,"load_factor=0.7003;total_probes=1939;max_cluster=41","INOVAI-NB-8","CPU info","GCC 13.3.0","2025-10-06 17:39:37"
1000,chaining,search_miss,2,44,0.000017422,102,"load_factor=0.7003;collisions=220;max_chain=5","INOVAI-NB-8","CPU info","GCC 13.3.0","2025-10-06 17:39:37"
1000,open_addressing,search_miss,2,44,0.000032595,102,"load_factor=0.7003;total_probes=2082;max_cluster=40","INOVAI-NB-8","CPU info","GCC 13.3.0","2025-10-06 17:39:37"
1000,chaining,search_miss,3,45,0.000017351,93,"load_factor=0.7003;collisions=230;max_chain=5","INOVAI-NB-8","CPU info","GCC 13.3.0","2025-10-06 17:39:37"
1000,open_addressing,search_miss,3,45,0.000034646,93,"load_factor=0.7003;total_probes=2258;max_cluster=47","INOVAI-NB-8","CPU info","GCC 13.3.0","2025-10-06 17:39:37"
1000,chaining,search_miss,4,46,0.000017700,78,"load_factor=0.7003;collisions=225;max_chain=5","INOVAI-NB-8","CPU info","GCC 13.3.0","2025-10-06 17:39:37"
1000,open_addressing,search_miss,4,46,0.000034111,78,"load_factor=0.7003;total_probes=2078;max_cluster=45","INOVAI-NB-8","CPU info","GCC 13.3.0","2025-10-06 17:39:37"
2000,chaining,search_miss,0,42,0.000035746,187,"load_factor=0.7000;collisions=447;max_chain=5","INOVAI-NB-8","CPU info","GCC 13.3.0","2025-10-06 17:39:37"
2000,open_addressing,search_miss,0,42,0.000102313,187,"load_factor=0.7000;total_probes=4489;max_cluster=65","INOVAI-NB-8","CPU info","GCC 13.3.0","2025-10-06 17:39:37"
2000,chaining,search_miss,1,43,0.000035371,201,"load_factor=0.7000;collisions=454;max_chain=6","INOVAI-NB-8","CPU info","GCC 13.3.0","2025-10-06 17:39:37"
2000,open_addressing,search_miss,1,43,0.000066910,201,"load_factor=0.7000;total_probes=3954;max_cluster=49","INOVAI-NB-8","CPU info","GCC 13.3.0","2025-10-06 17:39:37"
2000,chaining,search_miss,2,44,0.000033716,186,"load_factor=0.7000;collisions=460;max_chain=5","INOVAI-NB-8","CPU info","GCC 13.3.0","2025-10-06 17:39:37"
2000,open_addressing,search_miss,2,44,0.000069815,186,"load_factor=0.7000;total_probes=4316;max_cluster=68","INOVAI-NB-8","CPU info","GCC 13.3.0","2025-10-06 17:39:37"
2000,chaining,search_miss,3,45,0.000033686,218,"load_factor=0.7000;collisions=437;max_chain=5","INOVAI-NB-8","CPU info","GCC 13.3.0","2025-10-06 17:39:37"
2000,open_addressing,search_miss,3,45,0.000067432,218,"load_factor=0.7000;total_probes=4118;max_cluster=59","INOVAI-NB-8","CPU info","GCC 13.3.0","2025-10-06 17:39:37"
2000,chaining,search_miss,4,46,0.000035601,184,"load_factor=0.7000;collisions=452;max_chain=5","INOVAI-NB-8","CPU info","GCC 13.3.0","2025-10-06 17:39:37"
2000,open_addressing,search_miss,4,46,0.000071651,184,"load_factor=0.7000;total_probes=4066;max_cluster=37","INOVAI-NB-8","CPU info","GCC 13.3.0","2025-10-06 17:39:37"
3000,chaining,search_miss,0,42,0.000055671,260,"load_factor=0.7001;collisions=679;max_chain=4","INOVAI-NB-8","CPU info","GCC 13.3.0","2025-10-06 17:39:37"
3000,open_addressing,search_miss,0,42,0.000128087,260,"load_factor=0.7001;total_probes=6985;max_cluster=95","INOVAI-NB-8","CPU info","GCC 13.3.0","2025-10-06 17:39:37"
3000,chaining,search_miss,1,43,0.000058802,301,"load_factor=0.7001;collisions=664;max_chain=5","INOVAI-NB-8","CPU info","GCC 13.3.0","2025-10-06 17:39:37"
3000,open_addressing,search_miss,1,43,0.000107997,301,"load_factor=0.7001;total_probes=6316;max_cluster=43","INOVAI-NB-8","CPU info","GCC 13.3.0","2025-10-06 17:39:37"
3000,chaining,search_miss,2,44,0.000048284,276,"load_factor=0.7001;collisions=655;max_chain=5","INOVAI-NB-8","CPU info","GCC 13.3.0","2025-10-06 17:39:37"
3000,open_addressing,search_miss,2,44,0.000090584,276,"load_factor=0.7001;total_probes=6383;max_cluster=70","INOVAI-NB-8","CPU info","GCC 13.3.0","2025-10-06 17:39:37"
3000,chaining,search_miss,3,45,0.000050135,271,"load_factor=0.7001;collisions=667;max_chain=5","INOVAI-NB-8","CPU info","GCC 13.3.0","2025-10-06 17:39:37"
3000,open_addressing,search_miss,3,45,0.000092650,271,"load_factor=0.7001;total_probes=6465;max_cluster=61","INOVAI-NB-8","CPU info","GCC 13.3.0","2025-10-06 17:39:37"
3000,chaining,search_miss,4,46,0.000038768,262,"load_factor=0.7001;collisions=683;max_chain=5","INOVAI-NB-8","CPU info","GCC 13.3.0","2025-10-06 17:39:37"
3000,open_addressing,search_miss,4,46,0.000102830,262,"load_factor=0.7001;total_probes=6513;max_cluster=63","INOVAI-NB-8","CPU info","GCC 13.3.0","2025-10-06 17:39:37"
4000,chaining,search_miss,0,42,0.000069507,388,"load_factor=0.7000;collisions=914;max_chain=6","INOVAI-NB-8","CPU info","GCC 13.3.0","2025-10-06 17:39:37"
4000,open_addressing,search_miss,0,42,0.000140223,388,"load_factor=0.7000;total_probes=9405;max_cluster=120","INOVAI-NB-8","CPU info","GCC 13.3.0","2025-10-06 17:39:37"
4000,chaining,search_miss,1,43,0.000065008,399,"load_factor=0.7000;collisions=874;max_chain=8","INOVAI-NB-8","CPU info","GCC 13.3.0","2025-10-06 17:39:37"
4000,open_addressing,search_miss,1,43,0.000115574,399,"load_factor=0.7000;total_probes=8240;max_cluster=54","INOVAI-NB-8","CPU info","GCC 13.3.0","2025-10-06 17:39:37"
4000,chaining,search_miss,2,44,0.000062648,364,"load_factor=0.7000;collisions=881;max_chain=5","INOVAI-NB-8","CPU info","GCC 13.3.0","2025-10-06 17:39:37"
4000,open_addressing,search_miss,2,44,0.000123836,364,"load_factor=0.7000;total_probes=8526;max_cluster=71","INOVAI-NB-8","CPU info","GCC 13.3.0","2025-10-06 17:39:37"
4000,chaining,search_miss,3,45,0.000062309,385,"load_factor=0.7000;collisions=915;max_chain=5","INOVAI-NB-8","CPU info","GCC 13.3.0","2025-10-06 17:39:37"
4000,open_addressing,search_miss,3,45,0.000133693,385,"load_factor=0.7000;total_probes=8537;max_cluster=56","INOVAI-NB-8","CPU info","GCC 13.3.0","2025-10-06 17:39:37"
4000,chaining,search_miss,4,46,0.000065415,370,"load_factor=0.7000;collisions=916;max_chain=5","INOVAI-NB-8","CPU info","GCC 13.3.0","2025-10-06 17:39:37"
4000,open_addressing,search_miss,4,46,0.000135620,370,"load_factor=0.7000;total_probes=8501;max_cluster=65","INOVAI-NB-8","CPU info","GCC 13.3.0","2025-10-06 17:39:37"
5000,chaining,search_miss,0,42,0.000079688,486,"load_factor=0.7001;collisions=1111;max_chain=7","INOVAI-NB-8","CPU info","GCC 13.3.0","2025-10-06 17:39:37"
5000,open_addressing,search_miss,0,42,0.000158024,486,"load_factor=0.7001;total_probes=11739;max_cluster=132","INOVAI-NB-8","CPU info","GCC 13.3.0","2025-10-06 17:39:37"
5000,chaining,search_miss,1,43,0.000074367,483,"load_factor=0.7001;collisions=1099;max_chain=6","INOVAI-NB-8","CPU info","GCC 13.3.0","2025-10-06 17:39:37"
5000,open_addressing,search_miss,1,43,0.000136028,483,"load_factor=0.7001;total_probes=10546;max_cluster=60","INOVAI-NB-8","CPU info","GCC 13.3.0","2025-10-06 17:39:37"
5000,chaining,search_miss,2,44,0.000076602,471,"load_factor=0.7001;collisions=1118;max_chain=5","INOVAI-NB-8","CPU info","GCC 13.3.0","2025-10-06 17:39:37"
5000,open_addressing,search_miss,2,44,0.000146456,471,"load_factor=0.7001;total_probes=10655;max_cluster=71","INOVAI-NB-8","CPU info","GCC 13.3.0","2025-10-06 17:39:37"
5000,chaining,search_miss,3,45,0.000113857,510,"load_factor=0.7001;collisions=1115;max_chain=6","INOVAI-NB-8","CPU info","GCC 13.3.0","2025-10-06 17:39:37"
5000,open_addressing,search_miss,3,45,0.000170033,510,"load_factor=0.7001;total_probes=10841;max_cluster=59","INOVAI-NB-8","CPU info","GCC 13.3.0","2025-10-06 17:39:37"
5000,chaining,search_miss,4,46,0.000065652,476,"load_factor=0.7001;collisions=1089;max_chain=6","INOVAI-NB-8","CPU info","GCC 13.3.0","2025-10-06 17:39:37"
5000,open_addressing,search_miss,4,46,0.000202449,476,"load_factor=0.7001;total_probes=10541;max_cluster=91","INOVAI-NB-8","CPU info","GCC 13.3.0","2025-10-06 17:39:37"
6000,chaining,search_miss,0,42,0.000089216,587,"load_factor=0.7000;collisions=1343;max_chain=7","INOVAI-NB-8","CPU info","GCC 13.3.0","2025-10-06 17:39:37"
6000,open_addressing,search_miss,0,42,0.000185163,587,"load_factor=0.7000;total_probes=13852;max_cluster=98","INOVAI-NB-8","CPU info","GCC 13.3.0","2025-10-06 17:39:37"
6000,chaining,search_miss,1,43,0.000086322,537,"load_factor=0.7000;collisions=1356;max_chain=6","INOVAI-NB-8","CPU info","GCC 13.3.0","2025-10-06 17:39:37"
6000,open_addressing,search_miss,1,43,0.000189985,537,"load_factor=0.7000;total_probes=12541;max_cluster=66","INOVAI-NB-8","CPU info","GCC 13.3.0","2025-10-06 17:39:37"
6000,chaining,search_miss,2,44,0.000127682,558,"load_factor=0.7000;collisions=1343;max_chain=5","INOVAI-NB-8","CPU info","GCC 13.3.0","2025-10-06 17:39:37"
6000,open_addressing,search_miss,2,44,0.000174685,558,"load_factor=0.7000;total_probes=12843;max_cluster=89","INOVAI-NB-8","CPU info","GCC 13.3.0","2025-10-06 17:39:37"
6000,chaining,search_miss,3,45,0.000091345,587,"load_factor=0.7000;collisions=1348;max_chain=6","INOVAI-NB-8","CPU info","GCC 13.3.0","2025-10-06 17:39:37"
6000,open_addressing,search_miss,3,45,0.000177407,587,"load_factor=0.7000;total_probes=12897;max_cluster=70","INOVAI-NB-8","CPU info","GCC 13.3.0","2025-10-06 17:39:37"
6000,chaining,search_miss,4,46,0.000098250,576,"load_factor=0.7000;collisions=1338;max_chain=5","INOVAI-NB-8","CPU info","GCC 13.3.0","2025-10-06 17:39:37"
6000,open_addressing,search_miss,4,46,0.000184113,576,"load_factor=0.7000;total_probes=12946;max_cluster=71","INOVAI-NB-8","CPU info","GCC 13.3.0","2025-10-06 17:39:37"
7000,chaining,search_miss,0,42,0.000121035,681,"load_factor=0.7000;collisions=1530;max_chain=6","INOVAI-NB-8","CPU info","GCC 13.3.0","2025-10-06 17:39:37"
7000,open_addressing,search_miss,0,42,0.000226701,681,"load_factor=0.7000;total_probes=15944;max_cluster=103","INOVAI-NB-8","CPU info","GCC 13.3.0","2025-10-06 17:39:37"
7000,chaining,search_miss,1,43,0.000143747,655,"load_factor=0.7000;collisions=1550;max_chain=5","INOVAI-NB-8","CPU info","GCC 13.3.0","2025-10-06 17:39:37"
7000,open_addressing,search_miss,1,43,0.000215488,655,"load_factor=0.7000;total_probes=14846;max_cluster=89","INOVAI-NB-8","CPU info","GCC 13.3.0","2025-10-06 17:39:37"
7000,chaining,search_miss,2,44,0.000106019,637,"load_factor=0.7000;collisions=1539;max_chain=7","INOVAI-NB-8","CPU info","GCC 13.3.0","2025-10-06 17:39:37"
7000,open_addressing,search_miss,2,44,0.000220098,637,"load_factor=0.7000;total_probes=14972;max_cluster=69","INOVAI-NB-8","CPU info","GCC 13.3.0","2025-10-06 17:39:37"
7000,chaining,search_miss,3,45,0.000105620,669,"load_factor=0.7000;collisions=1575;max_chain=5","INOVAI-NB-8","CPU info","GCC 13.3.0","2025-10-06 17:39:37"
7000,open_addressing,search_miss,3,45,0.000225067,669,"load_factor=0.7000;total_probes=15601;max_cluster=54","INOVAI-NB-8","CPU info","GCC 13.3.0","2025-10-06 17:39:37"
7000,chaining,search_miss,4,46,0.000106899,643,"load_factor=0.7000;collisions=1591;max_chain=5","INOVAI-NB-8","CPU info","GCC 13.3.0","2025-10-06 17:39:37"
7000,open_addressing,search_miss,4,46,0.000217852,643,"load_factor=0.7000;total_probes=14647;max_cluster=59","INOVAI-NB-8","CPU info","GCC 13.3.0","2025-10-06 17:39:37"
8000,chaining,search_miss,0,42,0.000124665,772,"load_factor=0.7000;collisions=1792;max_chain=6","INOVAI-NB-8","CPU info","GCC 13.3.0","2025-10-06 17:39:37"
8000,open_addressing,search_miss,0,42,0.000247540,772,"load_factor=0.7000;total_probes=17920;max_cluster=76","INOVAI-NB-8","CPU info","GCC 13.3.0","2025-10-06 17:39:37"
8000,chaining,search_miss,1,43,0.000137570,755,"load_factor=0.7000;collisions=1747;max_chain=6","INOVAI-NB-8","CPU info","GCC 13.3.0","2025-10-06 17:39:37"
8000,open_addressing,search_miss,1,43,0.000245074,755,"load_factor=0.7000;total_probes=17089;max_cluster=74","INOVAI-NB-8","CPU info","GCC 13.3.0","2025-10-06 17:39:37"
8000,chaining,search_miss,2,44,0.000127010,748,"load_factor=0.7000;collisions=1766;max_chain=6","INOVAI-NB-8","CPU info","GCC 13.3.0","2025-10-06 17:39:37"
8000,open_addressing,search_miss,2,44,0.000237840,748,"load_factor=0.7000;total_probes=17264;max_cluster=62","INOVAI-NB-8","CPU info","GCC 13.3.0","2025-10-06 17:39:37"
8000,chaining,search_miss,3,45,0.000123254,762,"load_factor=0.7000;collisions=1816;max_chain=6","INOVAI-NB-8","CPU info","GCC 13.3.0","2025-10-06 17:39:37"
8000,open_addressing,search_miss,3,45,0.000233601,762,"load_factor=0.7000;total_probes=17804;max_cluster=57","INOVAI-NB-8","CPU info","GCC 13.3.0","2025-10-06 17:39:37"
8000,chaining,search_miss,4,46,0.000144702,744,"load_factor=0.7000;collisions=1782;max_chain=6","INOVAI-NB-8","CPU info","GCC 13.3.0","2025-10-06 17:39:37"
8000,open_addressing,search_miss,4,46,0.000255719,744,"load_factor=0.7000;total_probes=17171;max_cluster=64","INOVAI-NB-8","CPU info","GCC 13.3.0","2025-10-06 17:39:37"
9000,chaining,search_miss,0,42,0.000161818,833,"load_factor=0.7000;collisions=2022;max_chain=7","INOVAI-NB-8","CPU info","GCC 13.3.0","2025-10-06 17:39:37"
9000,open_addressing,search_miss,0,42,0.000335506,833,"load_factor=0.7000;total_probes=20843;max_cluster=117","INOVAI-NB-8","CPU info","GCC 13.3.0","2025-10-06 17:39:37"
9000,chaining,search_miss,1,43,0.000181894,851,"load_factor=0.7000;collisions=1998;max_chain=6","INOVAI-NB-8","CPU info","GCC 13.3.0","2025-10-06 17:39:37"
9000,open_addressing,search_miss,1,43,0.000357668,851,"load_factor=0.7000;total_probes=19261;max_cluster=109","INOVAI-NB-8","CPU info","GCC 13.3.0","2025-10-06 17:39:37"
9000,chaining,search_miss,2,44,0.000271236,843,"load_factor=0.7000;collisions=2015;max_chain=6","INOVAI-NB-8","CPU info","GCC 13.3.0","2025-10-06 17:39:37"
9000,open_addressing,search_miss,2,44,0.000264217,843,"load_factor=0.7000;total_probes=18949;max_cluster=77","INOVAI-NB-8","CPU info","GCC 13.3.0","2025-10-06 17:39:37"
9000,chaining,search_miss,3,45,0.000129202,863,"load_factor=0.7000;collisions=2013;max_chain=7","INOVAI-NB-8","CPU info","GCC 13.3.0","2025-10-06 17:39:37"
9000,open_addressing,search_miss,3,45,0.000268434,863,"load_factor=0.7000;total_probes=20073;max_cluster=61","INOVAI-NB-8","CPU info","GCC 13.3.0","2025-10-06 17:39:37"
9000,chaining,search_miss,4,46,0.000133208,876,"load_factor=0.7000;collisions=1974;max_chain=6","INOVAI-NB-8","CPU info","GCC 13.3.0","2025-10-06 17:39:37"
9000,open_addressing,search_miss,4,46,0.000311844,876,"load_factor=0.7000;total_probes=19474;max_cluster=54","INOVAI-NB-8","CPU info","GCC 13.3.0","2025-10-06 17:39:37"
10000,chaining,search_miss,0,42,0.000149412,934,"load_factor=0.7000;collisions=2203;max_chain=6","INOVAI-NB-8","CPU info","GCC 13.3.0","2025-10-06 17:39:37"
10000,open_addressing,search_miss,0,42,0.000328583,934,"load_factor=0.7000;total_probes=22606;max_cluster=74","INOVAI-NB-8","CPU info","GCC 13.3.0","2025-10-06 17:39:37"
10000,chaining,search_miss,1,43,0.000149892,978,"load_factor=0.7000;collisions=2237;max_chain=6","INOVAI-NB-8","CPU info","GCC 13.3.0","2025-10-06 17:39:37"
10000,open_addressing,search_miss,1,43,0.000372009,978,"load_factor=0.7000;total_probes=21200;max_cluster=64","INOVAI-NB-8","CPU info","GCC 13.3.0","2025-10-06 17:39:37"
10000,chaining,search_miss,2,44,0.000153947,911,"load_factor=0.7000;collisions=2219;max_chain=7","INOVAI-NB-8","CPU info","GCC 13.3.0","2025-10-06 17:39:37"
10000,open_addressing,search_miss,2,44,0.000301412,911,"load_factor=0.7000;total_probes=21165;max_cluster=72","INOVAI-NB-8","CPU info","GCC 13.3.0","2025-10-06 17:39:37"
10000,chaining,search_miss,3,45,0.000166328,956,"load_factor=0.7000;collisions=2248;max_chain=6","INOVAI-NB-8","CPU info","GCC 13.3.0","2025-10-06 17:39:37"
10000,open_addressing,search_miss,3,45,0.000328668,956,"load_factor=0.7000;total_probes=21704;max_cluster=62","INOVAI-NB-8","CPU info","GCC 13.3.0","2025-10-06 17:39:37"
10000,chaining,search_miss,4,46,0.000156560,956,"load_factor=0.7000;collisions=2216;max_chain=6","INOVAI-NB-8","CPU info","GCC 13.3.0","2025-10-06 17:39:37"
10000,open_addressing,search_miss,4,46,0.000327136,956,"load_factor=0.7000;total_probes=21379;max_cluster=77","INOVAI-NB-8","CPU info","GCC 13.3.0","2025-10-06 17:39:37"
20000,chaining,search_miss,0,42,0.000455510,1892,"load_factor=0.7000;collisions=4395;max_chain=6","INOVAI-NB-8","CPU info","GCC 13.3.0","2025-10-06 17:39:37"
20000,open_addressing,search_miss,0,42,0.000650442,1892,"load_factor=0.7000;total_probes=43485;max_cluster=85","INOVAI-NB-8","CPU info","GCC 13.3.0","2025-10-06 17:39:37"
20000,chaining,search_miss,1,43,0.000329692,1883,"load_factor=0.7000;collisions=4398;max_chain=6","INOVAI-NB-8","CPU info","GCC 13.3.0","2025-10-06 17:39:37"
20000,open_addressing,search_miss,1,43,0.000674910,1883,"load_factor=0.7000;total_probes=43413;max_cluster=84","INOVAI-NB-8","CPU info","GCC 13.3.0","2025-10-06 17:39:37"
20000,chaining,search_miss,2,44,0.000405194,1848,"load_factor=0.7000;collisions=4564;max_chain=7","INOVAI-NB-8","CPU info","GCC 13.3.0","2025-10-06 17:39:37"
20000,open_addressing,search_miss,2,44,0.000702145,1848,"load_factor=0.7000;total_probes=42825;max_cluster=95","INOVAI-NB-8","CPU info","GCC 13.3.0","2025-10-06 17:39:37"
20000,chaining,search_miss,3,45,0.000330808,1944,"load_factor=0.7000;collisions=4427;max_chain=7","INOVAI-NB-8","CPU info","GCC 13.3.0","2025-10-06 17:39:37"
20000,open_addressing,search_miss,3,45,0.000700550,1944,"load_factor=0.7000;total_probes=43351;max_cluster=82","INOVAI-NB-8","CPU info","GCC 13.3.0","2025-10-06 17:39:37"
20000,chaining,search_miss,4,46,0.000349837,1972,"load_factor=0.7000;collisions=4449;max_chain=6","INOVAI-NB-8","CPU info","GCC 13.3.0","2025-10-06 17:39:37"
20000,open_addressing,search_miss,4,46,0.000640086,1972,"load_factor=0.7000;total_probes=43183;max_cluster=71","INOVAI-NB-8","CPU info","GCC 13.3.0","2025-10-06 17:39:37"
30000,chaining,search_miss,0,42,0.000764512,2808,"load_factor=0.7000;collisions=6663;max_chain=6","INOVAI-NB-8","CPU info","GCC 13.3.0","2025-10-06 17:39:37"
30000,open_addressing,search_miss,0,42,0.001025750,2808,"load_factor=0.7000;total_probes=64425;max_cluster=94","INOVAI-NB-8","CPU info","GCC 13.3.0","2025-10-06 17:39:37"
30000,chaining,search_miss,1,43,0.000548138,2787,"load_factor=0.7000;collisions=6608;max_chain=6","INOVAI-NB-8","CPU info","GCC 13.3.0","2025-10-06 17:39:37"
30000,open_addressing,search_miss,1,43,0.000964928,2787,"load_factor=0.7000;total_probes=63850;max_cluster=103","INOVAI-NB-8","CPU info","GCC 13.3.0","2025-10-06 17:39:37"
30000,chaining,search_miss,2,44,0.000516909,2846,"load_factor=0.7000;collisions=6717;max_chain=6","INOVAI-NB-8","CPU info","GCC 13.3.0","2025-10-06 17:39:37"
30000,open_addressing,search_miss,2,44,0.000968531,2846,"load_factor=0.7000;total_probes=64748;max_cluster=128","INOVAI-NB-8","CPU info","GCC 13.3.0","2025-10-06 17:39:37"
30000,chaining,search_miss,3,45,0.000503098,2873,"load_factor=0.7000;collisions=6659;max_chain=7","INOVAI-NB-8","CPU info","GCC 13.3.0","2025-10-06 17:39:37"
30000,open_addressing,search_miss,3,45,0.000969313,2873,"load_factor=0.7000;total_probes=66616;max_cluster=105","INOVAI-NB-8","CPU info","GCC 13.3.0","2025-10-06 17:39:37"
30000,chaining,search_miss,4,46,0.000504922,2891,"load_factor=0.7000;collisions=6679;max_chain=6","INOVAI-NB-8","CPU info","GCC 13.3.0","2025-10-06 17:39:37"
30000,open_addressing,search_miss,4,46,0.000972676,2891,"load_factor=0.7000;total_probes=65998;max_cluster=90","INOVAI-NB-8","CPU info","GCC 13.3.0","2025-10-06 17:39:37"
40000,chaining,search_miss,0,42,0.000758572,3823,"load_factor=0.7000;collisions=8907;max_chain=8","INOVAI-NB-8","CPU info","GCC 13.3.0","2025-10-06 17:39:37"
40000,open_addressing,search_miss,0,42,0.001308334,3823,"load_factor=0.7000;total_probes=86252;max_cluster=99","INOVAI-NB-8","CPU info","GCC 13.3.0","2025-10-06 17:39:37"
40000,chaining,search_miss,1,43,0.000765062,3847,"load_factor=0.7000;collisions=8892;max_chain=6","INOVAI-NB-8","CPU info","GCC 13.3.0","2025-10-06 17:39:37"
40000,open_addressing,search_miss,1,43,0.001302736,3847,"load_factor=0.7000;total_probes=87848;max_cluster=89","INOVAI-NB-8","CPU info","GCC 13.3.0","2025-10-06 17:39:37"
40000,chaining,search_miss,2,44,0.000920290,3789,"load_factor=0.7000;collisions=8962;max_chain=5","INOVAI-NB-8","CPU info","GCC 13.3.0","2025-10-06 17:39:37"
40000,open_addressing,search_miss,2,44,0.001662178,3789,"load_factor=0.7000;total_probes=87973;max_cluster=113","INOVAI-NB-8","CPU info","GCC 13.3.0","2025-10-06 17:39:37"
40000,chaining,search_miss,3,45,0.000905197,3861,"load_factor=0.7000;collisions=8929;max_chain=6","INOVAI-NB-8","CPU info","GCC 13.3.0","2025-10-06 17:39:37"
40000,open_addressing,search_miss,3,45,0.001360502,3861,"load_factor=0.7000;total_probes=87324;max_cluster=136","INOVAI-NB-8","CPU info","GCC 13.3.0","2025-10-06 17:39:37"
40000,chaining,search_miss,4,46,0.000942367,3822,"load_factor=0.7000;collisions=8925;max_chain=6","INOVAI-NB-8","CPU info","GCC 13.3.0","2025-10-06 17:39:37"
40000,open_addressing,search_miss,4,46,0.001366435,3822,"load_factor=0.7000;total_probes=86804;max_cluster=88","INOVAI-NB-8","CPU info","GCC 13.3.0","2025-10-06 17:39:37"
50000,chaining,search_miss,0,42,0.001094218,4811,"load_factor=0.7000;collisions=11038;max_chain=6","INOVAI-NB-8","CPU info","GCC 13.3.0","2025-10-06 17:39:37"
50000,open_addressing,search_miss,0,42,0.001810157,4811,"load_factor=0.7000;total_probes=106844;max_cluster=80","INOVAI-NB-8","CPU info","GCC 13.3.0","2025-10-06 17:39:37"
50000,chaining,search_miss,1,43,0.000987915,4812,"load_factor=0.7000;collisions=11121;max_chain=7","INOVAI-NB-8","CPU info","GCC 13.3.0","2025-10-06 17:39:37"
50000,open_addressing,search_miss,1,43,0.001570117,4812,"load_factor=0.7000;total_probes=109201;max_cluster=95","INOVAI-NB-8","CPU info","GCC 13.3.0","2025-10-06 17:39:37"
50000,chaining,search_miss,2,44,0.000963818,4789,"load_factor=0.7000;collisions=11168;max_chain=6","INOVAI-NB-8","CPU info","GCC 13.3.0","2025-10-06 17:39:37"
50000,open_addressing,search_miss,2,44,0.001727547,4789,"load_factor=0.7000;total_probes=110309;max_cluster=144","INOVAI-NB-8","CPU info","GCC 13.3.0","2025-10-06 17:39:37"
50000,chaining,search_miss,3,45,0.000995124,4683,"load_factor=0.7000;collisions=11081;max_chain=6","INOVAI-NB-8","CPU info","GCC 13.3.0","2025-10-06 17:39:37"
50000,open_addressing,search_miss,3,45,0.001700210,4683,"load_factor=0.7000;total_probes=108216;max_cluster=118","INOVAI-NB-8","CPU info","GCC 13.3.0","2025-10-06 17:39:37"
50000,chaining,search_miss,4,46,0.000984582,4870,"load_factor=0.7000;collisions=11220;max_chain=6","INOVAI-NB-8","CPU info","GCC 13.3.0","2025-10-06 17:39:37"
50000,open_addressing,search_miss,4,46,0.001765247,4870,"load_factor=0.7000;total_probes=109908;max_cluster=95","INOVAI-NB-8","CPU info","GCC 13.3.0","2025-10-06 17:39:37"
60000,chaining,search_miss,0,42,0.001251380,5739,"load_factor=0.7000;collisions=13325;max_chain=6","INOVAI-NB-8","CPU info","GCC 13.3.0","2025-10-06 17:39:37"
60000,open_addressing,search_miss,0,42,0.002028238,5739,"load_factor=0.7000;total_probes=127238;max_cluster=72","INOVAI-NB-8","CPU info","GCC 13.3.0","2025-10-06 17:39:37"
60000,chaining,search_miss,1,43,0.001232627,5733,"load_factor=0.7000;collisions=13350;max_chain=7","INOVAI-NB-8","CPU info","GCC 13.3.0","2025-10-06 17:39:37"
60000,open_addressing,search_miss,1,43,0.002067211,5733,"load_factor=0.7000;total_probes=128790;max_cluster=117","INOVAI-NB-8","CPU info","GCC 13.3.0","2025-10-06 17:39:37"
60000,chaining,search_miss,2,44,0.001223318,5595,"load_factor=0.7000;collisions=13426;max_chain=6","INOVAI-NB-8","CPU info","GCC 13.3.0","2025-10-06 17:39:37"
60000,open_addressing,search_miss,2,44,0.002124645,5595,"load_factor=0.7000;total_probes=132725;max_cluster=159","INOVAI-NB-8","CPU info","GCC 13.3.0","2025-10-06 17:39:37"
60000,chaining,search_miss,3,45,0.001271525,5679,"load_factor=0.7000;collisions=13405;max_chain=6","INOVAI-NB-8","CPU info","GCC 13.3.0","2025-10-06 17:39:37"
60000,open_addressing,search_miss,3,45,0.002103267,5679,"load_factor=0.7000;total_probes=130739;max_cluster=114","INOVAI-NB-8","CPU info","GCC 13.3.0","2025-10-06 17:39:37"
60000,chaining,search_miss,4,46,0.001221021,5816,"load_factor=0.7000;collisions=13410;max_chain=6","INOVAI-NB-8","CPU info","GCC 13.3.0","2025-10-06 17:39:37"
60000,open_addressing,search_miss,4,46,0.002104218,5816,"load_factor=0.7000;total_probes=131663;max_cluster=95","INOVAI-NB-8","CPU info","GCC 13.3.0","2025-10-06 17:39:37"
70000,chaining,search_miss,0,42,0.001913063,6668,"load_factor=0.7000;collisions=15476;max_chain=7","INOVAI-NB-8","CPU info","GCC 13.3.0","2025-10-06 17:39:37"
70000,open_addressing,search_miss,0,42,0.002940504,6668,"load_factor=0.7000;total_probes=148094;max_cluster=87","INOVAI-NB-8","CPU info","GCC 13.3.0","2025-10-06 17:39:37"
70000,chaining,search_miss,1,43,0.001488652,6680,"load_factor=0.7000;collisions=15582;max_chain=6","INOVAI-NB-8","CPU info","GCC 13.3.0","2025-10-06 17:39:37"
70000,open_addressing,search_miss,1,43,0.002440643,6680,"load_factor=0.7000;total_probes=151747;max_cluster=121","INOVAI-NB-8","CPU info","GCC 13.3.0","2025-10-06 17:39:37"
70000,chaining,search_miss,2,44,0.001706420,6679,"load_factor=0.7000;collisions=15517;max_chain=8","INOVAI-NB-8","CPU info","GCC 13.3.0","2025-10-06 17:39:37"
70000,open_addressing,search_miss,2,44,0.002859695,6679,"load_factor=0.7000;total_probes=152606;max_cluster=149","INOVAI-NB-8","CPU info","GCC 13.3.0","2025-10-06 17:39:37"
70000,chaining,search_miss,3,45,0.002053342,6696,"load_factor=0.7000;collisions=15504;max_chain=8","INOVAI-NB-8","CPU info","GCC 13.3.0","2025-10-06 17:39:37"
70000,open_addressing,search_miss,3,45,0.003452935,6696,"load_factor=0.7000;total_probes=151342;max_cluster=92","INOVAI-NB-8","CPU info","GCC 13.3.0","2025-10-06 17:39:37"
70000,chaining,search_miss,4,46,0.001964142,6806,"load_factor=0.7000;collisions=15685;max_chain=7","INOVAI-NB-8","CPU info","GCC 13.3.0","2025-10-06 17:39:37"
70000,open_addressing,search_miss,4,46,0.003514497,6806,"load_factor=0.7000;total_probes=152225;max_cluster=104","INOVAI-NB-8","CPU info","GCC 13.3.0","2025-10-06 17:39:37"
80000,chaining,search_miss,0,42,0.002093175,7560,"load_factor=0.7000;collisions=17902;max_chain=8","INOVAI-NB-8","CPU info","GCC 13.3.0","2025-10-06 17:39:37"
80000,open_addressing,search_miss,0,42,0.002971772,7560,"load_factor=0.7000;total_probes=171305;max_cluster=89","INOVAI-NB-8","CPU info","GCC 13.3.0","2025-10-06 17:39:37"
80000,chaining,search_miss,1,43,0.002426657,7619,"load_factor=0.7000;collisions=17720;max_chain=7","INOVAI-NB-8","CPU info","GCC 13.3.0","2025-10-06 17:39:37"
80000,open_addressing,search_miss,1,43,0.003397107,7619,"load_factor=0.7000;total_probes=173898;max_cluster=92","INOVAI-NB-8","CPU info","GCC 13.3.0","2025-10-06 17:39:37"
80000,chaining,search_miss,2,44,0.001917112,7544,"load_factor=0.7000;collisions=17891;max_chain=6","INOVAI-NB-8","CPU info","GCC 13.3.0","2025-10-06 17:39:37"
80000,open_addressing,search_miss,2,44,0.003183236,7544,"load_factor=0.7000;total_probes=175018;max_cluster=174","INOVAI-NB-8","CPU info","GCC 13.3.0","2025-10-06 17:39:37"
80000,chaining,search_miss,3,45,0.001684934,7510,"load_factor=0.7000;collisions=17771;max_chain=6","INOVAI-NB-8","CPU info","GCC 13.3.0","2025-10-06 17:39:37"
80000,open_addressing,search_miss,3,45,0.002826611,7510,"load_factor=0.7000;total_probes=174253;max_cluster=98","INOVAI-NB-8","CPU info","GCC 13.3.0","2025-10-06 17:39:37"
80000,chaining,search_miss,4,46,0.001680927,7632,"load_factor=0.7000;collisions=17745;max_chain=7","INOVAI-NB-8","CPU info","GCC 13.3.0","2025-10-06 17:39:37"
80000,open_addressing,search_miss,4,46,0.002777869,7632,"load_factor=0.7000;total_probes=173583;max_cluster=113","INOVAI-NB-8","CPU info","GCC 13.3.0","2025-10-06 17:39:37"
90000,chaining,search_miss,0,42,0.001642538,8610,"load_factor=0.7000;collisions=20170;max_chain=7","INOVAI-NB-8","CPU info","GCC 13.3.0","2025-10-06 17:39:37"
90000,open_addressing,search_miss,0,42,0.002891282,8610,"load_factor=0.7000;total_probes=193137;max_cluster=89","INOVAI-NB-8","CPU info","GCC 13.3.0","2025-10-06 17:39:37"
90000,chaining,search_miss,1,43,0.002242543,8523,"load_factor=0.7000;collisions=19860;max_chain=7","INOVAI-NB-8","CPU info","GCC 13.3.0","2025-10-06 17:39:37"
90000,open_addressing,search_miss,1,43,0.003093024,8523,"load_factor=0.7000;total_probes=195072;max_cluster=97","INOVAI-NB-8","CPU info","GCC 13.3.0","2025-10-06 17:39:37"
90000,chaining,search_miss,2,44,0.001903747,8577,"load_factor=0.7000;collisions=20032;max_chain=7","INOVAI-NB-8","CPU info","GCC 13.3.0","2025-10-06 17:39:37"
90000,open_addressing,search_miss,2,44,0.003181563,8577,"load_factor=0.7000;total_probes=196463;max_cluster=216","INOVAI-NB-8","CPU info","GCC 13.3.0","2025-10-06 17:39:37"
90000,chaining,search_miss,3,45,0.001857763,8610,"load_factor=0.7000;collisions=20139;max_chain=7","INOVAI-NB-8","CPU info","GCC 13.3.0","2025-10-06 17:39:37"
90000,open_addressing,search_miss,3,45,0.003089982,8610,"load_factor=0.7000;total_probes=194961;max_cluster=121","INOVAI-NB-8","CPU info","GCC 13.3.0","2025-10-06 17:39:37"
90000,chaining,search_miss,4,46,0.001876900,8609,"load_factor=0.7000;collisions=20079;max_chain=6","INOVAI-NB-8","CPU info","GCC 13.3.0","2025-10-06 17:39:37"
90000,open_addressing,search_miss,4,46,0.003158287,8609,"load_factor=0.7000;total_probes=195305;max_cluster=115","INOVAI-NB-8","CPU info","GCC 13.3.0","2025-10-06 17:39:37"
100000,chaining,search_miss,0,42,0.002214733,9603,"load_factor=0.7000;collisions=22204;max_chain=7","INOVAI-NB-8","CPU info","GCC 13.3.0","2025-10-06 17:39:37"
100000,open_addressing,search_miss,0,42,0.003360666,9603,"load_factor=0.7000;total_probes=213514;max_cluster=88","INOVAI-NB-8","CPU info","GCC 13.3.0","2025-10-06 17:39:37"
100000,chaining,search_miss,1,43,0.002064321,9519,"load_factor=0.7000;collisions=22194;max_chain=7","INOVAI-NB-8","CPU info","GCC 13.3.0","2025-10-06 17:39:37"
100000,open_addressing,search_miss,1,43,0.003353922,9519,"load_factor=0.7000;total_probes=216970;max_cluster=84","INOVAI-NB-8","CPU info","GCC 13.3.0","2025-10-06 17:39:37"
100000,chaining,search_miss,2,44,0.002123379,9504,"load_factor=0.7000;collisions=22117;max_chain=7","INOVAI-NB-8","CPU info","GCC 13.3.0","2025-10-06 17:39:37"
100000,open_addressing,search_miss,2,44,0.003440742,9504,"load_factor=0.7000;total_probes=217578;max_cluster=214","INOVAI-NB-8","CPU info","GCC 13.3.0","2025-10-06 17:39:37"
100000,chaining,search_miss,3,45,0.002121121,9545,"load_factor=0.7000;collisions=22239;max_chain=7","INOVAI-NB-8","CPU info","GCC 13.3.0","2025-10-06 17:39:37"
100000,open_addressing,search_miss,3,45,0.003225425,9545,"load_factor=0.7000;total_probes=215465;max_cluster=119","INOVAI-NB-8","CPU info","GCC 13.3.0","2025-10-06 17:39:37"
100000,chaining,search_miss,4,46,0.002576743,9622,"load_factor=0.7000;collisions=22246;max_chain=7","INOVAI-NB-8","CPU info","GCC 13.3.0","2025-10-06 17:39:37"
100000,open_addressing,search_miss,4,46,0.003575025,9622,"load_factor=0.7000;total_probes=216167;max_cluster=121","INOVAI-NB-8","CPU info","GCC 13.3.0","2025-10-06 17:39:37"
200000,chaining,search_miss,0,42,0.005469548,19185,"load_factor=0.7000;collisions=44501;max_chain=7","INOVAI-NB-8","CPU info","GCC 13.3.0","2025-10-06 17:39:37"
200000,open_addressing,search_miss,0,42,0.006775444,19185,"load_factor=0.7000;total_probes=433621;max_cluster=96","INOVAI-NB-8","CPU info","GCC 13.3.0","2025-10-06 17:39:37"
200000,chaining,search_miss,1,43,0.004556303,18930,"load_factor=0.7000;collisions=44388;max_chain=7","INOVAI-NB-8","CPU info","GCC 13.3.0","2025-10-06 17:39:37"
200000,open_addressing,search_miss,1,43,0.007880179,18930,"load_factor=0.7000;total_probes=435391;max_cluster=128","INOVAI-NB-8","CPU info","GCC 13.3.0","2025-10-06 17:39:37"
200000,chaining,search_miss,2,44,0.005391708,18979,"load_factor=0.7000;collisions=44392;max_chain=6","INOVAI-NB-8","CPU info","GCC 13.3.0","2025-10-06 17:39:37"
200000,open_addressing,search_miss,2,44,0.006884875,18979,"load_factor=0.7000;total_probes=436507;max_cluster=143","INOVAI-NB-8","CPU info","GCC 13.3.0","2025-10-06 17:39:37"
200000,chaining,search_miss,3,45,0.005314923,18842,"load_factor=0.7000;collisions=44522;max_chain=7","INOVAI-NB-8","CPU info","GCC 13.3.0","2025-10-06 17:39:37"
200000,open_addressing,search_miss,3,45,0.006841930,18842,"load_factor=0.7000;total_probes=435957;max_cluster=106","INOVAI-NB-8","CPU info","GCC 13.3.0","2025-10-06 17:39:37"
200000,chaining,search_miss,4,46,0.004897190,19065,"load_factor=0.7000;collisions=44371;max_chain=7","INOVAI-NB-8","CPU info","GCC 13.3.0","2025-10-06 17:39:37"
200000,open_addressing,search_miss,4,46,0.008973577,19065,"load_factor=0.7000;total_probes=436809;max_cluster=113","INOVAI-NB-8","CPU info","GCC 13.3.0","2025-10-06 17:39:37"
300000,chaining,search_miss,0,42,0.009886115,28686,"load_factor=0.7000;collisions=66808;max_chain=7","INOVAI-NB-8","CPU info","GCC 13.3.0","2025-10-06 17:39:37"
300000,open_addressing,search_miss,0,42,0.010838196,28686,"load_factor=0.7000;total_probes=650562;max_cluster=121","INOVAI-NB-8","CPU info","GCC 13.3.0","2025-10-06 17:39:37"
300000,chaining,search_miss,1,43,0.008698759,28222,"load_factor=0.7000;collisions=66603;max_chain=7","INOVAI-NB-8","CPU info","GCC 13.3.0","2025-10-06 17:39:37"
300000,open_addressing,search_miss,1,43,0.010774449,28222,"load_factor=0.7000;total_probes=647855;max_cluster=107","INOVAI-NB-8","CPU info","GCC 13.3.0","2025-10-06 17:39:37"
300000,chaining,search_miss,2,44,0.011009157,28557,"load_factor=0.7000;collisions=66944;max_chain=8","INOVAI-NB-8","CPU info","GCC 13.3.0","2025-10-06 17:39:37"
300000,open_addressing,search_miss,2,44,0.012307430,28557,"load_factor=0.7000;total_probes=651896;max_cluster=154","INOVAI-NB-8","CPU info","GCC 13.3.0","2025-10-06 17:39:37"
300000,chaining,search_miss,3,45,0.009035222,28596,"load_factor=0.7000;collisions=66922;max_chain=7","INOVAI-NB-8","CPU info","GCC 13.3.0","2025-10-06 17:39:37"
300000,open_addressing,search_miss,3,45,0.011703268,28596,"load_factor=0.7000;total_probes=654511;max_cluster=128","INOVAI-NB-8","CPU info","GCC 13.3.0","2025-10-06 17:39:37"
300000,chaining,search_miss,4,46,0.008576140,28452,"load_factor=0.7000;collisions=67005;max_chain=7","INOVAI-NB-8","CPU info","GCC 13.3.0","2025-10-06 17:39:37"
300000,open_addressing,search_miss,4,46,0.012168536,28452,"load_factor=0.7000;total_probes=651130;max_cluster=123","INOVAI-NB-8","CPU info","GCC 13.3.0","2025-10-06 17:39:37"
400000,chaining,search_miss,0,42,0.013008522,38455,"load_factor=0.7000;collisions=89051;max_chain=7","INOVAI-NB-8","CPU info","GCC 13.3.0","2025-10-06 17:39:37"
400000,open_addressing,search_miss,0,42,0.018410481,38455,"load_factor=0.7000;total_probes=870382;max_cluster=106","INOVAI-NB-8","CPU info","GCC 13.3.0","2025-10-06 17:39:37"
400000,chaining,search_miss,1,43,0.028565277,37984,"load_factor=0.7000;collisions=88779;max_chain=8","INOVAI-NB-8","CPU info","GCC 13.3.0","2025-10-06 17:39:37"
400000,open_addressing,search_miss,1,43,0.018215180,37984,"load_factor=0.7000;total_probes=866496;max_cluster=126","INOVAI-NB-8","CPU info","GCC 13.3.0","2025-10-06 17:39:37"
400000,chaining,search_miss,2,44,0.013232446,38276,"load_factor=0.7000;collisions=88862;max_chain=8","INOVAI-NB-8","CPU info","GCC 13.3.0","2025-10-06 17:39:37"
400000,open_addressing,search_miss,2,44,0.015980888,38276,"load_factor=0.7000;total_probes=866599;max_cluster=138","INOVAI-NB-8","CPU info","GCC 13.3.0","2025-10-06 17:39:37"
400000,chaining,search_miss,3,45,0.013363512,38135,"load_factor=0.7000;collisions=89142;max_chain=7","INOVAI-NB-8","CPU info","GCC 13.3.0","2025-10-06 17:39:37"
400000,open_addressing,search_miss,3,45,0.015967628,38135,"load_factor=0.7000;total_probes=867651;max_cluster=131","INOVAI-NB-8","CPU info","GCC 13.3.0","2025-10-06 17:39:37"
400000,chaining,search_miss,4,46,0.015427360,37785,"load_factor=0.7000;collisions=89015;max_chain=7","INOVAI-NB-8","CPU info","GCC 13.3.0","2025-10-06 17:39:37"
400000,open_addressing,search_miss,4,46,0.015890813,37785,"load_factor=0.7000;total_probes=864165;max_cluster=106","INOVAI-NB-8","CPU info","GCC 13.3.0","2025-10-06 17:39:37"
500000,chaining,search_miss,0,42,0.042029595,47865,"load_factor=0.7000;collisions=111306;max_chain=7","INOVAI-NB-8","CPU info","GCC 13.3.0","2025-10-06 17:39:37"
500000,open_addressing,search_miss,0,42,0.026597434,47865,"load_factor=0.7000;total_probes=1082011;max_cluster=110","INOVAI-NB-8","CPU info","GCC 13.3.0","2025-10-06 17:39:37"
500000,chaining,search_miss,1,43,0.021110407,47701,"load_factor=0.7000;collisions=111313;max_chain=8","INOVAI-NB-8","CPU info","GCC 13.3.0","2025-10-06 17:39:37"
500000,open_addressing,search_miss,1,43,0.031240117,47701,"load_factor=0.7000;total_probes=1083137;max_cluster=149","INOVAI-NB-8","CPU info","GCC 13.3.0","2025-10-06 17:39:37"
500000,chaining,search_miss,2,44,0.024412835,47684,"load_factor=0.7000;collisions=111359;max_chain=7","INOVAI-NB-8","CPU info","GCC 13.3.0","2025-10-06 17:39:37"
500000,open_addressing,search_miss,2,44,0.035475563,47684,"load_factor=0.7000;total_probes=1082730;max_cluster=102","INOVAI-NB-8","CPU info","GCC 13.3.0","2025-10-06 17:39:37"
500000,chaining,search_miss,3,45,0.030798066,47616,"load_factor=0.7000;collisions=111186;max_chain=8","INOVAI-NB-8","CPU info","GCC 13.3.0","2025-10-06 17:39:37"
500000,open_addressing,search_miss,3,45,0.036006066,47616,"load_factor=0.7000;total_probes=1087328;max_cluster=126","INOVAI-NB-8","CPU info","GCC 13.3.0","2025-10-06 17:39:37"
500000,chaining,search_miss,4,46,0.030565442,47288,"load_factor=0.7000;collisions=111047;max_chain=8","INOVAI-NB-8","CPU info","GCC 13.3.0","2025-10-06 17:39:37"
500000,open_addressing,search_miss,4,46,0.038571921,47288,"load_factor=0.7000;total_probes=1083705;max_cluster=113","INOVAI-NB-8","CPU info","GCC 13.3.0","2025-10-06 17:39:37"
600000,chaining,search_miss,0,42,0.038410618,57372,"load_factor=0.7000;collisions=133498;max_chain=8","INOVAI-NB-8","CPU info","GCC 13.3.0","2025-10-06 17:39:37"
600000,open_addressing,search_miss,0,42,0.047663018,57372,"load_factor=0.7000;total_probes=1301414;max_cluster=141","INOVAI-NB-8","CPU info","GCC 13.3.0","2025-10-06 17:39:37"
600000,chaining,search_miss,1,43,0.026627982,57089,"load_factor=0.7000;collisions=133571;max_chain=7","INOVAI-NB-8","CPU info","GCC 13.3.0","2025-10-06 17:39:37"
600000,open_addressing,search_miss,1,43,0.029368535,57089,"load_factor=0.7000;total_probes=1303640;max_cluster=130","INOVAI-NB-8","CPU info","GCC 13.3.0","2025-10-06 17:39:37"
600000,chaining,search_miss,2,44,0.020308566,57030,"load_factor=0.7000;collisions=133178;max_chain=8","INOVAI-NB-8","CPU info","GCC 13.3.0","2025-10-06 17:39:37"
600000,open_addressing,search_miss,2,44,0.023204437,57030,"load_factor=0.7000;total_probes=1300750;max_cluster=119","INOVAI-NB-8","CPU info","GCC 13.3.0","2025-10-06 17:39:37"
600000,chaining,search_miss,3,45,0.025929891,57019,"load_factor=0.7000;collisions=133411;max_chain=8","INOVAI-NB-8","CPU info","GCC 13.3.0","2025-10-06 17:39:37"
600000,open_addressing,search_miss,3,45,0.023910011,57019,"load_factor=0.7000;total_probes=1303492;max_cluster=130","INOVAI-NB-8","CPU info","GCC 13.3.0","2025-10-06 17:39:37"
600000,chaining,search_miss,4,46,0.021167747,56953,"load_factor=0.7000;collisions=133588;max_chain=7","INOVAI-NB-8","CPU info","GCC 13.3.0","2025-10-06 17:39:37"
600000,open_addressing,search_miss,4,46,0.023975108,56953,"load_factor=0.7000;total_probes=1299798;max_cluster=119","INOVAI-NB-8","CPU info","GCC 13.3.0","2025-10-06 17:39:37"
700000,chaining,search_miss,0,42,0.033437220,66801,"load_factor=0.7000;collisions=156239;max_chain=7","INOVAI-NB-8","CPU info","GCC 13.3.0","2025-10-06 17:39:37"
700000,open_addressing,search_miss,0,42,0.043647025,66801,"load_factor=0.7000;total_probes=1511926;max_cluster=139","INOVAI-NB-8","CPU info","GCC 13.3.0","2025-10-06 17:39:37"
700000,chaining,search_miss,1,43,0.038533774,66593,"load_factor=0.7000;collisions=155744;max_chain=7","INOVAI-NB-8","CPU info","GCC 13.3.0","2025-10-06 17:39:37"
700000,open_addressing,search_miss,1,43,0.066475802,66593,"load_factor=0.7000;total_probes=1520225;max_cluster=137","INOVAI-NB-8","CPU info","GCC 13.3.0","2025-10-06 17:39:37"
700000,chaining,search_miss,2,44,0.024429706,66507,"load_factor=0.7000;collisions=155624;max_chain=7","INOVAI-NB-8","CPU info","GCC 13.3.0","2025-10-06 17:39:37"
700000,open_addressing,search_miss,2,44,0.028685694,66507,"load_factor=0.7000;total_probes=1516511;max_cluster=151","INOVAI-NB-8","CPU info","GCC 13.3.0","2025-10-06 17:39:37"
700000,chaining,search_miss,3,45,0.027506482,66785,"load_factor=0.7000;collisions=155801;max_chain=7","INOVAI-NB-8","CPU info","GCC 13.3.0","2025-10-06 17:39:37"
700000,open_addressing,search_miss,3,45,0.026802689,66785,"load_factor=0.7000;total_probes=1522451;max_cluster=149","INOVAI-NB-8","CPU info","GCC 13.3.0","2025-10-06 17:39:37"
700000,chaining,search_miss,4,46,0.023296328,66611,"load_factor=0.7000;collisions=155560;max_chain=8","INOVAI-NB-8","CPU info","GCC 13.3.0","2025-10-06 17:39:37"
700000,open_addressing,search_miss,4,46,0.030362117,66611,"load_factor=0.7000;total_probes=1517629;max_cluster=166","INOVAI-NB-8","CPU info","GCC 13.3.0","2025-10-06 17:39:37"
800000,chaining,search_miss,0,42,0.029824071,76496,"load_factor=0.7000;collisions=178030;max_chain=7","INOVAI-NB-8","CPU info","GCC 13.3.0","2025-10-06 17:39:37"
800000,open_addressing,search_miss,0,42,0.033026788,76496,"load_factor=0.7000;total_probes=1729755;max_cluster=158","INOVAI-NB-8","CPU info","GCC 13.3.0","2025-10-06 17:39:37"
800000,chaining,search_miss,1,43,0.027801661,75851,"load_factor=0.7000;collisions=178096;max_chain=7","INOVAI-NB-8","CPU info","GCC 13.3.0","2025-10-06 17:39:37"
800000,open_addressing,search_miss,1,43,0.050281927,75851,"load_factor=0.7000;total_probes=1737907;max_cluster=137","INOVAI-NB-8","CPU info","GCC 13.3.0","2025-10-06 17:39:37"
800000,chaining,search_miss,2,44,0.027347758,76183,"load_factor=0.7000;collisions=177707;max_chain=8","INOVAI-NB-8","CPU info","GCC 13.3.0","2025-10-06 17:39:37"
800000,open_addressing,search_miss,2,44,0.032776843,76183,"load_factor=0.7000;total_probes=1731977;max_cluster=149","INOVAI-NB-8","CPU info","GCC 13.3.0","2025-10-06 17:39:37"
800000,chaining,search_miss,3,45,0.027896174,76214,"load_factor=0.7000;collisions=178085;max_chain=7","INOVAI-NB-8","CPU info","GCC 13.3.0","2025-10-06 17:39:37"
800000,open_addressing,search_miss,3,45,0.087857586,76214,"load_factor=0.7000;total_probes=1739569;max_cluster=130","INOVAI-NB-8","CPU info","GCC 13.3.0","2025-10-06 17:39:37"
800000,chaining,search_miss,4,46,0.030439693,76431,"load_factor=0.7000;collisions=178422;max_chain=9","INOVAI-NB-8","CPU info","GCC 13.3.0","2025-10-06 17:39:37"
800000,open_addressing,search_miss,4,46,0.074910252,76431,"load_factor=0.7000;total_probes=1731540;max_cluster=149","INOVAI-NB-8","CPU info","GCC 13.3.0","2025-10-06 17:39:37"
900000,chaining,search_miss,0,42,0.042804970,85981,"load_factor=0.7000;collisions=200565;max_chain=8","INOVAI-NB-8","CPU info","GCC 13.3.0","2025-10-06 17:39:37"
900000,open_addressing,search_miss,0,42,0.041291999,85981,"load_factor=0.7000;total_probes=1937863;max_cluster=153","INOVAI-NB-8","CPU info","GCC 13.3.0","2025-10-06 17:39:37"
900000,chaining,search_miss,1,43,0.052303824,85281,"load_factor=0.7000;collisions=200449;max_chain=8","INOVAI-NB-8","CPU info","GCC 13.3.0","2025-10-06 17:39:37"
900000,open_addressing,search_miss,1,43,0.038772472,85281,"load_factor=0.7000;total_probes=1955645;max_cluster=153","INOVAI-NB-8","CPU info","GCC 13.3.0","2025-10-06 17:39:37"
900000,chaining,search_miss,2,44,0.059699359,85506,"load_factor=0.7000;collisions=200106;max_chain=7","INOVAI-NB-8","CPU info","GCC 13.3.0","2025-10-06 17:39:37"
900000,open_addressing,search_miss,2,44,0.051254905,85506,"load_factor=0.7000;total_probes=1949091;max_cluster=126","INOVAI-NB-8","CPU info","GCC 13.3.0","2025-10-06 17:39:37"
900000,chaining,search_miss,3,45,0.040603719,86021,"load_factor=0.7000;collisions=200469;max_chain=8","INOVAI-NB-8","CPU info","GCC 13.3.0","2025-10-06 17:39:37"
900000,open_addressing,search_miss,3,45,0.052142742,86021,"load_factor=0.7000;total_probes=1957737;max_cluster=129","INOVAI-NB-8","CPU info","GCC 13.3.0","2025-10-06 17:39:37"
900000,chaining,search_miss,4,46,0.031502890,85696,"load_factor=0.7000;collisions=200255;max_chain=8","INOVAI-NB-8","CPU info","GCC 13.3.0","2025-10-06 17:39:37"
900000,open_addressing,search_miss,4,46,0.040097207,85696,"load_factor=0.7000;total_probes=1949359;max_cluster=177","INOVAI-NB-8","CPU info","GCC 13.3.0","2025-10-06 17:39:37"
1000000,chaining,search_miss,0,42,0.038133127,95260,"load_factor=0.7000;collisions=223063;max_chain=7","INOVAI-NB-8","CPU info","GCC 13.3.0","2025-10-06 17:39:37"
1000000,open_addressing,search_miss,0,42,0.047179243,95260,"load_factor=0.7000;total_probes=2154451;max_cluster=123","INOVAI-NB-8","CPU info","GCC 13.3.0","2025-10-06 17:39:37"
1000000,chaining,search_miss,1,43,0.041550639,94833,"load_factor=0.7000;collisions=222786;max_chain=8","INOVAI-NB-8","CPU info","GCC 13.3.0","2025-10-06 17:39:37"
1000000,open_addressing,search_miss,1,43,0.049540446,94833,"load_factor=0.7000;total_probes=2177998;max_cluster=137","INOVAI-NB-8","CPU info","GCC 13.3.0","2025-10-06 17:39:37"
1000000,chaining,search_miss,2,44,0.044761115,95406,"load_factor=0.7000;collisions=222494;max_chain=7","INOVAI-NB-8","CPU info","GCC 13.3.0","2025-10-06 17:39:37"
1000000,open_addressing,search_miss,2,44,0.054629818,95406,"load_factor=0.7000;total_probes=2161475;max_cluster=123","INOVAI-NB-8","CPU info","GCC 13.3.0","2025-10-06 17:39:37"
1000000,chaining,search_miss,3,45,0.041000667,95282,"load_factor=0.7000;collisions=222695;max_chain=8","INOVAI-NB-8","CPU info","GCC 13.3.0","2025-10-06 17:39:37"
1000000,open_addressing,search_miss,3,45,0.047873206,95282,"load_factor=0.7000;total_probes=2172634;max_cluster=141","INOVAI-NB-8","CPU info","GCC 13.3.0","2025-10-06 17:39:37"
1000000,chaining,search_miss,4,46,0.040456342,95289,"load_factor=0.7000;collisions=222550;max_chain=8","INOVAI-NB-8","CPU info","GCC 13.3.0","2025-10-06 17:39:37"
1000000,open_addressing,search_miss,4,46,0.052209680,95289,"load_factor=0.7000;total_probes=2162449;max_cluster=130","INOVAI-NB-8","CPU info","GCC 13.3.0","2025-10-06 17:39:37"
1000,chaining,remove,0,42,0.000010394,1000,"load_factor=0.7003;collisions=222;max_chain=5","INOVAI-NB-8","CPU info","GCC 13.3.0","2025-10-06 17:39:37"
1000,open_addressing,remove,0,42,0.000018097,1000,"load_factor=0.7003;total_probes=2118;max_cluster=31","INOVAI-NB-8","CPU info","GCC 13.3.0","2025-10-06 17:39:37"
1000,chaining,remove,1,43,0.000009953,1000,"load_factor=0.7003;collisions=227;max_chain=4","INOVAI-NB-8","CPU info","GCC 13.3.0","2025-10-06 17:39:37"
1000,open_addressing,remove,1,43,0.000018997,1000,"load_factor=0.7003;total_probes=1939;max_cluster=41","INOVAI-NB-8","CPU info","GCC 13.3.0","2025-10-06 17:39:37"
1000,chaining,remove,2,44,0.000010481,1000,"load_factor=0.7003;collisions=220;max_chain=5","INOVAI-NB-8","CPU info","GCC 13.3.0","2025-10-06 17:39:37"
1000,open_addressing,remove,2,44,0.000019209,1000,"load_factor=0.7003;total_probes=2082;max_cluster=40","INOVAI-NB-8","CPU info","GCC 13.3.0","2025-10-06 17:39:37"
1000,chaining,remove,3,45,0.000015380,1000,"load_factor=0.7003;collisions=230;max_chain=5","INOVAI-NB-8","CPU info","GCC 13.3.0","2025-10-06 17:39:37"
1000,open_addressing,remove,3,45,0.000020843,1000,"load_factor=0.7003;total_probes=2258;max_cluster=47","INOVAI-NB-8","CPU info","GCC 13.3.0","2025-10-06 17:39:37"
1000,chaining,remove,4,46,0.000010488,1000,"load_factor=0.7003;collisions=225;max_chain=5","INOVAI-NB-8","CPU info","GCC 13.3.0","2025-10-06 17:39:37"
1000,open_addressing,remove,4,46,0.000020634,1000,"load_factor=0.7003;total_probes=2078;max_cluster=45","INOVAI-NB-8","CPU info","GCC 13.3.0","2025-10-06 17:39:37"
2000,chaining,remove,0,42,0.000020274,2000,"load_factor=0.7000;collisions=447;max_chain=5","INOVAI-NB-8","CPU info","GCC 13.3.0","2025-10-06 17:39:37"
2000,open_addressing,remove,0,42,0.000039308,2000,"load_factor=0.7000;total_probes=4489;max_cluster=65","INOVAI-NB-8","CPU info","GCC 13.3.0","2025-10-06 17:39:37"
2000,chaining,remove,1,43,0.000019547,2000,"load_factor=0.7000;collisions=454;max_chain=6","INOVAI-NB-8","CPU info","GCC 13.3.0","2025-10-06 17:39:37"
2000,open_addressing,remove,1,43,0.000030273,2000,"load_factor=0.7000;total_probes=3954;max_cluster=49","INOVAI-NB-8","CPU info","GCC 13.3.0","2025-10-06 17:39:37"
2000,chaining,remove,2,44,0.000015348,2000,"load_factor=0.7000;collisions=460;max_chain=5","INOVAI-NB-8","CPU info","GCC 13.3.0","2025-10-06 17:39:37"
2000,open_addressing,remove,2,44,0.000031947,2000,"load_factor=0.7000;total_probes=4316;max_cluster=68","INOVAI-NB-8","CPU info","GCC 13.3.0","2025-10-06 17:39:37"
2000,chaining,remove,3,45,0.000016672,2000,"load_factor=0.7000;collisions=437;max_chain=5","INOVAI-NB-8","CPU info","GCC 13.3.0","2025-10-06 17:39:37"
2000,open_addressing,remove,3,45,0.000031302,2000,"load_factor=0.7000;total_probes=4118;max_cluster=59","INOVAI-NB-8","CPU info","GCC 13.3.0","2025-10-06 17:39:37"
2000,chaining,remove,4,46,0.000021914,2000,"load_factor=0.7000;collisions=452;max_chain=5","INOVAI-NB-8","CPU info","GCC 13.3.0","2025-10-06 17:39:37"
2000,open_addressing,remove,4,46,0.000032946,2000,"load_factor=0.7000;total_probes=4066;max_cluster=37","INOVAI-NB-8","CPU info","GCC 13.3.0","2025-10-06 17:39:37"
3000,chaining,remove,0,42,0.000075153,3000,"load_factor=0.7001;collisions=679;max_chain=4","INOVAI-NB-8","CPU info","GCC 13.3.0","2025-10-06 17:39:37"
3000,open_addressing,remove,0,42,0.000051620,3000,"load_factor=0.7001;total_probes=6985;max_cluster=95","INOVAI-NB-8","CPU info","GCC 13.3.0","2025-10-06 17:39:37"
3000,chaining,remove,1,43,0.000031146,3000,"load_factor=0.7001;collisions=664;max_chain=5","INOVAI-NB-8","CPU info","GCC 13.3.0","2025-10-06 17:39:37"
3000,open_addressing,remove,1,43,0.000050363,3000,"load_factor=0.7001;total_probes=6316;max_cluster=43","INOVAI-NB-8","CPU info","GCC 13.3.0","2025-10-06 17:39:37"
3000,chaining,remove,2,44,0.000030597,3000,"load_factor=0.7001;collisions=655;max_chain=5","INOVAI-NB-8","CPU info","GCC 13.3.0","2025-10-06 17:39:37"
3000,open_addressing,remove,2,44,0.000050773,3000,"load_factor=0.7001;total_probes=6383;max_cluster=70","INOVAI-NB-8","CPU info","GCC 13.3.0","2025-10-06 17:39:37"
3000,chaining,remove,3,45,0.000025109,3000,"load_factor=0.7001;collisions=667;max_chain=5","INOVAI-NB-8","CPU info","GCC 13.3.0","2025-10-06 17:39:37"
3000,open_addressing,remove,3,45,0.000056639,3000,"load_factor=0.7001;total_probes=6465;max_cluster=61","INOVAI-NB-8","CPU info","GCC 13.3.0","2025-10-06 17:39:37"
3000,chaining,remove,4,46,0.000028636,3000,"load_factor=0.7001;collisions=683;max_chain=5","INOVAI-NB-8","CPU info","GCC 13.3.0","2025-10-06 17:39:37"
3000,open_addressing,remove,4,46,0.000084353,3000,"load_factor=0.7001;total_probes=6513;max_cluster=63","INOVAI-NB-8","CPU info","GCC 13.3.0","2025-10-06 17:39:37"
4000,chaining,remove,0,42,0.000034898,4000,"load_factor=0.7000;collisions=914;max_chain=6","INOVAI-NB-8","CPU info","GCC 13.3.0","2025-10-06 17:39:37"
4000,open_addressing,remove,0,42,0.000077981,4000,"load_factor=0.7000;total_probes=9405;max_cluster=120","INOVAI-NB-8","CPU info","GCC 13.3.0","2025-10-06 17:39:37"
4000,chaining,remove,1,43,0.000035567,4000,"load_factor=0.7000;collisions=874;max_chain=8","INOVAI-NB-8","CPU info","GCC 13.3.0","2025-10-06 17:39:37"
4000,open_addressing,remove,1,43,0.000111967,4000,"load_factor=0.7000;total_probes=8240;max_cluster=54","INOVAI-NB-8","CPU info","GCC 13.3.0","2025-10-06 17:39:37"
4000,chaining,remove,2,44,0.000035630,4000,"load_factor=0.7000;collisions=881;max_chain=5","INOVAI-NB-8","CPU info","GCC 13.3.0","2025-10-06 17:39:37"
4000,open_addressing,remove,2,44,0.000074321,4000,"load_factor=0.7000;total_probes=8526;max_cluster=71","INOVAI-NB-8","CPU info","GCC 13.3.0","2025-10-06 17:39:37"
4000,chaining,remove,3,45,0.000036064,4000,"load_factor=0.7000;collisions=915;max_chain=5","INOVAI-NB-8","CPU info","GCC 13.3.0","2025-10-06 17:39:37"
4000,open_addressing,remove,3,45,0.000076058,4000,"load_factor=0.7000;total_probes=8537;max_cluster=56","INOVAI-NB-8","CPU info","GCC 13.3.0","2025-10-06 17:39:37"
4000,chaining,remove,4,46,0.000035166,4000,"load_factor=0.7000;collisions=916;max_chain=5","INOVAI-NB-8","CPU info","GCC 13.3.0","2025-10-06 17:39:37"
4000,open_addressing,remove,4,46,0.000073677,4000,"load_factor=0.7000;total_probes=8501;max_cluster=65","INOVAI-NB-8","CPU info","GCC 13.3.0","2025-10-06 17:39:37"
5000,chaining,remove,0,42,0.000044030,5000,"load_factor=0.7001;collisions=1111;max_chain=7","INOVAI-NB-8","CPU info","GCC 13.3.0","2025-10-06 17:39:37"
5000,open_addressing,remove,0,42,0.000098188,5000,"load_factor=0.7001;total_probes=11739;max_cluster=132","INOVAI-NB-8","CPU info","GCC 13.3.0","2025-10-06 17:39:37"
5000,chaining,remove,1,43,0.000045234,5000,"load_factor=0.7001;collisions=1099;max_chain=6","INOVAI-NB-8","CPU info","GCC 13.3.0","2025-10-06 17:39:37"
5000,open_addressing,remove,1,43,0.000091731,5000,"load_factor=0.7001;total_probes=10546;max_cluster=60","INOVAI-NB-8","CPU info","GCC 13.3.0","2025-10-06 17:39:37"
5000,chaining,remove,2,44,0.000045410,5000,"load_factor=0.7001;collisions=1118;max_chain=5","INOVAI-NB-8","CPU info","GCC 13.3.0","2025-10-06 17:39:37"
5000,open_addressing,remove,2,44,0.000091740,5000,"load_factor=0.7001;total_probes=10655;max_cluster=71","INOVAI-NB-8","CPU info","GCC 13.3.0","2025-10-06 17:39:37"
5000,chaining,remove,3,45,0.000050817,5000,"load_factor=0.7001;collisions=1115;max_chain=6","INOVAI-NB-8","CPU info","GCC 13.3.0","2025-10-06 17:39:37"
5000,open_addressing,remove,3,45,0.000127590,5000,"load_factor=0.7001;total_probes=10841;max_cluster=59","INOVAI-NB-8","CPU info","GCC 13.3.0","2025-10-06 17:39:37"
5000,chaining,remove,4,46,0.000047439,5000,"load_factor=0.7001;collisions=1089;max_chain=6","INOVAI-NB-8","CPU info","GCC 13.3.0","2025-10-06 17:39:37"
5000,open_addressing,remove,4,46,0.000093743,5000,"load_factor=0.7001;total_probes=10541;max_cluster=91","INOVAI-NB-8","CPU info","GCC 13.3.0","2025-10-06 17:39:37"
6000,chaining,remove,0,42,0.000053947,6000,"load_factor=0.7000;collisions=1343;max_chain=7","INOVAI-NB-8","CPU info","GCC 13.3.0","2025-10-06 17:39:37"
6000,open_addressing,remove,0,42,0.000142288,6000,"load_factor=0.7000;total_probes=13852;max_cluster=98","INOVAI-NB-8","CPU info","GCC 13.3.0","2025-10-06 17:39:37"
6000,chaining,remove,1,43,0.000053377,6000,"load_factor=0.7000;collisions=1356;max_chain=6","INOVAI-NB-8","CPU info","GCC 13.3.0","2025-10-06 17:39:37"
6000,open_addressing,remove,1,43,0.000111286,6000,"load_factor=0.7000;total_probes=12541;max_cluster=66","INOVAI-NB-8","CPU info","GCC 13.3.0","2025-10-06 17:39:37"
6000,chaining,remove,2,44,0.000053918,6000,"load_factor=0.7000;collisions=1343;max_chain=5","INOVAI-NB-8","CPU info","GCC 13.3.0","2025-10-06 17:39:37"
6000,open_addressing,remove,2,44,0.000115679,6000,"load_factor=0.7000;total_probes=12843;max_cluster=89","INOVAI-NB-8","CPU info","GCC 13.3.0","2025-10-06 17:39:37"
6000,chaining,remove,3,45,0.000115875,6000,"load_factor=0.7000;collisions=1348;max_chain=6","INOVAI-NB-8","CPU info","GCC 13.3.0","2025-10-06 17:39:37"
6000,open_addressing,remove,3,45,0.000114452,6000,"load_factor=0.7000;total_probes=12897;max_cluster=70","INOVAI-NB-8","CPU info","GCC 13.3.0","2025-10-06 17:39:37"
6000,chaining,remove,4,46,0.000055298,6000,"load_factor=0.7000;collisions=1338;max_chain=5","INOVAI-NB-8","CPU info","GCC 13.3.0","2025-10-06 17:39:37"
6000,open_addressing,remove,4,46,0.000122733,6000,"load_factor=0.7000;total_probes=12946;max_cluster=71","INOVAI-NB-8","CPU info","GCC 13.3.0","2025-10-06 17:39:37"
7000,chaining,remove,0,42,0.000106720,7000,"load_factor=0.7000;collisions=1530;max_chain=6","INOVAI-NB-8","CPU info","GCC 13.3.0","2025-10-06 17:39:37"
7000,open_addressing,remove,0,42,0.000130776,7000,"load_factor=0.7000;total_probes=15944;max_cluster=103","INOVAI-NB-8","CPU info","GCC 13.3.0","2025-10-06 17:39:37"
7000,chaining,remove,1,43,0.000066182,7000,"load_factor=0.7000;collisions=1550;max_chain=5","INOVAI-NB-8","CPU info","GCC 13.3.0","2025-10-06 17:39:37"
7000,open_addressing,remove,1,43,0.000135501,7000,"load_factor=0.7000;total_probes=14846;max_cluster=89","INOVAI-NB-8","CPU info","GCC 13.3.0","2025-10-06 17:39:37"
7000,chaining,remove,2,44,0.000066554,7000,"load_factor=0.7000;collisions=1539;max_chain=7","INOVAI-NB-8","CPU info","GCC 13.3.0","2025-10-06 17:39:37"
7000,open_addressing,remove,2,44,0.000135584,7000,"load_factor=0.7000;total_probes=14972;max_cluster=69","INOVAI-NB-8","CPU info","GCC 13.3.0","2025-10-06 17:39:37"
7000,chaining,remove,3,45,0.000064788,7000,"load_factor=0.7000;collisions=1575;max_chain=5","INOVAI-NB-8","CPU info","GCC 13.3.0","2025-10-06 17:39:37"
7000,open_addressing,remove,3,45,0.000137785,7000,"load_factor=0.7000;total_probes=15601;max_cluster=54","INOVAI-NB-8","CPU info","GCC 13.3.0","2025-10-06 17:39:37"
7000,chaining,remove,4,46,0.000074816,7000,"load_factor=0.7000;collisions=1591;max_chain=5","INOVAI-NB-8","CPU info","GCC 13.3.0","2025-10-06 17:39:37"
7000,open_addressing,remove,4,46,0.000135265,7000,"load_factor=0.7000;total_probes=14647;max_cluster=59","INOVAI-NB-8","CPU info","GCC 13.3.0","2025-10-06 17:39:37"
8000,chaining,remove,0,42,0.000072948,8000,"load_factor=0.7000;collisions=1792;max_chain=6","INOVAI-NB-8","CPU info","GCC 13.3.0","2025-10-06 17:39:37"
8000,open_addressing,remove,0,42,0.000130493,8000,"load_factor=0.7000;total_probes=17920;max_cluster=76","INOVAI-NB-8","CPU info","GCC 13.3.0","2025-10-06 17:39:37"
8000,chaining,remove,1,43,0.000076165,8000,"load_factor=0.7000;collisions=1747;max_chain=6","INOVAI-NB-8","CPU info","GCC 13.3.0","2025-10-06 17:39:37"
8000,open_addressing,remove,1,43,0.000163713,8000,"load_factor=0.7000;total_probes=17089;max_cluster=74","INOVAI-NB-8","CPU info","GCC 13.3.0","2025-10-06 17:39:37"
8000,chaining,remove,2,44,0.000076625,8000,"load_factor=0.7000;collisions=1766;max_chain=6","INOVAI-NB-8","CPU info","GCC 13.3.0","2025-10-06 17:39:37"
8000,open_addressing,remove,2,44,0.000153530,8000,"load_factor=0.7000;total_probes=17264;max_cluster=62","INOVAI-NB-8","CPU info","GCC 13.3.0","2025-10-06 17:39:37"
8000,chaining,remove,3,45,0.000086788,8000,"load_factor=0.7000;collisions=1816;max_chain=6","INOVAI-NB-8","CPU info","GCC 13.3.0","2025-10-06 17:39:37"
8000,open_addressing,remove,3,45,0.000162137,8000,"load_factor=0.7000;total_probes=17804;max_cluster=57","INOVAI-NB-8","CPU info","GCC 13.3.0","2025-10-06 17:39:37"
8000,chaining,remove,4,46,0.000086097,8000,"load_factor=0.7000;collisions=1782;max_chain=6","INOVAI-NB-8","CPU info","GCC 13.3.0","2025-10-06 17:39:37"
8000,open_addressing,remove,4,46,0.000159745,8000,"load_factor=0.7000;total_probes=17171;max_cluster=64","INOVAI-NB-8","CPU info","GCC 13.3.0","2025-10-06 17:39:37"
9000,chaining,remove,0,42,0.000091903,9000,"load_factor=0.7000;collisions=2022;max_chain=7","INOVAI-NB-8","CPU info","GCC 13.3.0","2025-10-06 17:39:37"
9000,open_addressing,remove,0,42,0.000184267,9000,"load_factor=0.7000;total_probes=20843;max_cluster=117","INOVAI-NB-8","CPU info","GCC 13.3.0","2025-10-06 17:39:37"
9000,chaining,remove,1,43,0.000098918,9000,"load_factor=0.7000;collisions=1998;max_chain=6","INOVAI-NB-8","CPU info","GCC 13.3.0","2025-10-06 17:39:37"
9000,open_addressing,remove,1,43,0.000225728,9000,"load_factor=0.7000;total_probes=19261;max_cluster=109","INOVAI-NB-8","CPU info","GCC 13.3.0","2025-10-06 17:39:37"
9000,chaining,remove,2,44,0.000104117,9000,"load_factor=0.7000;collisions=2015;max_chain=6","INOVAI-NB-8","CPU info","GCC 13.3.0","2025-10-06 17:39:37"
9000,open_addressing,remove,2,44,0.000179984,9000,"load_factor=0.7000;total_probes=18949;max_cluster=77","INOVAI-NB-8","CPU info","GCC 13.3.0","2025-10-06 17:39:37"
9000,chaining,remove,3,45,0.000087197,9000,"load_factor=0.7000;collisions=2013;max_chain=7","INOVAI-NB-8","CPU info","GCC 13.3.0","2025-10-06 17:39:37"
9000,open_addressing,remove,3,45,0.000191173,9000,"load_factor=0.7000;total_probes=20073;max_cluster=61","INOVAI-NB-8","CPU info","GCC 13.3.0","2025-10-06 17:39:37"
9000,chaining,remove,4,46,0.000085777,9000,"load_factor=0.7000;collisions=1974;max_chain=6","INOVAI-NB-8","CPU info","GCC 13.3.0","2025-10-06 17:39:37"
9000,open_addressing,remove,4,46,0.000182122,9000,"load_factor=0.7000;total_probes=19474;max_cluster=54","INOVAI-NB-8","CPU info","GCC 13.3.0","2025-10-06 17:39:37"
10000,chaining,remove,0,42,0.000099094,10000,"load_factor=0.7000;collisions=2203;max_chain=6","INOVAI-NB-8","CPU info","GCC 13.3.0","2025-10-06 17:39:37"
10000,open_addressing,remove,0,42,0.000224793,10000,"load_factor=0.7000;total_probes=22606;max_cluster=74","INOVAI-NB-8","CPU info","GCC 13.3.0","2025-10-06 17:39:37"
10000,chaining,remove,1,43,0.000117090,10000,"load_factor=0.7000;collisions=2237;max_chain=6","INOVAI-NB-8","CPU info","GCC 13.3.0","2025-10-06 17:39:37"
10000,open_addressing,remove,1,43,0.000201355,10000,"load_factor=0.7000;total_probes=21200;max_cluster=64","INOVAI-NB-8","CPU info","GCC 13.3.0","2025-10-06 17:39:37"
10000,chaining,remove,2,44,0.000082435,10000,"load_factor=0.7000;collisions=2219;max_chain=7","INOVAI-NB-8","CPU info","GCC 13.3.0","2025-10-06 17:39:37"
10000,open_addressing,remove,2,44,0.000161080,10000,"load_factor=0.7000;total_probes=21165;max_cluster=72","INOVAI-NB-8","CPU info","GCC 13.3.0","2025-10-06 17:39:37"
10000,chaining,remove,3,45,0.000081202,10000,"load_factor=0.7000;collisions=2248;max_chain=6","INOVAI-NB-8","CPU info","GCC 13.3.0","2025-10-06 17:39:37"
10000,open_addressing,remove,3,45,0.000239376,10000,"load_factor=0.7000;total_probes=21704;max_cluster=62","INOVAI-NB-8","CPU info","GCC 13.3.0","2025-10-06 17:39:37"
10000,chaining,remove,4,46,0.000086476,10000,"load_factor=0.7000;collisions=2216;max_chain=6","INOVAI-NB-8","CPU info","GCC 13.3.0","2025-10-06 17:39:37"
10000,open_addressing,remove,4,46,0.000288653,10000,"load_factor=0.7000;total_probes=21379;max_cluster=77","INOVAI-NB-8","CPU info","GCC 13.3.0","2025-10-06 17:39:37"
20000,chaining,remove,0,42,0.000179585,20000,"load_factor=0.7000;collisions=4395;max_chain=6","INOVAI-NB-8","CPU info","GCC 13.3.0","2025-10-06 17:39:37"
20000,open_addressing,remove,0,42,0.000383508,20000,"load_factor=0.7000;total_probes=43485;max_cluster=85","INOVAI-NB-8","CPU info","GCC 13.3.0","2025-10-06 17:39:37"
20000,chaining,remove,1,43,0.000235062,20000,"load_factor=0.7000;collisions=4398;max_chain=6","INOVAI-NB-8","CPU info","GCC 13.3.0","2025-10-06 17:39:37"
20000,open_addressing,remove,1,43,0.000448127,20000,"load_factor=0.7000;total_probes=43413;max_cluster=84","INOVAI-NB-8","CPU info","GCC 13.3.0","2025-10-06 17:39:37"
20000,chaining,remove,2,44,0.000200292,20000,"load_factor=0.7000;collisions=4564;max_chain=7","INOVAI-NB-8","CPU info","GCC 13.3.0","2025-10-06 17:39:37"
20000,open_addressing,remove,2,44,0.000427157,20000,"load_factor=0.7000;total_probes=42825;max_cluster=95","INOVAI-NB-8","CPU info","GCC 13.3.0","2025-10-06 17:39:37"
20000,chaining,remove,3,45,0.000250930,20000,"load_factor=0.7000;collisions=4427;max_chain=7","INOVAI-NB-8","CPU info","GCC 13.3.0","2025-10-06 17:39:37"
20000,open_addressing,remove,3,45,0.000461543,20000,"load_factor=0.7000;total_probes=43351;max_cluster=82","INOVAI-NB-8","CPU info","GCC 13.3.0","2025-10-06 17:39:37"
20000,chaining,remove,4,46,0.000213052,20000,"load_factor=0.7000;collisions=4449;max_chain=6","INOVAI-NB-8","CPU info","GCC 13.3.0","2025-10-06 17:39:37"
20000,open_addressing,remove,4,46,0.000426620,20000,"load_factor=0.7000;total_probes=43183;max_cluster=71","INOVAI-NB-8","CPU info","GCC 13.3.0","2025-10-06 17:39:37"
30000,chaining,remove,0,42,0.000397612,30000,"load_factor=0.7000;collisions=6663;max_chain=6","INOVAI-NB-8","CPU info","GCC 13.3.0","2025-10-06 17:39:37"
30000,open_addressing,remove,0,42,0.000606914,30000,"load_factor=0.7000;total_probes=64425;max_cluster=94","INOVAI-NB-8","CPU info","GCC 13.3.0","2025-10-06 17:39:37"
30000,chaining,remove,1,43,0.000455656,30000,"load_factor=0.7000;collisions=6608;max_chain=6","INOVAI-NB-8","CPU info","GCC 13.3.0","2025-10-06 17:39:37"
30000,open_addressing,remove,1,43,0.000644828,30000,"load_factor=0.7000;total_probes=63850;max_cluster=103","INOVAI-NB-8","CPU info","GCC 13.3.0","2025-10-06 17:39:37"
30000,chaining,remove,2,44,0.000260841,30000,"load_factor=0.7000;collisions=6717;max_chain=6","INOVAI-NB-8","CPU info","GCC 13.3.0","2025-10-06 17:39:37"
30000,open_addressing,remove,2,44,0.000532714,30000,"load_factor=0.7000;total_probes=64748;max_cluster=128","INOVAI-NB-8","CPU info","GCC 13.3.0","2025-10-06 17:39:37"
30000,chaining,remove,3,45,0.000292032,30000,"load_factor=0.7000;collisions=6659;max_chain=7","INOVAI-NB-8","CPU info","GCC 13.3.0","2025-10-06 17:39:37"
30000,open_addressing,remove,3,45,0.000644750,30000,"load_factor=0.7000;total_probes=66616;max_cluster=105","INOVAI-NB-8","CPU info","GCC 13.3.0","2025-10-06 17:39:37"
30000,chaining,remove,4,46,0.000362659,30000,"load_factor=0.7000;collisions=6679;max_chain=6","INOVAI-NB-8","CPU info","GCC 13.3.0","2025-10-06 17:39:37"
30000,open_addressing,remove,4,46,0.000587615,30000,"load_factor=0.7000;total_probes=65998;max_cluster=90","INOVAI-NB-8","CPU info","GCC 13.3.0","2025-10-06 17:39:37"
40000,chaining,remove,0,42,0.000891685,40000,"load_factor=0.7000;collisions=8907;max_chain=8","INOVAI-NB-8","CPU info","GCC 13.3.0","2025-10-06 17:39:37"
40000,open_addressing,remove,0,42,0.000771356,40000,"load_factor=0.7000;total_probes=86252;max_cluster=99","INOVAI-NB-8","CPU info","GCC 13.3.0","2025-10-06 17:39:37"
40000,chaining,remove,1,43,0.000487668,40000,"load_factor=0.7000;collisions=8892;max_chain=6","INOVAI-NB-8","CPU info","GCC 13.3.0","2025-10-06 17:39:37"
40000,open_addressing,remove,1,43,0.000832679,40000,"load_factor=0.7000;total_probes=87848;max_cluster=89","INOVAI-NB-8","CPU info","GCC 13.3.0","2025-10-06 17:39:37"
40000,chaining,remove,2,44,0.000457541,40000,"load_factor=0.7000;collisions=8962;max_chain=5","INOVAI-NB-8","CPU info","GCC 13.3.0","2025-10-06 17:39:37"
40000,open_addressing,remove,2,44,0.000899675,40000,"load_factor=0.7000;total_probes=87973;max_cluster=113","INOVAI-NB-8","CPU info","GCC 13.3.0","2025-10-06 17:39:37"
40000,chaining,remove,3,45,0.000427269,40000,"load_factor=0.7000;collisions=8929;max_chain=6","INOVAI-NB-8","CPU info","GCC 13.3.0","2025-10-06 17:39:37"
40000,open_addressing,remove,3,45,0.001238933,40000,"load_factor=0.7000;total_probes=87324;max_cluster=136","INOVAI-NB-8","CPU info","GCC 13.3.0","2025-10-06 17:39:37"
40000,chaining,remove,4,46,0.000438018,40000,"load_factor=0.7000;collisions=8925;max_chain=6","INOVAI-NB-8","CPU info","GCC 13.3.0","2025-10-06 17:39:37"
40000,open_addressing,remove,4,46,0.000742307,40000,"load_factor=0.7000;total_probes=86804;max_cluster=88","INOVAI-NB-8","CPU info","GCC 13.3.0","2025-10-06 17:39:37"
50000,chaining,remove,0,42,0.000607952,50000,"load_factor=0.7000;collisions=11038;max_chain=6","INOVAI-NB-8","CPU info","GCC 13.3.0","2025-10-06 17:39:37"
50000,open_addressing,remove,0,42,0.001077566,50000,"load_factor=0.7000;total_probes=106844;max_cluster=80","INOVAI-NB-8","CPU info","GCC 13.3.0","2025-10-06 17:39:37"
50000,chaining,remove,1,43,0.000605849,50000,"load_factor=0.7000;collisions=11121;max_chain=7","INOVAI-NB-8","CPU info","GCC 13.3.0","2025-10-06 17:39:37"
50000,open_addressing,remove,1,43,0.001005311,50000,"load_factor=0.7000;total_probes=109201;max_cluster=95","INOVAI-NB-8","CPU info","GCC 13.3.0","2025-10-06 17:39:37"
50000,chaining,remove,2,44,0.000559280,50000,"load_factor=0.7000;collisions=11168;max_chain=6","INOVAI-NB-8","CPU info","GCC 13.3.0","2025-10-06 17:39:37"
50000,open_addressing,remove,2,44,0.001063622,50000,"load_factor=0.7000;total_probes=110309;max_cluster=144","INOVAI-NB-8","CPU info","GCC 13.3.0","2025-10-06 17:39:37"
50000,chaining,remove,3,45,0.000538744,50000,"load_factor=0.7000;collisions=11081;max_chain=6","INOVAI-NB-8","CPU info","GCC 13.3.0","2025-10-06 17:39:37"
50000,open_addressing,remove,3,45,0.001055356,50000,"load_factor=0.7000;total_probes=108216;max_cluster=118","INOVAI-NB-8","CPU info","GCC 13.3.0","2025-10-06 17:39:37"
50000,chaining,remove,4,46,0.000531929,50000,"load_factor=0.7000;collisions=11220;max_chain=6","INOVAI-NB-8","CPU info","GCC 13.3.0","2025-10-06 17:39:37"
50000,open_addressing,remove,4,46,0.001131508,50000,"load_factor=0.7000;total_probes=109908;max_cluster=95","INOVAI-NB-8","CPU info","GCC 13.3.0","2025-10-06 17:39:37"
60000,chaining,remove,0,42,0.000754674,60000,"load_factor=0.7000;collisions=13325;max_chain=6","INOVAI-NB-8","CPU info","GCC 13.3.0","2025-10-06 17:39:37"
60000,open_addressing,remove,0,42,0.001242473,60000,"load_factor=0.7000;total_probes=127238;max_cluster=72","INOVAI-NB-8","CPU info","GCC 13.3.0","2025-10-06 17:39:37"
60000,chaining,remove,1,43,0.000696506,60000,"load_factor=0.7000;collisions=13350;max_chain=7","INOVAI-NB-8","CPU info","GCC 13.3.0","2025-10-06 17:39:37"
60000,open_addressing,remove,1,43,0.001276027,60000,"load_factor=0.7000;total_probes=128790;max_cluster=117","INOVAI-NB-8","CPU info","GCC 13.3.0","2025-10-06 17:39:37"
60000,chaining,remove,2,44,0.000743971,60000,"load_factor=0.7000;collisions=13426;max_chain=6","INOVAI-NB-8","CPU info","GCC 13.3.0","2025-10-06 17:39:37"
60000,open_addressing,remove,2,44,0.001257688,60000,"load_factor=0.7000;total_probes=132725;max_cluster=159","INOVAI-NB-8","CPU info","GCC 13.3.0","2025-10-06 17:39:37"
60000,chaining,remove,3,45,0.000696819,60000,"load_factor=0.7000;collisions=13405;max_chain=6","INOVAI-NB-8","CPU info","GCC 13.3.0","2025-10-06 17:39:37"
60000,open_addressing,remove,3,45,0.001240261,60000,"load_factor=0.7000;total_probes=130739;max_cluster=114","INOVAI-NB-8","CPU info","GCC 13.3.0","2025-10-06 17:39:37"
60000,chaining,remove,4,46,0.001237218,60000,"load_factor=0.7000;collisions=13410;max_chain=6","INOVAI-NB-8","CPU info","GCC 13.3.0","2025-10-06 17:39:37"
60000,open_addressing,remove,4,46,0.001242744,60000,"load_factor=0.7000;total_probes=131663;max_cluster=95","INOVAI-NB-8","CPU info","GCC 13.3.0","2025-10-06 17:39:37"
70000,chaining,remove,0,42,0.000880268,70000,"load_factor=0.7000;collisions=15476;max_chain=7","INOVAI-NB-8","CPU info","GCC 13.3.0","2025-10-06 17:39:37"
70000,open_addressing,remove,0,42,0.001421462,70000,"load_factor=0.7000;total_probes=148094;max_cluster=87","INOVAI-NB-8","CPU info","GCC 13.3.0","2025-10-06 17:39:37"
70000,chaining,remove,1,43,0.000799440,70000,"load_factor=0.7000;collisions=15582;max_chain=6","INOVAI-NB-8","CPU info","GCC 13.3.0","2025-10-06 17:39:37"
70000,open_addressing,remove,1,43,0.001461044,70000,"load_factor=0.7000;total_probes=151747;max_cluster=121","INOVAI-NB-8","CPU info","GCC 13.3.0","2025-10-06 17:39:37"
70000,chaining,remove,2,44,0.000815887,70000,"load_factor=0.7000;collisions=15517;max_chain=8","INOVAI-NB-8","CPU info","GCC 13.3.0","2025-10-06 17:39:37"
70000,open_addressing,remove,2,44,0.001465761,70000,"load_factor=0.7000;total_probes=152606;max_cluster=149","INOVAI-NB-8","CPU info","GCC 13.3.0","2025-10-06 17:39:37"
70000,chaining,remove,3,45,0.000843774,70000,"load_factor=0.7000;collisions=15504;max_chain=8","INOVAI-NB-8","CPU info","GCC 13.3.0","2025-10-06 17:39:37"
70000,open_addressing,remove,3,45,0.001747526,70000,"load_factor=0.7000;total_probes=151342;max_cluster=92","INOVAI-NB-8","CPU info","GCC 13.3.0","2025-10-06 17:39:37"
70000,chaining,remove,4,46,0.000872710,70000,"load_factor=0.7000;collisions=15685;max_chain=7","INOVAI-NB-8","CPU info","GCC 13.3.0","2025-10-06 17:39:37"
70000,open_addressing,remove,4,46,0.001318133,70000,"load_factor=0.7000;total_probes=152225;max_cluster=104","INOVAI-NB-8","CPU info","GCC 13.3.0","2025-10-06 17:39:37"
80000,chaining,remove,0,42,0.001051471,80000,"load_factor=0.7000;collisions=17902;max_chain=8","INOVAI-NB-8","CPU info","GCC 13.3.0","2025-10-06 17:39:37"
80000,open_addressing,remove,0,42,0.001575249,80000,"load_factor=0.7000;total_probes=171305;max_cluster=89","INOVAI-NB-8","CPU info","GCC 13.3.0","2025-10-06 17:39:37"
80000,chaining,remove,1,43,0.001117568,80000,"load_factor=0.7000;collisions=17720;max_chain=7","INOVAI-NB-8","CPU info","GCC 13.3.0","2025-10-06 17:39:37"
80000,open_addressing,remove,1,43,0.001925146,80000,"load_factor=0.7000;total_probes=173898;max_cluster=92","INOVAI-NB-8","CPU info","GCC 13.3.0","2025-10-06 17:39:37"
80000,chaining,remove,2,44,0.001196798,80000,"load_factor=0.7000;collisions=17891;max_chain=6","INOVAI-NB-8","CPU info","GCC 13.3.0","2025-10-06 17:39:37"
80000,open_addressing,remove,2,44,0.001571273,80000,"load_factor=0.7000;total_probes=175018;max_cluster=174","INOVAI-NB-8","CPU info","GCC 13.3.0","2025-10-06 17:39:37"
80000,chaining,remove,3,45,0.001010222,80000,"load_factor=0.7000;collisions=17771;max_chain=6","INOVAI-NB-8","CPU info","GCC 13.3.0","2025-10-06 17:39:37"
80000,open_addressing,remove,3,45,0.002080234,80000,"load_factor=0.7000;total_probes=174253;max_cluster=98","INOVAI-NB-8","CPU info","GCC 13.3.0","2025-10-06 17:39:37"
80000,chaining,remove,4,46,0.001068158,80000,"load_factor=0.7000;collisions=17745;max_chain=7","INOVAI-NB-8","CPU info","GCC 13.3.0","2025-10-06 17:39:37"
80000,open_addressing,remove,4,46,0.001634714,80000,"load_factor=0.7000;total_probes=173583;max_cluster=113","INOVAI-NB-8","CPU info","GCC 13.3.0","2025-10-06 17:39:37"
90000,chaining,remove,0,42,0.001008366,90000,"load_factor=0.7000;collisions=20170;max_chain=7","INOVAI-NB-8","CPU info","GCC 13.3.0","2025-10-06 17:39:37"
90000,open_addressing,remove,0,42,0.002096987,90000,"load_factor=0.7000;total_probes=193137;max_cluster=89","INOVAI-NB-8","CPU info","GCC 13.3.0","2025-10-06 17:39:37"
90000,chaining,remove,1,43,0.001205021,90000,"load_factor=0.7000;collisions=19860;max_chain=7","INOVAI-NB-8","CPU info","GCC 13.3.0","2025-10-06 17:39:37"
90000,open_addressing,remove,1,43,0.001979221,90000,"load_factor=0.7000;total_probes=195072;max_cluster=97","INOVAI-NB-8","CPU info","GCC 13.3.0","2025-10-06 17:39:37"
90000,chaining,remove,2,44,0.001208674,90000,"load_factor=0.7000;collisions=20032;max_chain=7","INOVAI-NB-8","CPU info","GCC 13.3.0","2025-10-06 17:39:37"
90000,open_addressing,remove,2,44,0.001850068,90000,"load_factor=0.7000;total_probes=196463;max_cluster=216","INOVAI-NB-8","CPU info","GCC 13.3.0","2025-10-06 17:39:37"
90000,chaining,remove,3,45,0.001146533,90000,"load_factor=0.7000;collisions=20139;max_chain=7","INOVAI-NB-8","CPU info","GCC 13.3.0","2025-10-06 17:39:37"
90000,open_addressing,remove,3,45,0.001916383,90000,"load_factor=0.7000;total_probes=194961;max_cluster=121","INOVAI-NB-8","CPU info","GCC 13.3.0","2025-10-06 17:39:37"
90000,chaining,remove,4,46,0.001097847,90000,"load_factor=0.7000;collisions=20079;max_chain=6","INOVAI-NB-8","CPU info","GCC 13.3.0","2025-10-06 17:39:37"
90000,open_addressing,remove,4,46,0.001927553,90000,"load_factor=0.7000;total_probes=195305;max_cluster=115","INOVAI-NB-8","CPU info","GCC 13.3.0","2025-10-06 17:39:37"
100000,chaining,remove,0,42,0.001280369,100000,"load_factor=0.7000;collisions=22204;max_chain=7","INOVAI-NB-8","CPU info","GCC 13.3.0","2025-10-06 17:39:37"
100000,open_addressing,remove,0,42,0.002102451,100000,"load_factor=0.7000;total_probes=213514;max_cluster=88","INOVAI-NB-8","CPU info","GCC 13.3.0","2025-10-06 17:39:37"
100000,chaining,remove,1,43,0.001355542,100000,"load_factor=0.7000;collisions=22194;max_chain=7","INOVAI-NB-8","CPU info","GCC 13.3.0","2025-10-06 17:39:37"
100000,open_addressing,remove,1,43,0.002053452,100000,"load_factor=0.7000;total_probes=216970;max_cluster=84","INOVAI-NB-8","CPU info","GCC 13.3.0","2025-10-06 17:39:37"
100000,chaining,remove,2,44,0.001491820,100000,"load_factor=0.7000;collisions=22117;max_chain=7","INOVAI-NB-8","CPU info","GCC 13.3.0","2025-10-06 17:39:37"
100000,open_addressing,remove,2,44,0.002160242,100000,"load_factor=0.7000;total_probes=217578;max_cluster=214","INOVAI-NB-8","CPU info","GCC 13.3.0","2025-10-06 17:39:37"
100000,chaining,remove,3,45,0.001346563,100000,"load_factor=0.7000;collisions=22239;max_chain=7","INOVAI-NB-8","CPU info","GCC 13.3.0","2025-10-06 17:39:37"
100000,open_addressing,remove,3,45,0.001781707,100000,"load_factor=0.7000;total_probes=215465;max_cluster=119","INOVAI-NB-8","CPU info","GCC 13.3.0","2025-10-06 17:39:37"
100000,chaining,remove,4,46,0.001292473,100000,"load_factor=0.7000;collisions=22246;max_chain=7","INOVAI-NB-8","CPU info","GCC 13.3.0","2025-10-06 17:39:37"
100000,open_addressing,remove,4,46,0.001812317,100000,"load_factor=0.7000;total_probes=216167;max_cluster=121","INOVAI-NB-8","CPU info","GCC 13.3.0","2025-10-06 17:39:37"
200000,chaining,remove,0,42,0.003599062,200000,"load_factor=0.7000;collisions=44501;max_chain=7","INOVAI-NB-8","CPU info","GCC 13.3.0","2025-10-06 17:39:37"
200000,open_addressing,remove,0,42,0.003960055,200000,"load_factor=0.7000;total_probes=433621;max_cluster=96","INOVAI-NB-8","CPU info","GCC 13.3.0","2025-10-06 17:39:37"
200000,chaining,remove,1,43,0.003443860,200000,"load_factor=0.7000;collisions=44388;max_chain=7","INOVAI-NB-8","CPU info","GCC 13.3.0","2025-10-06 17:39:37"
200000,open_addressing,remove,1,43,0.004030864,200000,"load_factor=0.7000;total_probes=435391;max_cluster=128","INOVAI-NB-8","CPU info","GCC 13.3.0","2025-10-06 17:39:37"
200000,chaining,remove,2,44,0.003408218,200000,"load_factor=0.7000;collisions=44392;max_chain=6","INOVAI-NB-8","CPU info","GCC 13.3.0","2025-10-06 17:39:37"
200000,open_addressing,remove,2,44,0.004343444,200000,"load_factor=0.7000;total_probes=436507;max_cluster=143","INOVAI-NB-8","CPU info","GCC 13.3.0","2025-10-06 17:39:37"
200000,chaining,remove,3,45,0.003589797,200000,"load_factor=0.7000;collisions=44522;max_chain=7","INOVAI-NB-8","CPU info","GCC 13.3.0","2025-10-06 17:39:37"
200000,open_addressing,remove,3,45,0.004252235,200000,"load_factor=0.7000;total_probes=435957;max_cluster=106","INOVAI-NB-8","CPU info","GCC 13.3.0","2025-10-06 17:39:37"
200000,chaining,remove,4,46,0.003160852,200000,"load_factor=0.7000;collisions=44371;max_chain=7","INOVAI-NB-8","CPU info","GCC 13.3.0","2025-10-06 17:39:37"
200000,open_addressing,remove,4,46,0.004364719,200000,"load_factor=0.7000;total_probes=436809;max_cluster=113","INOVAI-NB-8","CPU info","GCC 13.3.0","2025-10-06 17:39:37"
300000,chaining,remove,0,42,0.006636668,300000,"load_factor=0.7000;collisions=66808;max_chain=7","INOVAI-NB-8","CPU info","GCC 13.3.0","2025-10-06 17:39:37"
300000,open_addressing,remove,0,42,0.006454570,300000,"load_factor=0.7000;total_probes=650562;max_cluster=121","INOVAI-NB-8","CPU info","GCC 13.3.0","2025-10-06 17:39:37"
300000,chaining,remove,1,43,0.005413196,300000,"load_factor=0.7000;collisions=66603;max_chain=7","INOVAI-NB-8","CPU info","GCC 13.3.0","2025-10-06 17:39:37"
300000,open_addressing,remove,1,43,0.006514625,300000,"load_factor=0.7000;total_probes=647855;max_cluster=107","INOVAI-NB-8","CPU info","GCC 13.3.0","2025-10-06 17:39:37"
300000,chaining,remove,2,44,0.007725114,300000,"load_factor=0.7000;collisions=66944;max_chain=8","INOVAI-NB-8","CPU info","GCC 13.3.0","2025-10-06 17:39:37"
300000,open_addressing,remove,2,44,0.006710589,300000,"load_factor=0.7000;total_probes=651896;max_cluster=154","INOVAI-NB-8","CPU info","GCC 13.3.0","2025-10-06 17:39:37"
300000,chaining,remove,3,45,0.005612158,300000,"load_factor=0.7000;collisions=66922;max_chain=7","INOVAI-NB-8","CPU info","GCC 13.3.0","2025-10-06 17:39:37"
300000,open_addressing,remove,3,45,0.006357648,300000,"load_factor=0.7000;total_probes=654511;max_cluster=128","INOVAI-NB-8","CPU info","GCC 13.3.0","2025-10-06 17:39:37"
300000,chaining,remove,4,46,0.005291845,300000,"load_factor=0.7000;collisions=67005;max_chain=7","INOVAI-NB-8","CPU info","GCC 13.3.0","2025-10-06 17:39:37"
300000,open_addressing,remove,4,46,0.007627020,300000,"load_factor=0.7000;total_probes=651130;max_cluster=123","INOVAI-NB-8","CPU info","GCC 13.3.0","2025-10-06 17:39:37"
400000,chaining,remove,0,42,0.008903634,400000,"load_factor=0.7000;collisions=89051;max_chain=7","INOVAI-NB-8","CPU info","GCC 13.3.0","2025-10-06 17:39:37"
400000,open_addressing,remove,0,42,0.008268334,400000,"load_factor=0.7000;total_probes=870382;max_cluster=106","INOVAI-NB-8","CPU info","GCC 13.3.0","2025-10-06 17:39:37"
400000,chaining,remove,1,43,0.009763603,400000,"load_factor=0.7000;collisions=88779;max_chain=8","INOVAI-NB-8","CPU info","GCC 13.3.0","2025-10-06 17:39:37"
400000,open_addressing,remove,1,43,0.009125981,400000,"load_factor=0.7000;total_probes=866496;max_cluster=126","INOVAI-NB-8","CPU info","GCC 13.3.0","2025-10-06 17:39:37"
400000,chaining,remove,2,44,0.008960037,400000,"load_factor=0.7000;collisions=88862;max_chain=8","INOVAI-NB-8","CPU info","GCC 13.3.0","2025-10-06 17:39:37"
400000,open_addressing,remove,2,44,0.008013958,400000,"load_factor=0.7000;total_probes=866599;max_cluster=138","INOVAI-NB-8","CPU info","GCC 13.3.0","2025-10-06 17:39:37"
400000,chaining,remove,3,45,0.009345103,400000,"load_factor=0.7000;collisions=89142;max_chain=7","INOVAI-NB-8","CPU info","GCC 13.3.0","2025-10-06 17:39:37"
400000,open_addressing,remove,3,45,0.009711839,400000,"load_factor=0.7000;total_probes=867651;max_cluster=131","INOVAI-NB-8","CPU info","GCC 13.3.0","2025-10-06 17:39:37"
400000,chaining,remove,4,46,0.008088647,400000,"load_factor=0.7000;collisions=89015;max_chain=7","INOVAI-NB-8","CPU info","GCC 13.3.0","2025-10-06 17:39:37"
400000,open_addressing,remove,4,46,0.008644344,400000,"load_factor=0.7000;total_probes=864165;max_cluster=106","INOVAI-NB-8","CPU info","GCC 13.3.0","2025-10-06 17:39:37"
500000,chaining,remove,0,42,0.015689778,500000,"load_factor=0.7000;collisions=111306;max_chain=7","INOVAI-NB-8","CPU info","GCC 13.3.0","2025-10-06 17:39:37"
500000,open_addressing,remove,0,42,0.010775471,500000,"load_factor=0.7000;total_probes=1082011;max_cluster=110","INOVAI-NB-8","CPU info","GCC 13.3.0","2025-10-06 17:39:37"
500000,chaining,remove,1,43,0.013286381,500000,"load_factor=0.7000;collisions=111313;max_chain=8","INOVAI-NB-8","CPU info","GCC 13.3.0","2025-10-06 17:39:37"
500000,open_addressing,remove,1,43,0.011599488,500000,"load_factor=0.7000;total_probes=1083137;max_cluster=149","INOVAI-NB-8","CPU info","GCC 13.3.0","2025-10-06 17:39:37"
500000,chaining,remove,2,44,0.013297869,500000,"load_factor=0.7000;collisions=111359;max_chain=7","INOVAI-NB-8","CPU info","GCC 13.3.0","2025-10-06 17:39:37"
500000,open_addressing,remove,2,44,0.009877203,500000,"load_factor=0.7000;total_probes=1082730;max_cluster=102","INOVAI-NB-8","CPU info","GCC 13.3.0","2025-10-06 17:39:37"
500000,chaining,remove,3,45,0.014641072,500000,"load_factor=0.7000;collisions=111186;max_chain=8","INOVAI-NB-8","CPU info","GCC 13.3.0","2025-10-06 17:39:37"
500000,open_addressing,remove,3,45,0.010720017,500000,"load_factor=0.7000;total_probes=1087328;max_cluster=126","INOVAI-NB-8","CPU info","GCC 13.3.0","2025-10-06 17:39:37"
500000,chaining,remove,4,46,0.011934798,500000,"load_factor=0.7000;collisions=111047;max_chain=8","INOVAI-NB-8","CPU info","GCC 13.3.0","2025-10-06 17:39:37"
500000,open_addressing,remove,4,46,0.010559009,500000,"load_factor=0.7000;total_probes=1083705;max_cluster=113","INOVAI-NB-8","CPU info","GCC 13.3.0","2025-10-06 17:39:37"
600000,chaining,remove,0,42,0.017663485,600000,"load_factor=0.7000;collisions=133498;max_chain=8","INOVAI-NB-8","CPU info","GCC 13.3.0","2025-10-06 17:39:37"
600000,open_addressing,remove,0,42,0.014897408,600000,"load_factor=0.7000;total_probes=1301414;max_cluster=141","INOVAI-NB-8","CPU info","GCC 13.3.0","2025-10-06 17:39:37"
600000,chaining,remove,1,43,0.016546742,600000,"load_factor=0.7000;collisions=133571;max_chain=7","INOVAI-NB-8","CPU info","GCC 13.3.0","2025-10-06 17:39:37"
600000,open_addressing,remove,1,43,0.013763325,600000,"load_factor=0.7000;total_probes=1303640;max_cluster=130","INOVAI-NB-8","CPU info","GCC 13.3.0","2025-10-06 17:39:37"
600000,chaining,remove,2,44,0.017330403,600000,"load_factor=0.7000;collisions=133178;max_chain=8","INOVAI-NB-8","CPU info","GCC 13.3.0","2025-10-06 17:39:37"
600000,open_addressing,remove,2,44,0.013138342,600000,"load_factor=0.7000;total_probes=1300750;max_cluster=119","INOVAI-NB-8","CPU info","GCC 13.3.0","2025-10-06 17:39:37"
600000,chaining,remove,3,45,0.017656490,600000,"load_factor=0.7000;collisions=133411;max_chain=8","INOVAI-NB-8","CPU info","GCC 13.3.0","2025-10-06 17:39:37"
600000,open_addressing,remove,3,45,0.011670208,600000,"load_factor=0.7000;total_probes=1303492;max_cluster=130","INOVAI-NB-8","CPU info","GCC 13.3.0","2025-10-06 17:39:37"
600000,chaining,remove,4,46,0.018528316,600000,"load_factor=0.7000;collisions=133588;max_chain=7","INOVAI-NB-8","CPU info","GCC 13.3.0","2025-10-06 17:39:37"
600000,open_addressing,remove,4,46,0.013248096,600000,"load_factor=0.7000;total_probes=1299798;max_cluster=119","INOVAI-NB-8","CPU info","GCC 13.3.0","2025-10-06 17:39:37"
700000,chaining,remove,0,42,0.028698369,700000,"load_factor=0.7000;collisions=156239;max_chain=7","INOVAI-NB-8","CPU info","GCC 13.3.0","2025-10-06 17:39:37"
700000,open_addressing,remove,0,42,0.015538409,700000,"load_factor=0.7000;total_probes=1511926;max_cluster=139","INOVAI-NB-8","CPU info","GCC 13.3.0","2025-10-06 17:39:37"
700000,chaining,remove,1,43,0.021524063,700000,"load_factor=0.7000;collisions=155744;max_chain=7","INOVAI-NB-8","CPU info","GCC 13.3.0","2025-10-06 17:39:37"
700000,open_addressing,remove,1,43,0.017808801,700000,"load_factor=0.7000;total_probes=1520225;max_cluster=137","INOVAI-NB-8","CPU info","GCC 13.3.0","2025-10-06 17:39:37"
700000,chaining,remove,2,44,0.024014835,700000,"load_factor=0.7000;collisions=155624;max_chain=7","INOVAI-NB-8","CPU info","GCC 13.3.0","2025-10-06 17:39:37"
700000,open_addressing,remove,2,44,0.014868689,700000,"load_factor=0.7000;total_probes=1516511;max_cluster=151","INOVAI-NB-8","CPU info","GCC 13.3.0","2025-10-06 17:39:37"
700000,chaining,remove,3,45,0.022380243,700000,"load_factor=0.7000;collisions=155801;max_chain=7","INOVAI-NB-8","CPU info","GCC 13.3.0","2025-10-06 17:39:37"
700000,open_addressing,remove,3,45,0.015011685,700000,"load_factor=0.7000;total_probes=1522451;max_cluster=149","INOVAI-NB-8","CPU info","GCC 13.3.0","2025-10-06 17:39:37"
700000,chaining,remove,4,46,0.021780119,700000,"load_factor=0.7000;collisions=155560;max_chain=8","INOVAI-NB-8","CPU info","GCC 13.3.0","2025-10-06 17:39:37"
700000,open_addressing,remove,4,46,0.016828614,700000,"load_factor=0.7000;total_probes=1517629;max_cluster=166","INOVAI-NB-8","CPU info","GCC 13.3.0","2025-10-06 17:39:37"
800000,chaining,remove,0,42,0.025880218,800000,"load_factor=0.7000;collisions=178030;max_chain=7","INOVAI-NB-8","CPU info","GCC 13.3.0","2025-10-06 17:39:37"
800000,open_addressing,remove,0,42,0.018621950,800000,"load_factor=0.7000;total_probes=1729755;max_cluster=158","INOVAI-NB-8","CPU info","GCC 13.3.0","2025-10-06 17:39:37"
800000,chaining,remove,1,43,0.035735814,800000,"load_factor=0.7000;collisions=178096;max_chain=7","INOVAI-NB-8","CPU info","GCC 13.3.0","2025-10-06 17:39:37"
800000,open_addressing,remove,1,43,0.017693070,800000,"load_factor=0.7000;total_probes=1737907;max_cluster=137","INOVAI-NB-8","CPU info","GCC 13.3.0","2025-10-06 17:39:37"
800000,chaining,remove,2,44,0.026370370,800000,"load_factor=0.7000;collisions=177707;max_chain=8","INOVAI-NB-8","CPU info","GCC 13.3.0","2025-10-06 17:39:37"
800000,open_addressing,remove,2,44,0.019980875,800000,"load_factor=0.7000;total_probes=1731977;max_cluster=149","INOVAI-NB-8","CPU info","GCC 13.3.0","2025-10-06 17:39:37"
800000,chaining,remove,3,45,0.025095926,800000,"load_factor=0.7000;collisions=178085;max_chain=7","INOVAI-NB-8","CPU info","GCC 13.3.0","2025-10-06 17:39:37"
800000,open_addressing,remove,3,45,0.018524203,800000,"load_factor=0.7000;total_probes=1739569;max_cluster=130","INOVAI-NB-8","CPU info","GCC 13.3.0","2025-10-06 17:39:37"
800000,chaining,remove,4,46,0.025455201,800000,"load_factor=0.7000;collisions=178422;max_chain=9","INOVAI-NB-8","CPU info","GCC 13.3.0","2025-10-06 17:39:37"
800000,open_addressing,remove,4,46,0.017593800,800000,"load_factor=0.7000;total_probes=1731540;max_cluster=149","INOVAI-NB-8","CPU info","GCC 13.3.0","2025-10-06 17:39:37"
900000,chaining,remove,0,42,0.032853351,900000,"load_factor=0.7000;collisions=200565;max_chain=8","INOVAI-NB-8","CPU info","GCC 13.3.0","2025-10-06 17:39:37"
900000,open_addressing,remove,0,42,0.021280333,900000,"load_factor=0.7000;total_probes=1937863;max_cluster=153","INOVAI-NB-8","CPU info","GCC 13.3.0","2025-10-06 17:39:37"
900000,chaining,remove,1,43,0.031250645,900000,"load_factor=0.7000;collisions=200449;max_chain=8","INOVAI-NB-8","CPU info","GCC 13.3.0","2025-10-06 17:39:37"
900000,open_addressing,remove,1,43,0.020400196,900000,"load_factor=0.7000;total_probes=1955645;max_cluster=153","INOVAI-NB-8","CPU info","GCC 13.3.0","2025-10-06 17:39:37"
900000,chaining,remove,2,44,0.036716711,900000,"load_factor=0.7000;collisions=200106;max_chain=7","INOVAI-NB-8","CPU info","GCC 13.3.0","2025-10-06 17:39:37"
900000,open_addressing,remove,2,44,0.020744231,900000,"load_factor=0.7000;total_probes=1949091;max_cluster=126","INOVAI-NB-8","CPU info","GCC 13.3.0","2025-10-06 17:39:37"
900000,chaining,remove,3,45,0.031897941,900000,"load_factor=0.7000;collisions=200469;max_chain=8","INOVAI-NB-8","CPU info","GCC 13.3.0","2025-10-06 17:39:37"
900000,open_addressing,remove,3,45,0.020205622,900000,"load_factor=0.7000;total_probes=1957737;max_cluster=129","INOVAI-NB-8","CPU info","GCC 13.3.0","2025-10-06 17:39:37"
900000,chaining,remove,4,46,0.033819929,900000,"load_factor=0.7000;collisions=200255;max_chain=8","INOVAI-NB-8","CPU info","GCC 13.3.0","2025-10-06 17:39:37"
900000,open_addressing,remove,4,46,0.021189896,900000,"load_factor=0.7000;total_probes=1949359;max_cluster=177","INOVAI-NB-8","CPU info","GCC 13.3.0","2025-10-06 17:39:37"
1000000,chaining,remove,0,42,0.037867761,1000000,"load_factor=0.7000;collisions=223063;max_chain=7","INOVAI-NB-8","CPU info","GCC 13.3.0","2025-10-06 17:39:37"
1000000,open_addressing,remove,0,42,0.024540447,1000000,"load_factor=0.7000;total_probes=2154451;max_cluster=123","INOVAI-NB-8","CPU info","GCC 13.3.0","2025-10-06 17:39:37"
1000000,chaining,remove,1,43,0.048616343,1000000,"load_factor=0.7000;collisions=222786;max_chain=8","INOVAI-NB-8","CPU info","GCC 13.3.0","2025-10-06 17:39:37"
1000000,open_addressing,remove,1,43,0.023684656,1000000,"load_factor=0.7000;total_probes=2177998;max_cluster=137","INOVAI-NB-8","CPU info","GCC 13.3.0","2025-10-06 17:39:37"
1000000,chaining,remove,2,44,0.035223801,1000000,"load_factor=0.7000;collisions=222494;max_chain=7","INOVAI-NB-8","CPU info","GCC 13.3.0","2025-10-06 17:39:37"
1000000,open_addressing,remove,2,44,0.023965733,1000000,"load_factor=0.7000;total_probes=2161475;max_cluster=123","INOVAI-NB-8","CPU info","GCC 13.3.0","2025-10-06 17:39:37"
1000000,chaining,remove,3,45,0.036426283,1000000,"load_factor=0.7000;collisions=222695;max_chain=8","INOVAI-NB-8","CPU info","GCC 13.3.0","2025-10-06 17:39:37"
1000000,open_addressing,remove,3,45,0.024121088,1000000,"load_factor=0.7000;total_probes=2172634;max_cluster=141","INOVAI-NB-8","CPU info","GCC 13.3.0","2025-10-06 17:39:37"
1000000,chaining,remove,4,46,0.035458628,1000000,"load_factor=0.7000;collisions=222550;max_chain=8","INOVAI-NB-8","CPU info","GCC 13.3.0","2025-10-06 17:39:37"
1000000,open_addressing,remove,4,46,0.026635815,1000000,"load_factor=0.7000;total_probes=2162449;max_cluster=130","INOVAI-NB-8","CPU info","GCC 13.3.0","2025-10-06 17:39:37"
