size,algorithm,data_type,run_index,seed,time_s,comparisons,metadata,hostname,cpu_info,compiler_info,timestamp
1000,não simultaneo,random,0,42,0.000000343,0,"","INOVAI-NB-8","CPU info","GCC 13.3.0","2025-10-06 15:41:41"
1000,simultaneo,random,0,42,0.000000235,0,"","INOVAI-NB-8","CPU info","GCC 13.3.0","2025-10-06 15:41:41"
1000,não simultaneo,random,1,43,0.000000070,0,"","INOVAI-NB-8","CPU info","GCC 13.3.0","2025-10-06 15:41:41"
1000,simultaneo,random,1,43,0.000000217,0,"","INOVAI-NB-8","CPU info","GCC 13.3.0","2025-10-06 15:41:41"
1000,não simultaneo,random,2,44,0.000000071,0,"","INOVAI-NB-8","CPU info","GCC 13.3.0","2025-10-06 15:41:41"
1000,simultaneo,random,2,44,0.000000216,0,"","INOVAI-NB-8","CPU info","GCC 13.3.0","2025-10-06 15:41:41"
1000,não simultaneo,random,3,45,0.000000070,0,"","INOVAI-NB-8","CPU info","GCC 13.3.0","2025-10-06 15:41:41"
1000,simultaneo,random,3,45,0.000000217,0,"","INOVAI-NB-8","CPU info","GCC 13.3.0","2025-10-06 15:41:41"
1000,não simultaneo,random,4,46,0.000000072,0,"","INOVAI-NB-8","CPU info","GCC 13.3.0","2025-10-06 15:41:41"
1000,simultaneo,random,4,46,0.000000216,0,"","INOVAI-NB-8","CPU info","GCC 13.3.0","2025-10-06 15:41:41"
2000,não simultaneo,random,0,42,0.000000140,0,"","INOVAI-NB-8","CPU info","GCC 13.3.0","2025-10-06 15:41:41"
2000,simultaneo,random,0,42,0.000000458,0,"","INOVAI-NB-8","CPU info","GCC 13.3.0","2025-10-06 15:41:41"
2000,não simultaneo,random,1,43,0.000000120,0,"","INOVAI-NB-8","CPU info","GCC 13.3.0","2025-10-06 15:41:41"
2000,simultaneo,random,1,43,0.000000426,0,"","INOVAI-NB-8","CPU info","GCC 13.3.0","2025-10-06 15:41:41"
2000,não simultaneo,random,2,44,0.000000118,0,"","INOVAI-NB-8","CPU info","GCC 13.3.0","2025-10-06 15:41:41"
2000,simultaneo,random,2,44,0.000000430,0,"","INOVAI-NB-8","CPU info","GCC 13.3.0","2025-10-06 15:41:41"
2000,não simultaneo,random,3,45,0.000000119,0,"","INOVAI-NB-8","CPU info","GCC 13.3.0","2025-10-06 15:41:41"
2000,simultaneo,random,3,45,0.000000426,0,"","INOVAI-NB-8","CPU info","GCC 13.3.0","2025-10-06 15:41:41"
2000,não simultaneo,random,4,46,0.000000121,0,"","INOVAI-NB-8","CPU info","GCC 13.3.0","2025-10-06 15:41:41"
2000,simultaneo,random,4,46,0.000000430,0,"","INOVAI-NB-8","CPU info","GCC 13.3.0","2025-10-06 15:41:41"
3000,não simultaneo,random,0,42,0.000000200,0,"","INOVAI-NB-8","CPU info","GCC 13.3.0","2025-10-06 15:41:41"
3000,simultaneo,random,0,42,0.000000634,0,"","INOVAI-NB-8","CPU info","GCC 13.3.0","2025-10-06 15:41:41"
3000,não simultaneo,random,1,43,0.000000173,0,"","INOVAI-NB-8","CPU info","GCC 13.3.0","2025-10-06 15:41:41"
3000,simultaneo,random,1,43,0.000000646,0,"","INOVAI-NB-8","CPU info","GCC 13.3.0","2025-10-06 15:41:41"
3000,não simultaneo,random,2,44,0.000000165,0,"","INOVAI-NB-8","CPU info","GCC 13.3.0","2025-10-06 15:41:41"
3000,simultaneo,random,2,44,0.000000650,0,"","INOVAI-NB-8","CPU info","GCC 13.3.0","2025-10-06 15:41:41"
3000,não simultaneo,random,3,45,0.000000175,0,"","INOVAI-NB-8","CPU info","GCC 13.3.0","2025-10-06 15:41:41"
3000,simultaneo,random,3,45,0.000000643,0,"","INOVAI-NB-8","CPU info","GCC 13.3.0","2025-10-06 15:41:41"
3000,não simultaneo,random,4,46,0.000000171,0,"","INOVAI-NB-8","CPU info","GCC 13.3.0","2025-10-06 15:41:41"
3000,simultaneo,random,4,46,0.000000645,0,"","INOVAI-NB-8","CPU info","GCC 13.3.0","2025-10-06 15:41:41"
4000,não simultaneo,random,0,42,0.000000242,0,"","INOVAI-NB-8","CPU info","GCC 13.3.0","2025-10-06 15:41:41"
4000,simultaneo,random,0,42,0.000000869,0,"","INOVAI-NB-8","CPU info","GCC 13.3.0","2025-10-06 15:41:41"
4000,não simultaneo,random,1,43,0.000000216,0,"","INOVAI-NB-8","CPU info","GCC 13.3.0","2025-10-06 15:41:41"
4000,simultaneo,random,1,43,0.000000854,0,"","INOVAI-NB-8","CPU info","GCC 13.3.0","2025-10-06 15:41:41"
4000,não simultaneo,random,2,44,0.000000217,0,"","INOVAI-NB-8","CPU info","GCC 13.3.0","2025-10-06 15:41:41"
4000,simultaneo,random,2,44,0.000000862,0,"","INOVAI-NB-8","CPU info","GCC 13.3.0","2025-10-06 15:41:41"
4000,não simultaneo,random,3,45,0.000000218,0,"","INOVAI-NB-8","CPU info","GCC 13.3.0","2025-10-06 15:41:41"
4000,simultaneo,random,3,45,0.000000859,0,"","INOVAI-NB-8","CPU info","GCC 13.3.0","2025-10-06 15:41:41"
4000,não simultaneo,random,4,46,0.000000218,0,"","INOVAI-NB-8","CPU info","GCC 13.3.0","2025-10-06 15:41:41"
4000,simultaneo,random,4,46,0.000000858,0,"","INOVAI-NB-8","CPU info","GCC 13.3.0","2025-10-06 15:41:41"
5000,não simultaneo,random,0,42,0.000000278,0,"","INOVAI-NB-8","CPU info","GCC 13.3.0","2025-10-06 15:41:41"
5000,simultaneo,random,0,42,0.000001063,0,"","INOVAI-NB-8","CPU info","GCC 13.3.0","2025-10-06 15:41:41"
5000,não simultaneo,random,1,43,0.000000268,0,"","INOVAI-NB-8","CPU info","GCC 13.3.0","2025-10-06 15:41:41"
5000,simultaneo,random,1,43,0.000001066,0,"","INOVAI-NB-8","CPU info","GCC 13.3.0","2025-10-06 15:41:41"
5000,não simultaneo,random,2,44,0.000000268,0,"","INOVAI-NB-8","CPU info","GCC 13.3.0","2025-10-06 15:41:41"
5000,simultaneo,random,2,44,0.000001057,0,"","INOVAI-NB-8","CPU info","GCC 13.3.0","2025-10-06 15:41:41"
5000,não simultaneo,random,3,45,0.000000269,0,"","INOVAI-NB-8","CPU info","GCC 13.3.0","2025-10-06 15:41:41"
5000,simultaneo,random,3,45,0.000001058,0,"","INOVAI-NB-8","CPU info","GCC 13.3.0","2025-10-06 15:41:41"
5000,não simultaneo,random,4,46,0.000000266,0,"","INOVAI-NB-8","CPU info","GCC 13.3.0","2025-10-06 15:41:41"
5000,simultaneo,random,4,46,0.000001059,0,"","INOVAI-NB-8","CPU info","GCC 13.3.0","2025-10-06 15:41:41"
6000,não simultaneo,random,0,42,0.000000349,0,"","INOVAI-NB-8","CPU info","GCC 13.3.0","2025-10-06 15:41:41"
6000,simultaneo,random,0,42,0.000001279,0,"","INOVAI-NB-8","CPU info","GCC 13.3.0","2025-10-06 15:41:41"
6000,não simultaneo,random,1,43,0.000000332,0,"","INOVAI-NB-8","CPU info","GCC 13.3.0","2025-10-06 15:41:41"
6000,simultaneo,random,1,43,0.000001272,0,"","INOVAI-NB-8","CPU info","GCC 13.3.0","2025-10-06 15:41:41"
6000,não simultaneo,random,2,44,0.000000322,0,"","INOVAI-NB-8","CPU info","GCC 13.3.0","2025-10-06 15:41:41"
6000,simultaneo,random,2,44,0.000001272,0,"","INOVAI-NB-8","CPU info","GCC 13.3.0","2025-10-06 15:41:41"
6000,não simultaneo,random,3,45,0.000000326,0,"","INOVAI-NB-8","CPU info","GCC 13.3.0","2025-10-06 15:41:41"
6000,simultaneo,random,3,45,0.000001269,0,"","INOVAI-NB-8","CPU info","GCC 13.3.0","2025-10-06 15:41:41"
6000,não simultaneo,random,4,46,0.000000319,0,"","INOVAI-NB-8","CPU info","GCC 13.3.0","2025-10-06 15:41:41"
6000,simultaneo,random,4,46,0.000001265,0,"","INOVAI-NB-8","CPU info","GCC 13.3.0","2025-10-06 15:41:41"
7000,não simultaneo,random,0,42,0.000000388,0,"","INOVAI-NB-8","CPU info","GCC 13.3.0","2025-10-06 15:41:41"
7000,simultaneo,random,0,42,0.000001482,0,"","INOVAI-NB-8","CPU info","GCC 13.3.0","2025-10-06 15:41:41"
7000,não simultaneo,random,1,43,0.000000370,0,"","INOVAI-NB-8","CPU info","GCC 13.3.0","2025-10-06 15:41:41"
7000,simultaneo,random,1,43,0.000001486,0,"","INOVAI-NB-8","CPU info","GCC 13.3.0","2025-10-06 15:41:41"
7000,não simultaneo,random,2,44,0.000000370,0,"","INOVAI-NB-8","CPU info","GCC 13.3.0","2025-10-06 15:41:41"
7000,simultaneo,random,2,44,0.000001497,0,"","INOVAI-NB-8","CPU info","GCC 13.3.0","2025-10-06 15:41:41"
7000,não simultaneo,random,3,45,0.000000386,0,"","INOVAI-NB-8","CPU info","GCC 13.3.0","2025-10-06 15:41:41"
7000,simultaneo,random,3,45,0.000001485,0,"","INOVAI-NB-8","CPU info","GCC 13.3.0","2025-10-06 15:41:41"
7000,não simultaneo,random,4,46,0.000000375,0,"","INOVAI-NB-8","CPU info","GCC 13.3.0","2025-10-06 15:41:41"
7000,simultaneo,random,4,46,0.000001472,0,"","INOVAI-NB-8","CPU info","GCC 13.3.0","2025-10-06 15:41:41"
8000,não simultaneo,random,0,42,0.000000458,0,"","INOVAI-NB-8","CPU info","GCC 13.3.0","2025-10-06 15:41:41"
8000,simultaneo,random,0,42,0.000001697,0,"","INOVAI-NB-8","CPU info","GCC 13.3.0","2025-10-06 15:41:41"
8000,não simultaneo,random,1,43,0.000000443,0,"","INOVAI-NB-8","CPU info","GCC 13.3.0","2025-10-06 15:41:41"
8000,simultaneo,random,1,43,0.000001692,0,"","INOVAI-NB-8","CPU info","GCC 13.3.0","2025-10-06 15:41:41"
8000,não simultaneo,random,2,44,0.000000465,0,"","INOVAI-NB-8","CPU info","GCC 13.3.0","2025-10-06 15:41:41"
8000,simultaneo,random,2,44,0.000001706,0,"","INOVAI-NB-8","CPU info","GCC 13.3.0","2025-10-06 15:41:41"
8000,não simultaneo,random,3,45,0.000000440,0,"","INOVAI-NB-8","CPU info","GCC 13.3.0","2025-10-06 15:41:41"
8000,simultaneo,random,3,45,0.000001695,0,"","INOVAI-NB-8","CPU info","GCC 13.3.0","2025-10-06 15:41:41"
8000,não simultaneo,random,4,46,0.000000425,0,"","INOVAI-NB-8","CPU info","GCC 13.3.0","2025-10-06 15:41:41"
8000,simultaneo,random,4,46,0.000001683,0,"","INOVAI-NB-8","CPU info","GCC 13.3.0","2025-10-06 15:41:41"
9000,não simultaneo,random,0,42,0.000000458,0,"","INOVAI-NB-8","CPU info","GCC 13.3.0","2025-10-06 15:41:41"
9000,simultaneo,random,0,42,0.000001824,0,"","INOVAI-NB-8","CPU info","GCC 13.3.0","2025-10-06 15:41:41"
9000,não simultaneo,random,1,43,0.000000458,0,"","INOVAI-NB-8","CPU info","GCC 13.3.0","2025-10-06 15:41:41"
9000,simultaneo,random,1,43,0.000001826,0,"","INOVAI-NB-8","CPU info","GCC 13.3.0","2025-10-06 15:41:41"
9000,não simultaneo,random,2,44,0.000000442,0,"","INOVAI-NB-8","CPU info","GCC 13.3.0","2025-10-06 15:41:41"
9000,simultaneo,random,2,44,0.000001817,0,"","INOVAI-NB-8","CPU info","GCC 13.3.0","2025-10-06 15:41:41"
9000,não simultaneo,random,3,45,0.000000453,0,"","INOVAI-NB-8","CPU info","GCC 13.3.0","2025-10-06 15:41:41"
9000,simultaneo,random,3,45,0.000001812,0,"","INOVAI-NB-8","CPU info","GCC 13.3.0","2025-10-06 15:41:41"
9000,não simultaneo,random,4,46,0.000000450,0,"","INOVAI-NB-8","CPU info","GCC 13.3.0","2025-10-06 15:41:41"
9000,simultaneo,random,4,46,0.000001823,0,"","INOVAI-NB-8","CPU info","GCC 13.3.0","2025-10-06 15:41:41"
10000,não simultaneo,random,0,42,0.000000587,0,"","INOVAI-NB-8","CPU info","GCC 13.3.0","2025-10-06 15:41:41"
10000,simultaneo,random,0,42,0.000002028,0,"","INOVAI-NB-8","CPU info","GCC 13.3.0","2025-10-06 15:41:41"
10000,não simultaneo,random,1,43,0.000000500,0,"","INOVAI-NB-8","CPU info","GCC 13.3.0","2025-10-06 15:41:41"
10000,simultaneo,random,1,43,0.000002025,0,"","INOVAI-NB-8","CPU info","GCC 13.3.0","2025-10-06 15:41:41"
10000,não simultaneo,random,2,44,0.000000542,0,"","INOVAI-NB-8","CPU info","GCC 13.3.0","2025-10-06 15:41:41"
10000,simultaneo,random,2,44,0.000002027,0,"","INOVAI-NB-8","CPU info","GCC 13.3.0","2025-10-06 15:41:41"
10000,não simultaneo,random,3,45,0.000000491,0,"","INOVAI-NB-8","CPU info","GCC 13.3.0","2025-10-06 15:41:41"
10000,simultaneo,random,3,45,0.000002023,0,"","INOVAI-NB-8","CPU info","GCC 13.3.0","2025-10-06 15:41:41"
10000,não simultaneo,random,4,46,0.000000490,0,"","INOVAI-NB-8","CPU info","GCC 13.3.0","2025-10-06 15:41:41"
10000,simultaneo,random,4,46,0.000002016,0,"","INOVAI-NB-8","CPU info","GCC 13.3.0","2025-10-06 15:41:41"
20000,não simultaneo,random,0,42,0.000001362,0,"","INOVAI-NB-8","CPU info","GCC 13.3.0","2025-10-06 15:41:41"
20000,simultaneo,random,0,42,0.000004021,0,"","INOVAI-NB-8","CPU info","GCC 13.3.0","2025-10-06 15:41:41"
20000,não simultaneo,random,1,43,0.000001411,0,"","INOVAI-NB-8","CPU info","GCC 13.3.0","2025-10-06 15:41:41"
20000,simultaneo,random,1,43,0.000004035,0,"","INOVAI-NB-8","CPU info","GCC 13.3.0","2025-10-06 15:41:41"
20000,não simultaneo,random,2,44,0.000001410,0,"","INOVAI-NB-8","CPU info","GCC 13.3.0","2025-10-06 15:41:41"
20000,simultaneo,random,2,44,0.000004021,0,"","INOVAI-NB-8","CPU info","GCC 13.3.0","2025-10-06 15:41:41"
20000,não simultaneo,random,3,45,0.000001400,0,"","INOVAI-NB-8","CPU info","GCC 13.3.0","2025-10-06 15:41:41"
20000,simultaneo,random,3,45,0.000004015,0,"","INOVAI-NB-8","CPU info","GCC 13.3.0","2025-10-06 15:41:41"
20000,não simultaneo,random,4,46,0.000001384,0,"","INOVAI-NB-8","CPU info","GCC 13.3.0","2025-10-06 15:41:41"
20000,simultaneo,random,4,46,0.000004019,0,"","INOVAI-NB-8","CPU info","GCC 13.3.0","2025-10-06 15:41:41"
30000,não simultaneo,random,0,42,0.000001938,0,"","INOVAI-NB-8","CPU info","GCC 13.3.0","2025-10-06 15:41:41"
30000,simultaneo,random,0,42,0.000006028,0,"","INOVAI-NB-8","CPU info","GCC 13.3.0","2025-10-06 15:41:41"
30000,não simultaneo,random,1,43,0.000002053,0,"","INOVAI-NB-8","CPU info","GCC 13.3.0","2025-10-06 15:41:41"
30000,simultaneo,random,1,43,0.000006033,0,"","INOVAI-NB-8","CPU info","GCC 13.3.0","2025-10-06 15:41:41"
30000,não simultaneo,random,2,44,0.000001989,0,"","INOVAI-NB-8","CPU info","GCC 13.3.0","2025-10-06 15:41:41"
30000,simultaneo,random,2,44,0.000006018,0,"","INOVAI-NB-8","CPU info","GCC 13.3.0","2025-10-06 15:41:41"
30000,não simultaneo,random,3,45,0.000001960,0,"","INOVAI-NB-8","CPU info","GCC 13.3.0","2025-10-06 15:41:41"
30000,simultaneo,random,3,45,0.000006016,0,"","INOVAI-NB-8","CPU info","GCC 13.3.0","2025-10-06 15:41:41"
30000,não simultaneo,random,4,46,0.000001992,0,"","INOVAI-NB-8","CPU info","GCC 13.3.0","2025-10-06 15:41:41"
30000,simultaneo,random,4,46,0.000006034,0,"","INOVAI-NB-8","CPU info","GCC 13.3.0","2025-10-06 15:41:41"
40000,não simultaneo,random,0,42,0.000002551,0,"","INOVAI-NB-8","CPU info","GCC 13.3.0","2025-10-06 15:41:41"
40000,simultaneo,random,0,42,0.000008025,0,"","INOVAI-NB-8","CPU info","GCC 13.3.0","2025-10-06 15:41:41"
40000,não simultaneo,random,1,43,0.000002652,0,"","INOVAI-NB-8","CPU info","GCC 13.3.0","2025-10-06 15:41:41"
40000,simultaneo,random,1,43,0.000008033,0,"","INOVAI-NB-8","CPU info","GCC 13.3.0","2025-10-06 15:41:41"
40000,não simultaneo,random,2,44,0.000002577,0,"","INOVAI-NB-8","CPU info","GCC 13.3.0","2025-10-06 15:41:41"
40000,simultaneo,random,2,44,0.000008028,0,"","INOVAI-NB-8","CPU info","GCC 13.3.0","2025-10-06 15:41:41"
40000,não simultaneo,random,3,45,0.000002511,0,"","INOVAI-NB-8","CPU info","GCC 13.3.0","2025-10-06 15:41:41"
40000,simultaneo,random,3,45,0.000008034,0,"","INOVAI-NB-8","CPU info","GCC 13.3.0","2025-10-06 15:41:41"
40000,não simultaneo,random,4,46,0.000002574,0,"","INOVAI-NB-8","CPU info","GCC 13.3.0","2025-10-06 15:41:41"
40000,simultaneo,random,4,46,0.000008016,0,"","INOVAI-NB-8","CPU info","GCC 13.3.0","2025-10-06 15:41:41"
50000,não simultaneo,random,0,42,0.000003811,0,"","INOVAI-NB-8","CPU info","GCC 13.3.0","2025-10-06 15:41:41"
50000,simultaneo,random,0,42,0.000010016,0,"","INOVAI-NB-8","CPU info","GCC 13.3.0","2025-10-06 15:41:41"
50000,não simultaneo,random,1,43,0.000003171,0,"","INOVAI-NB-8","CPU info","GCC 13.3.0","2025-10-06 15:41:41"
50000,simultaneo,random,1,43,0.000016001,0,"","INOVAI-NB-8","CPU info","GCC 13.3.0","2025-10-06 15:41:41"
50000,não simultaneo,random,2,44,0.000003186,0,"","INOVAI-NB-8","CPU info","GCC 13.3.0","2025-10-06 15:41:41"
50000,simultaneo,random,2,44,0.000010003,0,"","INOVAI-NB-8","CPU info","GCC 13.3.0","2025-10-06 15:41:41"
50000,não simultaneo,random,3,45,0.000003158,0,"","INOVAI-NB-8","CPU info","GCC 13.3.0","2025-10-06 15:41:41"
50000,simultaneo,random,3,45,0.000010012,0,"","INOVAI-NB-8","CPU info","GCC 13.3.0","2025-10-06 15:41:41"
50000,não simultaneo,random,4,46,0.000003153,0,"","INOVAI-NB-8","CPU info","GCC 13.3.0","2025-10-06 15:41:41"
50000,simultaneo,random,4,46,0.000010027,0,"","INOVAI-NB-8","CPU info","GCC 13.3.0","2025-10-06 15:41:41"
60000,não simultaneo,random,0,42,0.000003719,0,"","INOVAI-NB-8","CPU info","GCC 13.3.0","2025-10-06 15:41:41"
60000,simultaneo,random,0,42,0.000012006,0,"","INOVAI-NB-8","CPU info","GCC 13.3.0","2025-10-06 15:41:41"
60000,não simultaneo,random,1,43,0.000003728,0,"","INOVAI-NB-8","CPU info","GCC 13.3.0","2025-10-06 15:41:41"
60000,simultaneo,random,1,43,0.000012024,0,"","INOVAI-NB-8","CPU info","GCC 13.3.0","2025-10-06 15:41:41"
60000,não simultaneo,random,2,44,0.000003734,0,"","INOVAI-NB-8","CPU info","GCC 13.3.0","2025-10-06 15:41:41"
60000,simultaneo,random,2,44,0.000011983,0,"","INOVAI-NB-8","CPU info","GCC 13.3.0","2025-10-06 15:41:41"
60000,não simultaneo,random,3,45,0.000003727,0,"","INOVAI-NB-8","CPU info","GCC 13.3.0","2025-10-06 15:41:41"
60000,simultaneo,random,3,45,0.000012026,0,"","INOVAI-NB-8","CPU info","GCC 13.3.0","2025-10-06 15:41:41"
60000,não simultaneo,random,4,46,0.000003737,0,"","INOVAI-NB-8","CPU info","GCC 13.3.0","2025-10-06 15:41:41"
60000,simultaneo,random,4,46,0.000011986,0,"","INOVAI-NB-8","CPU info","GCC 13.3.0","2025-10-06 15:41:41"
70000,não simultaneo,random,0,42,0.000004437,0,"","INOVAI-NB-8","CPU info","GCC 13.3.0","2025-10-06 15:41:41"
70000,simultaneo,random,0,42,0.000014312,0,"","INOVAI-NB-8","CPU info","GCC 13.3.0","2025-10-06 15:41:41"
70000,não simultaneo,random,1,43,0.000004428,0,"","INOVAI-NB-8","CPU info","GCC 13.3.0","2025-10-06 15:41:41"
70000,simultaneo,random,1,43,0.000014302,0,"","INOVAI-NB-8","CPU info","GCC 13.3.0","2025-10-06 15:41:41"
70000,não simultaneo,random,2,44,0.000004502,0,"","INOVAI-NB-8","CPU info","GCC 13.3.0","2025-10-06 15:41:41"
70000,simultaneo,random,2,44,0.000014588,0,"","INOVAI-NB-8","CPU info","GCC 13.3.0","2025-10-06 15:41:41"
70000,não simultaneo,random,3,45,0.000004500,0,"","INOVAI-NB-8","CPU info","GCC 13.3.0","2025-10-06 15:41:41"
70000,simultaneo,random,3,45,0.000014619,0,"","INOVAI-NB-8","CPU info","GCC 13.3.0","2025-10-06 15:41:41"
70000,não simultaneo,random,4,46,0.000004546,0,"","INOVAI-NB-8","CPU info","GCC 13.3.0","2025-10-06 15:41:41"
70000,simultaneo,random,4,46,0.000014592,0,"","INOVAI-NB-8","CPU info","GCC 13.3.0","2025-10-06 15:41:41"
80000,não simultaneo,random,0,42,0.000005796,0,"","INOVAI-NB-8","CPU info","GCC 13.3.0","2025-10-06 15:41:41"
80000,simultaneo,random,0,42,0.000016357,0,"","INOVAI-NB-8","CPU info","GCC 13.3.0","2025-10-06 15:41:41"
80000,não simultaneo,random,1,43,0.000008125,0,"","INOVAI-NB-8","CPU info","GCC 13.3.0","2025-10-06 15:41:41"
80000,simultaneo,random,1,43,0.000019771,0,"","INOVAI-NB-8","CPU info","GCC 13.3.0","2025-10-06 15:41:41"
80000,não simultaneo,random,2,44,0.000008810,0,"","INOVAI-NB-8","CPU info","GCC 13.3.0","2025-10-06 15:41:41"
80000,simultaneo,random,2,44,0.000016699,0,"","INOVAI-NB-8","CPU info","GCC 13.3.0","2025-10-06 15:41:41"
80000,não simultaneo,random,3,45,0.000005273,0,"","INOVAI-NB-8","CPU info","GCC 13.3.0","2025-10-06 15:41:41"
80000,simultaneo,random,3,45,0.000016348,0,"","INOVAI-NB-8","CPU info","GCC 13.3.0","2025-10-06 15:41:41"
80000,não simultaneo,random,4,46,0.000005393,0,"","INOVAI-NB-8","CPU info","GCC 13.3.0","2025-10-06 15:41:41"
80000,simultaneo,random,4,46,0.000016694,0,"","INOVAI-NB-8","CPU info","GCC 13.3.0","2025-10-06 15:41:41"
90000,não simultaneo,random,0,42,0.000005863,0,"","INOVAI-NB-8","CPU info","GCC 13.3.0","2025-10-06 15:41:41"
90000,simultaneo,random,0,42,0.000019178,0,"","INOVAI-NB-8","CPU info","GCC 13.3.0","2025-10-06 15:41:41"
90000,não simultaneo,random,1,43,0.000005845,0,"","INOVAI-NB-8","CPU info","GCC 13.3.0","2025-10-06 15:41:41"
90000,simultaneo,random,1,43,0.000022435,0,"","INOVAI-NB-8","CPU info","GCC 13.3.0","2025-10-06 15:41:41"
90000,não simultaneo,random,2,44,0.000006385,0,"","INOVAI-NB-8","CPU info","GCC 13.3.0","2025-10-06 15:41:41"
90000,simultaneo,random,2,44,0.000020007,0,"","INOVAI-NB-8","CPU info","GCC 13.3.0","2025-10-06 15:41:41"
90000,não simultaneo,random,3,45,0.000007339,0,"","INOVAI-NB-8","CPU info","GCC 13.3.0","2025-10-06 15:41:41"
90000,simultaneo,random,3,45,0.000019635,0,"","INOVAI-NB-8","CPU info","GCC 13.3.0","2025-10-06 15:41:41"
90000,não simultaneo,random,4,46,0.000008199,0,"","INOVAI-NB-8","CPU info","GCC 13.3.0","2025-10-06 15:41:41"
90000,simultaneo,random,4,46,0.000020707,0,"","INOVAI-NB-8","CPU info","GCC 13.3.0","2025-10-06 15:41:41"
100000,não simultaneo,random,0,42,0.000006865,0,"","INOVAI-NB-8","CPU info","GCC 13.3.0","2025-10-06 15:41:41"
100000,simultaneo,random,0,42,0.000022385,0,"","INOVAI-NB-8","CPU info","GCC 13.3.0","2025-10-06 15:41:41"
100000,não simultaneo,random,1,43,0.000007437,0,"","INOVAI-NB-8","CPU info","GCC 13.3.0","2025-10-06 15:41:41"
100000,simultaneo,random,1,43,0.000022228,0,"","INOVAI-NB-8","CPU info","GCC 13.3.0","2025-10-06 15:41:41"
100000,não simultaneo,random,2,44,0.000008460,0,"","INOVAI-NB-8","CPU info","GCC 13.3.0","2025-10-06 15:41:41"
100000,simultaneo,random,2,44,0.000022038,0,"","INOVAI-NB-8","CPU info","GCC 13.3.0","2025-10-06 15:41:41"
100000,não simultaneo,random,3,45,0.000007397,0,"","INOVAI-NB-8","CPU info","GCC 13.3.0","2025-10-06 15:41:41"
100000,simultaneo,random,3,45,0.000034668,0,"","INOVAI-NB-8","CPU info","GCC 13.3.0","2025-10-06 15:41:41"
100000,não simultaneo,random,4,46,0.000007600,0,"","INOVAI-NB-8","CPU info","GCC 13.3.0","2025-10-06 15:41:41"
100000,simultaneo,random,4,46,0.000022392,0,"","INOVAI-NB-8","CPU info","GCC 13.3.0","2025-10-06 15:41:41"
200000,não simultaneo,random,0,42,0.000013458,0,"","INOVAI-NB-8","CPU info","GCC 13.3.0","2025-10-06 15:41:41"
200000,simultaneo,random,0,42,0.000043617,0,"","INOVAI-NB-8","CPU info","GCC 13.3.0","2025-10-06 15:41:41"
200000,não simultaneo,random,1,43,0.000017118,0,"","INOVAI-NB-8","CPU info","GCC 13.3.0","2025-10-06 15:41:41"
200000,simultaneo,random,1,43,0.000043999,0,"","INOVAI-NB-8","CPU info","GCC 13.3.0","2025-10-06 15:41:41"
200000,não simultaneo,random,2,44,0.000021444,0,"","INOVAI-NB-8","CPU info","GCC 13.3.0","2025-10-06 15:41:41"
200000,simultaneo,random,2,44,0.000043613,0,"","INOVAI-NB-8","CPU info","GCC 13.3.0","2025-10-06 15:41:41"
200000,não simultaneo,random,3,45,0.000022983,0,"","INOVAI-NB-8","CPU info","GCC 13.3.0","2025-10-06 15:41:41"
200000,simultaneo,random,3,45,0.000043683,0,"","INOVAI-NB-8","CPU info","GCC 13.3.0","2025-10-06 15:41:41"
200000,não simultaneo,random,4,46,0.000019635,0,"","INOVAI-NB-8","CPU info","GCC 13.3.0","2025-10-06 15:41:41"
200000,simultaneo,random,4,46,0.000042652,0,"","INOVAI-NB-8","CPU info","GCC 13.3.0","2025-10-06 15:41:41"
300000,não simultaneo,random,0,42,0.000038210,0,"","INOVAI-NB-8","CPU info","GCC 13.3.0","2025-10-06 15:41:41"
300000,simultaneo,random,0,42,0.000064269,0,"","INOVAI-NB-8","CPU info","GCC 13.3.0","2025-10-06 15:41:41"
300000,não simultaneo,random,1,43,0.000022860,0,"","INOVAI-NB-8","CPU info","GCC 13.3.0","2025-10-06 15:41:41"
300000,simultaneo,random,1,43,0.000065540,0,"","INOVAI-NB-8","CPU info","GCC 13.3.0","2025-10-06 15:41:41"
300000,não simultaneo,random,2,44,0.000021905,0,"","INOVAI-NB-8","CPU info","GCC 13.3.0","2025-10-06 15:41:41"
300000,simultaneo,random,2,44,0.000072123,0,"","INOVAI-NB-8","CPU info","GCC 13.3.0","2025-10-06 15:41:41"
300000,não simultaneo,random,3,45,0.000020526,0,"","INOVAI-NB-8","CPU info","GCC 13.3.0","2025-10-06 15:41:41"
300000,simultaneo,random,3,45,0.000068662,0,"","INOVAI-NB-8","CPU info","GCC 13.3.0","2025-10-06 15:41:41"
300000,não simultaneo,random,4,46,0.000021303,0,"","INOVAI-NB-8","CPU info","GCC 13.3.0","2025-10-06 15:41:41"
300000,simultaneo,random,4,46,0.000068490,0,"","INOVAI-NB-8","CPU info","GCC 13.3.0","2025-10-06 15:41:41"
400000,não simultaneo,random,0,42,0.000035877,0,"","INOVAI-NB-8","CPU info","GCC 13.3.0","2025-10-06 15:41:41"
400000,simultaneo,random,0,42,0.000094157,0,"","INOVAI-NB-8","CPU info","GCC 13.3.0","2025-10-06 15:41:41"
400000,não simultaneo,random,1,43,0.000036232,0,"","INOVAI-NB-8","CPU info","GCC 13.3.0","2025-10-06 15:41:41"
400000,simultaneo,random,1,43,0.000091609,0,"","INOVAI-NB-8","CPU info","GCC 13.3.0","2025-10-06 15:41:41"
400000,não simultaneo,random,2,44,0.000034798,0,"","INOVAI-NB-8","CPU info","GCC 13.3.0","2025-10-06 15:41:41"
400000,simultaneo,random,2,44,0.000093553,0,"","INOVAI-NB-8","CPU info","GCC 13.3.0","2025-10-06 15:41:41"
400000,não simultaneo,random,3,45,0.000030839,0,"","INOVAI-NB-8","CPU info","GCC 13.3.0","2025-10-06 15:41:41"
400000,simultaneo,random,3,45,0.000093540,0,"","INOVAI-NB-8","CPU info","GCC 13.3.0","2025-10-06 15:41:41"
400000,não simultaneo,random,4,46,0.000050800,0,"","INOVAI-NB-8","CPU info","GCC 13.3.0","2025-10-06 15:41:41"
400000,simultaneo,random,4,46,0.000093724,0,"","INOVAI-NB-8","CPU info","GCC 13.3.0","2025-10-06 15:41:41"
500000,não simultaneo,random,0,42,0.000051957,0,"","INOVAI-NB-8","CPU info","GCC 13.3.0","2025-10-06 15:41:41"
500000,simultaneo,random,0,42,0.000112792,0,"","INOVAI-NB-8","CPU info","GCC 13.3.0","2025-10-06 15:41:41"
500000,não simultaneo,random,1,43,0.000050944,0,"","INOVAI-NB-8","CPU info","GCC 13.3.0","2025-10-06 15:41:41"
500000,simultaneo,random,1,43,0.000118937,0,"","INOVAI-NB-8","CPU info","GCC 13.3.0","2025-10-06 15:41:41"
500000,não simultaneo,random,2,44,0.000052133,0,"","INOVAI-NB-8","CPU info","GCC 13.3.0","2025-10-06 15:41:41"
500000,simultaneo,random,2,44,0.000118266,0,"","INOVAI-NB-8","CPU info","GCC 13.3.0","2025-10-06 15:41:41"
500000,não simultaneo,random,3,45,0.000047980,0,"","INOVAI-NB-8","CPU info","GCC 13.3.0","2025-10-06 15:41:41"
500000,simultaneo,random,3,45,0.000119774,0,"","INOVAI-NB-8","CPU info","GCC 13.3.0","2025-10-06 15:41:41"
500000,não simultaneo,random,4,46,0.000058941,0,"","INOVAI-NB-8","CPU info","GCC 13.3.0","2025-10-06 15:41:41"
500000,simultaneo,random,4,46,0.000117030,0,"","INOVAI-NB-8","CPU info","GCC 13.3.0","2025-10-06 15:41:41"
600000,não simultaneo,random,0,42,0.000072867,0,"","INOVAI-NB-8","CPU info","GCC 13.3.0","2025-10-06 15:41:41"
600000,simultaneo,random,0,42,0.000140792,0,"","INOVAI-NB-8","CPU info","GCC 13.3.0","2025-10-06 15:41:41"
600000,não simultaneo,random,1,43,0.000069935,0,"","INOVAI-NB-8","CPU info","GCC 13.3.0","2025-10-06 15:41:41"
600000,simultaneo,random,1,43,0.000140682,0,"","INOVAI-NB-8","CPU info","GCC 13.3.0","2025-10-06 15:41:41"
600000,não simultaneo,random,2,44,0.000071092,0,"","INOVAI-NB-8","CPU info","GCC 13.3.0","2025-10-06 15:41:41"
600000,simultaneo,random,2,44,0.000165211,0,"","INOVAI-NB-8","CPU info","GCC 13.3.0","2025-10-06 15:41:41"
600000,não simultaneo,random,3,45,0.000065390,0,"","INOVAI-NB-8","CPU info","GCC 13.3.0","2025-10-06 15:41:41"
600000,simultaneo,random,3,45,0.000153818,0,"","INOVAI-NB-8","CPU info","GCC 13.3.0","2025-10-06 15:41:41"
600000,não simultaneo,random,4,46,0.000065137,0,"","INOVAI-NB-8","CPU info","GCC 13.3.0","2025-10-06 15:41:41"
600000,simultaneo,random,4,46,0.000143847,0,"","INOVAI-NB-8","CPU info","GCC 13.3.0","2025-10-06 15:41:41"
700000,não simultaneo,random,0,42,0.000081683,0,"","INOVAI-NB-8","CPU info","GCC 13.3.0","2025-10-06 15:41:41"
700000,simultaneo,random,0,42,0.000163400,0,"","INOVAI-NB-8","CPU info","GCC 13.3.0","2025-10-06 15:41:41"
700000,não simultaneo,random,1,43,0.000081708,0,"","INOVAI-NB-8","CPU info","GCC 13.3.0","2025-10-06 15:41:41"
700000,simultaneo,random,1,43,0.000163980,0,"","INOVAI-NB-8","CPU info","GCC 13.3.0","2025-10-06 15:41:41"
700000,não simultaneo,random,2,44,0.000082239,0,"","INOVAI-NB-8","CPU info","GCC 13.3.0","2025-10-06 15:41:41"
700000,simultaneo,random,2,44,0.000167951,0,"","INOVAI-NB-8","CPU info","GCC 13.3.0","2025-10-06 15:41:41"
700000,não simultaneo,random,3,45,0.000081647,0,"","INOVAI-NB-8","CPU info","GCC 13.3.0","2025-10-06 15:41:41"
700000,simultaneo,random,3,45,0.000163884,0,"","INOVAI-NB-8","CPU info","GCC 13.3.0","2025-10-06 15:41:41"
700000,não simultaneo,random,4,46,0.000081452,0,"","INOVAI-NB-8","CPU info","GCC 13.3.0","2025-10-06 15:41:41"
700000,simultaneo,random,4,46,0.000167852,0,"","INOVAI-NB-8","CPU info","GCC 13.3.0","2025-10-06 15:41:41"
800000,não simultaneo,random,0,42,0.000113502,0,"","INOVAI-NB-8","CPU info","GCC 13.3.0","2025-10-06 15:41:41"
800000,simultaneo,random,0,42,0.000197524,0,"","INOVAI-NB-8","CPU info","GCC 13.3.0","2025-10-06 15:41:41"
800000,não simultaneo,random,1,43,0.000105796,0,"","INOVAI-NB-8","CPU info","GCC 13.3.0","2025-10-06 15:41:41"
800000,simultaneo,random,1,43,0.000200015,0,"","INOVAI-NB-8","CPU info","GCC 13.3.0","2025-10-06 15:41:41"
800000,não simultaneo,random,2,44,0.000097029,0,"","INOVAI-NB-8","CPU info","GCC 13.3.0","2025-10-06 15:41:41"
800000,simultaneo,random,2,44,0.000199369,0,"","INOVAI-NB-8","CPU info","GCC 13.3.0","2025-10-06 15:41:41"
800000,não simultaneo,random,3,45,0.000105655,0,"","INOVAI-NB-8","CPU info","GCC 13.3.0","2025-10-06 15:41:41"
800000,simultaneo,random,3,45,0.000205553,0,"","INOVAI-NB-8","CPU info","GCC 13.3.0","2025-10-06 15:41:41"
800000,não simultaneo,random,4,46,0.000102595,0,"","INOVAI-NB-8","CPU info","GCC 13.3.0","2025-10-06 15:41:41"
800000,simultaneo,random,4,46,0.000191762,0,"","INOVAI-NB-8","CPU info","GCC 13.3.0","2025-10-06 15:41:41"
900000,não simultaneo,random,0,42,0.000108431,0,"","INOVAI-NB-8","CPU info","GCC 13.3.0","2025-10-06 15:41:41"
900000,simultaneo,random,0,42,0.000209000,0,"","INOVAI-NB-8","CPU info","GCC 13.3.0","2025-10-06 15:41:41"
900000,não simultaneo,random,1,43,0.000120981,0,"","INOVAI-NB-8","CPU info","GCC 13.3.0","2025-10-06 15:41:41"
900000,simultaneo,random,1,43,0.000211028,0,"","INOVAI-NB-8","CPU info","GCC 13.3.0","2025-10-06 15:41:41"
900000,não simultaneo,random,2,44,0.000114985,0,"","INOVAI-NB-8","CPU info","GCC 13.3.0","2025-10-06 15:41:41"
900000,simultaneo,random,2,44,0.000384607,0,"","INOVAI-NB-8","CPU info","GCC 13.3.0","2025-10-06 15:41:41"
900000,não simultaneo,random,3,45,0.000110721,0,"","INOVAI-NB-8","CPU info","GCC 13.3.0","2025-10-06 15:41:41"
900000,simultaneo,random,3,45,0.000215735,0,"","INOVAI-NB-8","CPU info","GCC 13.3.0","2025-10-06 15:41:41"
900000,não simultaneo,random,4,46,0.000120413,0,"","INOVAI-NB-8","CPU info","GCC 13.3.0","2025-10-06 15:41:41"
900000,simultaneo,random,4,46,0.000215944,0,"","INOVAI-NB-8","CPU info","GCC 13.3.0","2025-10-06 15:41:41"
1000000,não simultaneo,random,0,42,0.000138355,0,"","INOVAI-NB-8","CPU info","GCC 13.3.0","2025-10-06 15:41:41"
1000000,simultaneo,random,0,42,0.000249911,0,"","INOVAI-NB-8","CPU info","GCC 13.3.0","2025-10-06 15:41:41"
1000000,não simultaneo,random,1,43,0.000124999,0,"","INOVAI-NB-8","CPU info","GCC 13.3.0","2025-10-06 15:41:41"
1000000,simultaneo,random,1,43,0.000240315,0,"","INOVAI-NB-8","CPU info","GCC 13.3.0","2025-10-06 15:41:41"
1000000,não simultaneo,random,2,44,0.000122473,0,"","INOVAI-NB-8","CPU info","GCC 13.3.0","2025-10-06 15:41:41"
1000000,simultaneo,random,2,44,0.000239705,0,"","INOVAI-NB-8","CPU info","GCC 13.3.0","2025-10-06 15:41:41"
1000000,não simultaneo,random,3,45,0.000126586,0,"","INOVAI-NB-8","CPU info","GCC 13.3.0","2025-10-06 15:41:41"
1000000,simultaneo,random,3,45,0.000239777,0,"","INOVAI-NB-8","CPU info","GCC 13.3.0","2025-10-06 15:41:41"
1000000,não simultaneo,random,4,46,0.000242436,0,"","INOVAI-NB-8","CPU info","GCC 13.3.0","2025-10-06 15:41:41"
1000000,simultaneo,random,4,46,0.000327580,0,"","INOVAI-NB-8","CPU info","GCC 13.3.0","2025-10-06 15:41:41"
2000000,não simultaneo,random,0,42,0.000531361,0,"","INOVAI-NB-8","CPU info","GCC 13.3.0","2025-10-06 15:41:41"
2000000,simultaneo,random,0,42,0.000670802,0,"","INOVAI-NB-8","CPU info","GCC 13.3.0","2025-10-06 15:41:41"
2000000,não simultaneo,random,1,43,0.000301919,0,"","INOVAI-NB-8","CPU info","GCC 13.3.0","2025-10-06 15:41:41"
2000000,simultaneo,random,1,43,0.000527045,0,"","INOVAI-NB-8","CPU info","GCC 13.3.0","2025-10-06 15:41:41"
2000000,não simultaneo,random,2,44,0.000277314,0,"","INOVAI-NB-8","CPU info","GCC 13.3.0","2025-10-06 15:41:41"
2000000,simultaneo,random,2,44,0.000540795,0,"","INOVAI-NB-8","CPU info","GCC 13.3.0","2025-10-06 15:41:41"
2000000,não simultaneo,random,3,45,0.000298274,0,"","INOVAI-NB-8","CPU info","GCC 13.3.0","2025-10-06 15:41:41"
2000000,simultaneo,random,3,45,0.000571950,0,"","INOVAI-NB-8","CPU info","GCC 13.3.0","2025-10-06 15:41:41"
2000000,não simultaneo,random,4,46,0.000295817,0,"","INOVAI-NB-8","CPU info","GCC 13.3.0","2025-10-06 15:41:41"
2000000,simultaneo,random,4,46,0.000581202,0,"","INOVAI-NB-8","CPU info","GCC 13.3.0","2025-10-06 15:41:41"
3000000,não simultaneo,random,0,42,0.000530504,0,"","INOVAI-NB-8","CPU info","GCC 13.3.0","2025-10-06 15:41:41"
3000000,simultaneo,random,0,42,0.000995665,0,"","INOVAI-NB-8","CPU info","GCC 13.3.0","2025-10-06 15:41:41"
3000000,não simultaneo,random,1,43,0.000720207,0,"","INOVAI-NB-8","CPU info","GCC 13.3.0","2025-10-06 15:41:41"
3000000,simultaneo,random,1,43,0.000958638,0,"","INOVAI-NB-8","CPU info","GCC 13.3.0","2025-10-06 15:41:41"
3000000,não simultaneo,random,2,44,0.000567356,0,"","INOVAI-NB-8","CPU info","GCC 13.3.0","2025-10-06 15:41:41"
3000000,simultaneo,random,2,44,0.001008096,0,"","INOVAI-NB-8","CPU info","GCC 13.3.0","2025-10-06 15:41:41"
3000000,não simultaneo,random,3,45,0.000569714,0,"","INOVAI-NB-8","CPU info","GCC 13.3.0","2025-10-06 15:41:41"
3000000,simultaneo,random,3,45,0.000910150,0,"","INOVAI-NB-8","CPU info","GCC 13.3.0","2025-10-06 15:41:41"
3000000,não simultaneo,random,4,46,0.000737848,0,"","INOVAI-NB-8","CPU info","GCC 13.3.0","2025-10-06 15:41:41"
3000000,simultaneo,random,4,46,0.001108766,0,"","INOVAI-NB-8","CPU info","GCC 13.3.0","2025-10-06 15:41:41"
4000000,não simultaneo,random,0,42,0.000868317,0,"","INOVAI-NB-8","CPU info","GCC 13.3.0","2025-10-06 15:41:41"
4000000,simultaneo,random,0,42,0.001201372,0,"","INOVAI-NB-8","CPU info","GCC 13.3.0","2025-10-06 15:41:41"
4000000,não simultaneo,random,1,43,0.000769214,0,"","INOVAI-NB-8","CPU info","GCC 13.3.0","2025-10-06 15:41:41"
4000000,simultaneo,random,1,43,0.001158286,0,"","INOVAI-NB-8","CPU info","GCC 13.3.0","2025-10-06 15:41:41"
4000000,não simultaneo,random,2,44,0.000837588,0,"","INOVAI-NB-8","CPU info","GCC 13.3.0","2025-10-06 15:41:41"
4000000,simultaneo,random,2,44,0.001326633,0,"","INOVAI-NB-8","CPU info","GCC 13.3.0","2025-10-06 15:41:41"
4000000,não simultaneo,random,3,45,0.000753272,0,"","INOVAI-NB-8","CPU info","GCC 13.3.0","2025-10-06 15:41:41"
4000000,simultaneo,random,3,45,0.001067468,0,"","INOVAI-NB-8","CPU info","GCC 13.3.0","2025-10-06 15:41:41"
4000000,não simultaneo,random,4,46,0.001154866,0,"","INOVAI-NB-8","CPU info","GCC 13.3.0","2025-10-06 15:41:41"
4000000,simultaneo,random,4,46,0.001286654,0,"","INOVAI-NB-8","CPU info","GCC 13.3.0","2025-10-06 15:41:41"
5000000,não simultaneo,random,0,42,0.001434195,0,"","INOVAI-NB-8","CPU info","GCC 13.3.0","2025-10-06 15:41:41"
5000000,simultaneo,random,0,42,0.001769832,0,"","INOVAI-NB-8","CPU info","GCC 13.3.0","2025-10-06 15:41:41"
5000000,não simultaneo,random,1,43,0.001202399,0,"","INOVAI-NB-8","CPU info","GCC 13.3.0","2025-10-06 15:41:41"
5000000,simultaneo,random,1,43,0.001827016,0,"","INOVAI-NB-8","CPU info","GCC 13.3.0","2025-10-06 15:41:41"
5000000,não simultaneo,random,2,44,0.001335997,0,"","INOVAI-NB-8","CPU info","GCC 13.3.0","2025-10-06 15:41:41"
5000000,simultaneo,random,2,44,0.001774199,0,"","INOVAI-NB-8","CPU info","GCC 13.3.0","2025-10-06 15:41:41"
5000000,não simultaneo,random,3,45,0.001425348,0,"","INOVAI-NB-8","CPU info","GCC 13.3.0","2025-10-06 15:41:41"
5000000,simultaneo,random,3,45,0.001556425,0,"","INOVAI-NB-8","CPU info","GCC 13.3.0","2025-10-06 15:41:41"
5000000,não simultaneo,random,4,46,0.001486071,0,"","INOVAI-NB-8","CPU info","GCC 13.3.0","2025-10-06 15:41:41"
5000000,simultaneo,random,4,46,0.001692553,0,"","INOVAI-NB-8","CPU info","GCC 13.3.0","2025-10-06 15:41:41"
6000000,não simultaneo,random,0,42,0.001674170,0,"","INOVAI-NB-8","CPU info","GCC 13.3.0","2025-10-06 15:41:41"
6000000,simultaneo,random,0,42,0.001949938,0,"","INOVAI-NB-8","CPU info","GCC 13.3.0","2025-10-06 15:41:41"
6000000,não simultaneo,random,1,43,0.001533031,0,"","INOVAI-NB-8","CPU info","GCC 13.3.0","2025-10-06 15:41:41"
6000000,simultaneo,random,1,43,0.001922562,0,"","INOVAI-NB-8","CPU info","GCC 13.3.0","2025-10-06 15:41:41"
6000000,não simultaneo,random,2,44,0.001836446,0,"","INOVAI-NB-8","CPU info","GCC 13.3.0","2025-10-06 15:41:41"
6000000,simultaneo,random,2,44,0.001875842,0,"","INOVAI-NB-8","CPU info","GCC 13.3.0","2025-10-06 15:41:41"
6000000,não simultaneo,random,3,45,0.001571866,0,"","INOVAI-NB-8","CPU info","GCC 13.3.0","2025-10-06 15:41:41"
6000000,simultaneo,random,3,45,0.001872018,0,"","INOVAI-NB-8","CPU info","GCC 13.3.0","2025-10-06 15:41:41"
6000000,não simultaneo,random,4,46,0.002129615,0,"","INOVAI-NB-8","CPU info","GCC 13.3.0","2025-10-06 15:41:41"
6000000,simultaneo,random,4,46,0.002471959,0,"","INOVAI-NB-8","CPU info","GCC 13.3.0","2025-10-06 15:41:41"
7000000,não simultaneo,random,0,42,0.002141829,0,"","INOVAI-NB-8","CPU info","GCC 13.3.0","2025-10-06 15:41:41"
7000000,simultaneo,random,0,42,0.002231001,0,"","INOVAI-NB-8","CPU info","GCC 13.3.0","2025-10-06 15:41:41"
7000000,não simultaneo,random,1,43,0.002362382,0,"","INOVAI-NB-8","CPU info","GCC 13.3.0","2025-10-06 15:41:41"
7000000,simultaneo,random,1,43,0.002286135,0,"","INOVAI-NB-8","CPU info","GCC 13.3.0","2025-10-06 15:41:41"
7000000,não simultaneo,random,2,44,0.002259497,0,"","INOVAI-NB-8","CPU info","GCC 13.3.0","2025-10-06 15:41:41"
7000000,simultaneo,random,2,44,0.002395715,0,"","INOVAI-NB-8","CPU info","GCC 13.3.0","2025-10-06 15:41:41"
7000000,não simultaneo,random,3,45,0.002491628,0,"","INOVAI-NB-8","CPU info","GCC 13.3.0","2025-10-06 15:41:41"
7000000,simultaneo,random,3,45,0.002463685,0,"","INOVAI-NB-8","CPU info","GCC 13.3.0","2025-10-06 15:41:41"
7000000,não simultaneo,random,4,46,0.002461671,0,"","INOVAI-NB-8","CPU info","GCC 13.3.0","2025-10-06 15:41:41"
7000000,simultaneo,random,4,46,0.002401574,0,"","INOVAI-NB-8","CPU info","GCC 13.3.0","2025-10-06 15:41:41"
8000000,não simultaneo,random,0,42,0.002819972,0,"","INOVAI-NB-8","CPU info","GCC 13.3.0","2025-10-06 15:41:41"
8000000,simultaneo,random,0,42,0.002669004,0,"","INOVAI-NB-8","CPU info","GCC 13.3.0","2025-10-06 15:41:41"
8000000,não simultaneo,random,1,43,0.003751839,0,"","INOVAI-NB-8","CPU info","GCC 13.3.0","2025-10-06 15:41:41"
8000000,simultaneo,random,1,43,0.002543980,0,"","INOVAI-NB-8","CPU info","GCC 13.3.0","2025-10-06 15:41:41"
8000000,não simultaneo,random,2,44,0.002892299,0,"","INOVAI-NB-8","CPU info","GCC 13.3.0","2025-10-06 15:41:41"
8000000,simultaneo,random,2,44,0.002624245,0,"","INOVAI-NB-8","CPU info","GCC 13.3.0","2025-10-06 15:41:41"
8000000,não simultaneo,random,3,45,0.002684207,0,"","INOVAI-NB-8","CPU info","GCC 13.3.0","2025-10-06 15:41:41"
8000000,simultaneo,random,3,45,0.002716944,0,"","INOVAI-NB-8","CPU info","GCC 13.3.0","2025-10-06 15:41:41"
8000000,não simultaneo,random,4,46,0.002557252,0,"","INOVAI-NB-8","CPU info","GCC 13.3.0","2025-10-06 15:41:41"
8000000,simultaneo,random,4,46,0.002696070,0,"","INOVAI-NB-8","CPU info","GCC 13.3.0","2025-10-06 15:41:41"
9000000,não simultaneo,random,0,42,0.003152257,0,"","INOVAI-NB-8","CPU info","GCC 13.3.0","2025-10-06 15:41:41"
9000000,simultaneo,random,0,42,0.002992625,0,"","INOVAI-NB-8","CPU info","GCC 13.3.0","2025-10-06 15:41:41"
9000000,não simultaneo,random,1,43,0.002866553,0,"","INOVAI-NB-8","CPU info","GCC 13.3.0","2025-10-06 15:41:41"
9000000,simultaneo,random,1,43,0.003108793,0,"","INOVAI-NB-8","CPU info","GCC 13.3.0","2025-10-06 15:41:41"
9000000,não simultaneo,random,2,44,0.003012790,0,"","INOVAI-NB-8","CPU info","GCC 13.3.0","2025-10-06 15:41:41"
9000000,simultaneo,random,2,44,0.002825856,0,"","INOVAI-NB-8","CPU info","GCC 13.3.0","2025-10-06 15:41:41"
9000000,não simultaneo,random,3,45,0.003069551,0,"","INOVAI-NB-8","CPU info","GCC 13.3.0","2025-10-06 15:41:41"
9000000,simultaneo,random,3,45,0.002871213,0,"","INOVAI-NB-8","CPU info","GCC 13.3.0","2025-10-06 15:41:41"
9000000,não simultaneo,random,4,46,0.003046630,0,"","INOVAI-NB-8","CPU info","GCC 13.3.0","2025-10-06 15:41:41"
9000000,simultaneo,random,4,46,0.002890240,0,"","INOVAI-NB-8","CPU info","GCC 13.3.0","2025-10-06 15:41:41"
10000000,não simultaneo,random,0,42,0.003438189,0,"","INOVAI-NB-8","CPU info","GCC 13.3.0","2025-10-06 15:41:41"
10000000,simultaneo,random,0,42,0.003195037,0,"","INOVAI-NB-8","CPU info","GCC 13.3.0","2025-10-06 15:41:41"
10000000,não simultaneo,random,1,43,0.003322963,0,"","INOVAI-NB-8","CPU info","GCC 13.3.0","2025-10-06 15:41:41"
10000000,simultaneo,random,1,43,0.003362560,0,"","INOVAI-NB-8","CPU info","GCC 13.3.0","2025-10-06 15:41:41"
10000000,não simultaneo,random,2,44,0.003375157,0,"","INOVAI-NB-8","CPU info","GCC 13.3.0","2025-10-06 15:41:41"
10000000,simultaneo,random,2,44,0.003607735,0,"","INOVAI-NB-8","CPU info","GCC 13.3.0","2025-10-06 15:41:41"
10000000,não simultaneo,random,3,45,0.003221905,0,"","INOVAI-NB-8","CPU info","GCC 13.3.0","2025-10-06 15:41:41"
10000000,simultaneo,random,3,45,0.003309884,0,"","INOVAI-NB-8","CPU info","GCC 13.3.0","2025-10-06 15:41:41"
10000000,não simultaneo,random,4,46,0.003601790,0,"","INOVAI-NB-8","CPU info","GCC 13.3.0","2025-10-06 15:41:41"
10000000,simultaneo,random,4,46,0.003215145,0,"","INOVAI-NB-8","CPU info","GCC 13.3.0","2025-10-06 15:41:41"
11000000,não simultaneo,random,0,42,0.003588384,0,"","INOVAI-NB-8","CPU info","GCC 13.3.0","2025-10-06 15:41:41"
11000000,simultaneo,random,0,42,0.003549593,0,"","INOVAI-NB-8","CPU info","GCC 13.3.0","2025-10-06 15:41:41"
11000000,não simultaneo,random,1,43,0.004056943,0,"","INOVAI-NB-8","CPU info","GCC 13.3.0","2025-10-06 15:41:41"
11000000,simultaneo,random,1,43,0.003744815,0,"","INOVAI-NB-8","CPU info","GCC 13.3.0","2025-10-06 15:41:41"
11000000,não simultaneo,random,2,44,0.003676215,0,"","INOVAI-NB-8","CPU info","GCC 13.3.0","2025-10-06 15:41:41"
11000000,simultaneo,random,2,44,0.003432939,0,"","INOVAI-NB-8","CPU info","GCC 13.3.0","2025-10-06 15:41:41"
11000000,não simultaneo,random,3,45,0.003753637,0,"","INOVAI-NB-8","CPU info","GCC 13.3.0","2025-10-06 15:41:41"
11000000,simultaneo,random,3,45,0.003593665,0,"","INOVAI-NB-8","CPU info","GCC 13.3.0","2025-10-06 15:41:41"
11000000,não simultaneo,random,4,46,0.003759140,0,"","INOVAI-NB-8","CPU info","GCC 13.3.0","2025-10-06 15:41:41"
11000000,simultaneo,random,4,46,0.003560991,0,"","INOVAI-NB-8","CPU info","GCC 13.3.0","2025-10-06 15:41:41"
12000000,não simultaneo,random,0,42,0.003855882,0,"","INOVAI-NB-8","CPU info","GCC 13.3.0","2025-10-06 15:41:41"
12000000,simultaneo,random,0,42,0.004252129,0,"","INOVAI-NB-8","CPU info","GCC 13.3.0","2025-10-06 15:41:41"
12000000,não simultaneo,random,1,43,0.004001991,0,"","INOVAI-NB-8","CPU info","GCC 13.3.0","2025-10-06 15:41:41"
12000000,simultaneo,random,1,43,0.003953985,0,"","INOVAI-NB-8","CPU info","GCC 13.3.0","2025-10-06 15:41:41"
12000000,não simultaneo,random,2,44,0.004238582,0,"","INOVAI-NB-8","CPU info","GCC 13.3.0","2025-10-06 15:41:41"
12000000,simultaneo,random,2,44,0.004000267,0,"","INOVAI-NB-8","CPU info","GCC 13.3.0","2025-10-06 15:41:41"
12000000,não simultaneo,random,3,45,0.004231195,0,"","INOVAI-NB-8","CPU info","GCC 13.3.0","2025-10-06 15:41:41"
12000000,simultaneo,random,3,45,0.003862365,0,"","INOVAI-NB-8","CPU info","GCC 13.3.0","2025-10-06 15:41:41"
12000000,não simultaneo,random,4,46,0.003922799,0,"","INOVAI-NB-8","CPU info","GCC 13.3.0","2025-10-06 15:41:41"
12000000,simultaneo,random,4,46,0.003832580,0,"","INOVAI-NB-8","CPU info","GCC 13.3.0","2025-10-06 15:41:41"
13000000,não simultaneo,random,0,42,0.004361585,0,"","INOVAI-NB-8","CPU info","GCC 13.3.0","2025-10-06 15:41:41"
13000000,simultaneo,random,0,42,0.004307218,0,"","INOVAI-NB-8","CPU info","GCC 13.3.0","2025-10-06 15:41:41"
13000000,não simultaneo,random,1,43,0.004175840,0,"","INOVAI-NB-8","CPU info","GCC 13.3.0","2025-10-06 15:41:41"
13000000,simultaneo,random,1,43,0.004161399,0,"","INOVAI-NB-8","CPU info","GCC 13.3.0","2025-10-06 15:41:41"
13000000,não simultaneo,random,2,44,0.004367511,0,"","INOVAI-NB-8","CPU info","GCC 13.3.0","2025-10-06 15:41:41"
13000000,simultaneo,random,2,44,0.004323414,0,"","INOVAI-NB-8","CPU info","GCC 13.3.0","2025-10-06 15:41:41"
13000000,não simultaneo,random,3,45,0.004089886,0,"","INOVAI-NB-8","CPU info","GCC 13.3.0","2025-10-06 15:41:41"
13000000,simultaneo,random,3,45,0.004399997,0,"","INOVAI-NB-8","CPU info","GCC 13.3.0","2025-10-06 15:41:41"
13000000,não simultaneo,random,4,46,0.004385024,0,"","INOVAI-NB-8","CPU info","GCC 13.3.0","2025-10-06 15:41:41"
13000000,simultaneo,random,4,46,0.004222357,0,"","INOVAI-NB-8","CPU info","GCC 13.3.0","2025-10-06 15:41:41"
14000000,não simultaneo,random,0,42,0.004646736,0,"","INOVAI-NB-8","CPU info","GCC 13.3.0","2025-10-06 15:41:41"
14000000,simultaneo,random,0,42,0.004746044,0,"","INOVAI-NB-8","CPU info","GCC 13.3.0","2025-10-06 15:41:41"
14000000,não simultaneo,random,1,43,0.004834220,0,"","INOVAI-NB-8","CPU info","GCC 13.3.0","2025-10-06 15:41:41"
14000000,simultaneo,random,1,43,0.004507126,0,"","INOVAI-NB-8","CPU info","GCC 13.3.0","2025-10-06 15:41:41"
14000000,não simultaneo,random,2,44,0.004733207,0,"","INOVAI-NB-8","CPU info","GCC 13.3.0","2025-10-06 15:41:41"
14000000,simultaneo,random,2,44,0.005181178,0,"","INOVAI-NB-8","CPU info","GCC 13.3.0","2025-10-06 15:41:41"
14000000,não simultaneo,random,3,45,0.004678491,0,"","INOVAI-NB-8","CPU info","GCC 13.3.0","2025-10-06 15:41:41"
14000000,simultaneo,random,3,45,0.004489071,0,"","INOVAI-NB-8","CPU info","GCC 13.3.0","2025-10-06 15:41:41"
14000000,não simultaneo,random,4,46,0.004840740,0,"","INOVAI-NB-8","CPU info","GCC 13.3.0","2025-10-06 15:41:41"
14000000,simultaneo,random,4,46,0.004574964,0,"","INOVAI-NB-8","CPU info","GCC 13.3.0","2025-10-06 15:41:41"
15000000,não simultaneo,random,0,42,0.005355386,0,"","INOVAI-NB-8","CPU info","GCC 13.3.0","2025-10-06 15:41:41"
15000000,simultaneo,random,0,42,0.004780747,0,"","INOVAI-NB-8","CPU info","GCC 13.3.0","2025-10-06 15:41:41"
15000000,não simultaneo,random,1,43,0.005083111,0,"","INOVAI-NB-8","CPU info","GCC 13.3.0","2025-10-06 15:41:41"
15000000,simultaneo,random,1,43,0.004768461,0,"","INOVAI-NB-8","CPU info","GCC 13.3.0","2025-10-06 15:41:41"
15000000,não simultaneo,random,2,44,0.005037528,0,"","INOVAI-NB-8","CPU info","GCC 13.3.0","2025-10-06 15:41:41"
15000000,simultaneo,random,2,44,0.004987447,0,"","INOVAI-NB-8","CPU info","GCC 13.3.0","2025-10-06 15:41:41"
15000000,não simultaneo,random,3,45,0.005235378,0,"","INOVAI-NB-8","CPU info","GCC 13.3.0","2025-10-06 15:41:41"
15000000,simultaneo,random,3,45,0.005270564,0,"","INOVAI-NB-8","CPU info","GCC 13.3.0","2025-10-06 15:41:41"
15000000,não simultaneo,random,4,46,0.005062234,0,"","INOVAI-NB-8","CPU info","GCC 13.3.0","2025-10-06 15:41:41"
15000000,simultaneo,random,4,46,0.004849200,0,"","INOVAI-NB-8","CPU info","GCC 13.3.0","2025-10-06 15:41:41"
16000000,não simultaneo,random,0,42,0.005368196,0,"","INOVAI-NB-8","CPU info","GCC 13.3.0","2025-10-06 15:41:41"
16000000,simultaneo,random,0,42,0.005099836,0,"","INOVAI-NB-8","CPU info","GCC 13.3.0","2025-10-06 15:41:41"
16000000,não simultaneo,random,1,43,0.005486119,0,"","INOVAI-NB-8","CPU info","GCC 13.3.0","2025-10-06 15:41:41"
16000000,simultaneo,random,1,43,0.005288921,0,"","INOVAI-NB-8","CPU info","GCC 13.3.0","2025-10-06 15:41:41"
16000000,não simultaneo,random,2,44,0.005390445,0,"","INOVAI-NB-8","CPU info","GCC 13.3.0","2025-10-06 15:41:41"
16000000,simultaneo,random,2,44,0.005220659,0,"","INOVAI-NB-8","CPU info","GCC 13.3.0","2025-10-06 15:41:41"
16000000,não simultaneo,random,3,45,0.005574590,0,"","INOVAI-NB-8","CPU info","GCC 13.3.0","2025-10-06 15:41:41"
16000000,simultaneo,random,3,45,0.005102624,0,"","INOVAI-NB-8","CPU info","GCC 13.3.0","2025-10-06 15:41:41"
16000000,não simultaneo,random,4,46,0.005505479,0,"","INOVAI-NB-8","CPU info","GCC 13.3.0","2025-10-06 15:41:41"
16000000,simultaneo,random,4,46,0.005283243,0,"","INOVAI-NB-8","CPU info","GCC 13.3.0","2025-10-06 15:41:41"
17000000,não simultaneo,random,0,42,0.005975590,0,"","INOVAI-NB-8","CPU info","GCC 13.3.0","2025-10-06 15:41:41"
17000000,simultaneo,random,0,42,0.005889538,0,"","INOVAI-NB-8","CPU info","GCC 13.3.0","2025-10-06 15:41:41"
17000000,não simultaneo,random,1,43,0.005664870,0,"","INOVAI-NB-8","CPU info","GCC 13.3.0","2025-10-06 15:41:41"
17000000,simultaneo,random,1,43,0.005468816,0,"","INOVAI-NB-8","CPU info","GCC 13.3.0","2025-10-06 15:41:41"
17000000,não simultaneo,random,2,44,0.005789546,0,"","INOVAI-NB-8","CPU info","GCC 13.3.0","2025-10-06 15:41:41"
17000000,simultaneo,random,2,44,0.005321480,0,"","INOVAI-NB-8","CPU info","GCC 13.3.0","2025-10-06 15:41:41"
17000000,não simultaneo,random,3,45,0.005978769,0,"","INOVAI-NB-8","CPU info","GCC 13.3.0","2025-10-06 15:41:41"
17000000,simultaneo,random,3,45,0.005546991,0,"","INOVAI-NB-8","CPU info","GCC 13.3.0","2025-10-06 15:41:41"
17000000,não simultaneo,random,4,46,0.006266109,0,"","INOVAI-NB-8","CPU info","GCC 13.3.0","2025-10-06 15:41:41"
17000000,simultaneo,random,4,46,0.005860530,0,"","INOVAI-NB-8","CPU info","GCC 13.3.0","2025-10-06 15:41:41"
18000000,não simultaneo,random,0,42,0.006207783,0,"","INOVAI-NB-8","CPU info","GCC 13.3.0","2025-10-06 15:41:41"
18000000,simultaneo,random,0,42,0.005773985,0,"","INOVAI-NB-8","CPU info","GCC 13.3.0","2025-10-06 15:41:41"
18000000,não simultaneo,random,1,43,0.006100346,0,"","INOVAI-NB-8","CPU info","GCC 13.3.0","2025-10-06 15:41:41"
18000000,simultaneo,random,1,43,0.006004633,0,"","INOVAI-NB-8","CPU info","GCC 13.3.0","2025-10-06 15:41:41"
18000000,não simultaneo,random,2,44,0.006024688,0,"","INOVAI-NB-8","CPU info","GCC 13.3.0","2025-10-06 15:41:41"
18000000,simultaneo,random,2,44,0.005858967,0,"","INOVAI-NB-8","CPU info","GCC 13.3.0","2025-10-06 15:41:41"
18000000,não simultaneo,random,3,45,0.006076194,0,"","INOVAI-NB-8","CPU info","GCC 13.3.0","2025-10-06 15:41:41"
18000000,simultaneo,random,3,45,0.005896371,0,"","INOVAI-NB-8","CPU info","GCC 13.3.0","2025-10-06 15:41:41"
18000000,não simultaneo,random,4,46,0.006358071,0,"","INOVAI-NB-8","CPU info","GCC 13.3.0","2025-10-06 15:41:41"
18000000,simultaneo,random,4,46,0.005970274,0,"","INOVAI-NB-8","CPU info","GCC 13.3.0","2025-10-06 15:41:41"
19000000,não simultaneo,random,0,42,0.006446025,0,"","INOVAI-NB-8","CPU info","GCC 13.3.0","2025-10-06 15:41:41"
19000000,simultaneo,random,0,42,0.006083261,0,"","INOVAI-NB-8","CPU info","GCC 13.3.0","2025-10-06 15:41:41"
19000000,não simultaneo,random,1,43,0.006338205,0,"","INOVAI-NB-8","CPU info","GCC 13.3.0","2025-10-06 15:41:41"
19000000,simultaneo,random,1,43,0.006247126,0,"","INOVAI-NB-8","CPU info","GCC 13.3.0","2025-10-06 15:41:41"
19000000,não simultaneo,random,2,44,0.006680622,0,"","INOVAI-NB-8","CPU info","GCC 13.3.0","2025-10-06 15:41:41"
19000000,simultaneo,random,2,44,0.006284507,0,"","INOVAI-NB-8","CPU info","GCC 13.3.0","2025-10-06 15:41:41"
19000000,não simultaneo,random,3,45,0.006408505,0,"","INOVAI-NB-8","CPU info","GCC 13.3.0","2025-10-06 15:41:41"
19000000,simultaneo,random,3,45,0.006072992,0,"","INOVAI-NB-8","CPU info","GCC 13.3.0","2025-10-06 15:41:41"
19000000,não simultaneo,random,4,46,0.006897871,0,"","INOVAI-NB-8","CPU info","GCC 13.3.0","2025-10-06 15:41:41"
19000000,simultaneo,random,4,46,0.006411587,0,"","INOVAI-NB-8","CPU info","GCC 13.3.0","2025-10-06 15:41:41"
20000000,não simultaneo,random,0,42,0.006612291,0,"","INOVAI-NB-8","CPU info","GCC 13.3.0","2025-10-06 15:41:41"
20000000,simultaneo,random,0,42,0.006777351,0,"","INOVAI-NB-8","CPU info","GCC 13.3.0","2025-10-06 15:41:41"
20000000,não simultaneo,random,1,43,0.006863925,0,"","INOVAI-NB-8","CPU info","GCC 13.3.0","2025-10-06 15:41:41"
20000000,simultaneo,random,1,43,0.006566309,0,"","INOVAI-NB-8","CPU info","GCC 13.3.0","2025-10-06 15:41:41"
20000000,não simultaneo,random,2,44,0.006644212,0,"","INOVAI-NB-8","CPU info","GCC 13.3.0","2025-10-06 15:41:41"
20000000,simultaneo,random,2,44,0.006454658,0,"","INOVAI-NB-8","CPU info","GCC 13.3.0","2025-10-06 15:41:41"
20000000,não simultaneo,random,3,45,0.006671263,0,"","INOVAI-NB-8","CPU info","GCC 13.3.0","2025-10-06 15:41:41"
20000000,simultaneo,random,3,45,0.006575839,0,"","INOVAI-NB-8","CPU info","GCC 13.3.0","2025-10-06 15:41:41"
20000000,não simultaneo,random,4,46,0.006788053,0,"","INOVAI-NB-8","CPU info","GCC 13.3.0","2025-10-06 15:41:41"
20000000,simultaneo,random,4,46,0.006398150,0,"","INOVAI-NB-8","CPU info","GCC 13.3.0","2025-10-06 15:41:41"
21000000,não simultaneo,random,0,42,0.006818485,0,"","INOVAI-NB-8","CPU info","GCC 13.3.0","2025-10-06 15:41:41"
21000000,simultaneo,random,0,42,0.006897677,0,"","INOVAI-NB-8","CPU info","GCC 13.3.0","2025-10-06 15:41:41"
21000000,não simultaneo,random,1,43,0.007177774,0,"","INOVAI-NB-8","CPU info","GCC 13.3.0","2025-10-06 15:41:41"
21000000,simultaneo,random,1,43,0.006690842,0,"","INOVAI-NB-8","CPU info","GCC 13.3.0","2025-10-06 15:41:41"
21000000,não simultaneo,random,2,44,0.007512279,0,"","INOVAI-NB-8","CPU info","GCC 13.3.0","2025-10-06 15:41:41"
21000000,simultaneo,random,2,44,0.008621946,0,"","INOVAI-NB-8","CPU info","GCC 13.3.0","2025-10-06 15:41:41"
21000000,não simultaneo,random,3,45,0.007349820,0,"","INOVAI-NB-8","CPU info","GCC 13.3.0","2025-10-06 15:41:41"
21000000,simultaneo,random,3,45,0.006866814,0,"","INOVAI-NB-8","CPU info","GCC 13.3.0","2025-10-06 15:41:41"
21000000,não simultaneo,random,4,46,0.007001527,0,"","INOVAI-NB-8","CPU info","GCC 13.3.0","2025-10-06 15:41:41"
21000000,simultaneo,random,4,46,0.007096312,0,"","INOVAI-NB-8","CPU info","GCC 13.3.0","2025-10-06 15:41:41"
22000000,não simultaneo,random,0,42,0.007333801,0,"","INOVAI-NB-8","CPU info","GCC 13.3.0","2025-10-06 15:41:41"
22000000,simultaneo,random,0,42,0.007274095,0,"","INOVAI-NB-8","CPU info","GCC 13.3.0","2025-10-06 15:41:41"
22000000,não simultaneo,random,1,43,0.007629812,0,"","INOVAI-NB-8","CPU info","GCC 13.3.0","2025-10-06 15:41:41"
22000000,simultaneo,random,1,43,0.007345718,0,"","INOVAI-NB-8","CPU info","GCC 13.3.0","2025-10-06 15:41:41"
22000000,não simultaneo,random,2,44,0.007254950,0,"","INOVAI-NB-8","CPU info","GCC 13.3.0","2025-10-06 15:41:41"
22000000,simultaneo,random,2,44,0.007354221,0,"","INOVAI-NB-8","CPU info","GCC 13.3.0","2025-10-06 15:41:41"
22000000,não simultaneo,random,3,45,0.007044378,0,"","INOVAI-NB-8","CPU info","GCC 13.3.0","2025-10-06 15:41:41"
22000000,simultaneo,random,3,45,0.007586466,0,"","INOVAI-NB-8","CPU info","GCC 13.3.0","2025-10-06 15:41:41"
22000000,não simultaneo,random,4,46,0.007242601,0,"","INOVAI-NB-8","CPU info","GCC 13.3.0","2025-10-06 15:41:41"
22000000,simultaneo,random,4,46,0.007325748,0,"","INOVAI-NB-8","CPU info","GCC 13.3.0","2025-10-06 15:41:41"
23000000,não simultaneo,random,0,42,0.007752306,0,"","INOVAI-NB-8","CPU info","GCC 13.3.0","2025-10-06 15:41:41"
23000000,simultaneo,random,0,42,0.007517192,0,"","INOVAI-NB-8","CPU info","GCC 13.3.0","2025-10-06 15:41:41"
23000000,não simultaneo,random,1,43,0.007766778,0,"","INOVAI-NB-8","CPU info","GCC 13.3.0","2025-10-06 15:41:41"
23000000,simultaneo,random,1,43,0.010176823,0,"","INOVAI-NB-8","CPU info","GCC 13.3.0","2025-10-06 15:41:41"
23000000,não simultaneo,random,2,44,0.007579517,0,"","INOVAI-NB-8","CPU info","GCC 13.3.0","2025-10-06 15:41:41"
23000000,simultaneo,random,2,44,0.007319548,0,"","INOVAI-NB-8","CPU info","GCC 13.3.0","2025-10-06 15:41:41"
23000000,não simultaneo,random,3,45,0.008496947,0,"","INOVAI-NB-8","CPU info","GCC 13.3.0","2025-10-06 15:41:41"
23000000,simultaneo,random,3,45,0.007827151,0,"","INOVAI-NB-8","CPU info","GCC 13.3.0","2025-10-06 15:41:41"
23000000,não simultaneo,random,4,46,0.008302713,0,"","INOVAI-NB-8","CPU info","GCC 13.3.0","2025-10-06 15:41:41"
23000000,simultaneo,random,4,46,0.007328607,0,"","INOVAI-NB-8","CPU info","GCC 13.3.0","2025-10-06 15:41:41"
24000000,não simultaneo,random,0,42,0.008039718,0,"","INOVAI-NB-8","CPU info","GCC 13.3.0","2025-10-06 15:41:41"
24000000,simultaneo,random,0,42,0.007733048,0,"","INOVAI-NB-8","CPU info","GCC 13.3.0","2025-10-06 15:41:41"
24000000,não simultaneo,random,1,43,0.007876066,0,"","INOVAI-NB-8","CPU info","GCC 13.3.0","2025-10-06 15:41:41"
24000000,simultaneo,random,1,43,0.007743928,0,"","INOVAI-NB-8","CPU info","GCC 13.3.0","2025-10-06 15:41:41"
24000000,não simultaneo,random,2,44,0.008040410,0,"","INOVAI-NB-8","CPU info","GCC 13.3.0","2025-10-06 15:41:41"
24000000,simultaneo,random,2,44,0.007677235,0,"","INOVAI-NB-8","CPU info","GCC 13.3.0","2025-10-06 15:41:41"
24000000,não simultaneo,random,3,45,0.007804070,0,"","INOVAI-NB-8","CPU info","GCC 13.3.0","2025-10-06 15:41:41"
24000000,simultaneo,random,3,45,0.008041362,0,"","INOVAI-NB-8","CPU info","GCC 13.3.0","2025-10-06 15:41:41"
24000000,não simultaneo,random,4,46,0.007838882,0,"","INOVAI-NB-8","CPU info","GCC 13.3.0","2025-10-06 15:41:41"
24000000,simultaneo,random,4,46,0.007672113,0,"","INOVAI-NB-8","CPU info","GCC 13.3.0","2025-10-06 15:41:41"
25000000,não simultaneo,random,0,42,0.010319345,0,"","INOVAI-NB-8","CPU info","GCC 13.3.0","2025-10-06 15:41:41"
25000000,simultaneo,random,0,42,0.008106809,0,"","INOVAI-NB-8","CPU info","GCC 13.3.0","2025-10-06 15:41:41"
25000000,não simultaneo,random,1,43,0.008198132,0,"","INOVAI-NB-8","CPU info","GCC 13.3.0","2025-10-06 15:41:41"
25000000,simultaneo,random,1,43,0.008516429,0,"","INOVAI-NB-8","CPU info","GCC 13.3.0","2025-10-06 15:41:41"
25000000,não simultaneo,random,2,44,0.008406054,0,"","INOVAI-NB-8","CPU info","GCC 13.3.0","2025-10-06 15:41:41"
25000000,simultaneo,random,2,44,0.008217882,0,"","INOVAI-NB-8","CPU info","GCC 13.3.0","2025-10-06 15:41:41"
25000000,não simultaneo,random,3,45,0.008411418,0,"","INOVAI-NB-8","CPU info","GCC 13.3.0","2025-10-06 15:41:41"
25000000,simultaneo,random,3,45,0.008023200,0,"","INOVAI-NB-8","CPU info","GCC 13.3.0","2025-10-06 15:41:41"
25000000,não simultaneo,random,4,46,0.008139172,0,"","INOVAI-NB-8","CPU info","GCC 13.3.0","2025-10-06 15:41:41"
25000000,simultaneo,random,4,46,0.008103087,0,"","INOVAI-NB-8","CPU info","GCC 13.3.0","2025-10-06 15:41:41"
26000000,não simultaneo,random,0,42,0.008536231,0,"","INOVAI-NB-8","CPU info","GCC 13.3.0","2025-10-06 15:41:41"
26000000,simultaneo,random,0,42,0.008452030,0,"","INOVAI-NB-8","CPU info","GCC 13.3.0","2025-10-06 15:41:41"
26000000,não simultaneo,random,1,43,0.008375463,0,"","INOVAI-NB-8","CPU info","GCC 13.3.0","2025-10-06 15:41:41"
26000000,simultaneo,random,1,43,0.008349540,0,"","INOVAI-NB-8","CPU info","GCC 13.3.0","2025-10-06 15:41:41"
26000000,não simultaneo,random,2,44,0.008582430,0,"","INOVAI-NB-8","CPU info","GCC 13.3.0","2025-10-06 15:41:41"
26000000,simultaneo,random,2,44,0.008707131,0,"","INOVAI-NB-8","CPU info","GCC 13.3.0","2025-10-06 15:41:41"
26000000,não simultaneo,random,3,45,0.008743051,0,"","INOVAI-NB-8","CPU info","GCC 13.3.0","2025-10-06 15:41:41"
26000000,simultaneo,random,3,45,0.008469195,0,"","INOVAI-NB-8","CPU info","GCC 13.3.0","2025-10-06 15:41:41"
26000000,não simultaneo,random,4,46,0.008798290,0,"","INOVAI-NB-8","CPU info","GCC 13.3.0","2025-10-06 15:41:41"
26000000,simultaneo,random,4,46,0.008392719,0,"","INOVAI-NB-8","CPU info","GCC 13.3.0","2025-10-06 15:41:41"
27000000,não simultaneo,random,0,42,0.009219567,0,"","INOVAI-NB-8","CPU info","GCC 13.3.0","2025-10-06 15:41:41"
27000000,simultaneo,random,0,42,0.008492408,0,"","INOVAI-NB-8","CPU info","GCC 13.3.0","2025-10-06 15:41:41"
27000000,não simultaneo,random,1,43,0.009274237,0,"","INOVAI-NB-8","CPU info","GCC 13.3.0","2025-10-06 15:41:41"
27000000,simultaneo,random,1,43,0.008975727,0,"","INOVAI-NB-8","CPU info","GCC 13.3.0","2025-10-06 15:41:41"
27000000,não simultaneo,random,2,44,0.009287224,0,"","INOVAI-NB-8","CPU info","GCC 13.3.0","2025-10-06 15:41:41"
27000000,simultaneo,random,2,44,0.008967540,0,"","INOVAI-NB-8","CPU info","GCC 13.3.0","2025-10-06 15:41:41"
27000000,não simultaneo,random,3,45,0.009090045,0,"","INOVAI-NB-8","CPU info","GCC 13.3.0","2025-10-06 15:41:41"
27000000,simultaneo,random,3,45,0.009435756,0,"","INOVAI-NB-8","CPU info","GCC 13.3.0","2025-10-06 15:41:41"
27000000,não simultaneo,random,4,46,0.009845918,0,"","INOVAI-NB-8","CPU info","GCC 13.3.0","2025-10-06 15:41:41"
27000000,simultaneo,random,4,46,0.009440062,0,"","INOVAI-NB-8","CPU info","GCC 13.3.0","2025-10-06 15:41:41"
28000000,não simultaneo,random,0,42,0.009735999,0,"","INOVAI-NB-8","CPU info","GCC 13.3.0","2025-10-06 15:41:41"
28000000,simultaneo,random,0,42,0.009617154,0,"","INOVAI-NB-8","CPU info","GCC 13.3.0","2025-10-06 15:41:41"
28000000,não simultaneo,random,1,43,0.009624849,0,"","INOVAI-NB-8","CPU info","GCC 13.3.0","2025-10-06 15:41:41"
28000000,simultaneo,random,1,43,0.009863637,0,"","INOVAI-NB-8","CPU info","GCC 13.3.0","2025-10-06 15:41:41"
28000000,não simultaneo,random,2,44,0.009660494,0,"","INOVAI-NB-8","CPU info","GCC 13.3.0","2025-10-06 15:41:41"
28000000,simultaneo,random,2,44,0.009468876,0,"","INOVAI-NB-8","CPU info","GCC 13.3.0","2025-10-06 15:41:41"
28000000,não simultaneo,random,3,45,0.009777053,0,"","INOVAI-NB-8","CPU info","GCC 13.3.0","2025-10-06 15:41:41"
28000000,simultaneo,random,3,45,0.009952391,0,"","INOVAI-NB-8","CPU info","GCC 13.3.0","2025-10-06 15:41:41"
28000000,não simultaneo,random,4,46,0.009795965,0,"","INOVAI-NB-8","CPU info","GCC 13.3.0","2025-10-06 15:41:41"
28000000,simultaneo,random,4,46,0.009632354,0,"","INOVAI-NB-8","CPU info","GCC 13.3.0","2025-10-06 15:41:41"
29000000,não simultaneo,random,0,42,0.010091457,0,"","INOVAI-NB-8","CPU info","GCC 13.3.0","2025-10-06 15:41:41"
29000000,simultaneo,random,0,42,0.009561557,0,"","INOVAI-NB-8","CPU info","GCC 13.3.0","2025-10-06 15:41:41"
29000000,não simultaneo,random,1,43,0.010130363,0,"","INOVAI-NB-8","CPU info","GCC 13.3.0","2025-10-06 15:41:41"
29000000,simultaneo,random,1,43,0.010156780,0,"","INOVAI-NB-8","CPU info","GCC 13.3.0","2025-10-06 15:41:41"
29000000,não simultaneo,random,2,44,0.009907339,0,"","INOVAI-NB-8","CPU info","GCC 13.3.0","2025-10-06 15:41:41"
29000000,simultaneo,random,2,44,0.009956419,0,"","INOVAI-NB-8","CPU info","GCC 13.3.0","2025-10-06 15:41:41"
29000000,não simultaneo,random,3,45,0.010045348,0,"","INOVAI-NB-8","CPU info","GCC 13.3.0","2025-10-06 15:41:41"
29000000,simultaneo,random,3,45,0.009655889,0,"","INOVAI-NB-8","CPU info","GCC 13.3.0","2025-10-06 15:41:41"
29000000,não simultaneo,random,4,46,0.010005884,0,"","INOVAI-NB-8","CPU info","GCC 13.3.0","2025-10-06 15:41:41"
29000000,simultaneo,random,4,46,0.009751415,0,"","INOVAI-NB-8","CPU info","GCC 13.3.0","2025-10-06 15:41:41"
30000000,não simultaneo,random,0,42,0.010774857,0,"","INOVAI-NB-8","CPU info","GCC 13.3.0","2025-10-06 15:41:41"
30000000,simultaneo,random,0,42,0.009934940,0,"","INOVAI-NB-8","CPU info","GCC 13.3.0","2025-10-06 15:41:41"
30000000,não simultaneo,random,1,43,0.010329232,0,"","INOVAI-NB-8","CPU info","GCC 13.3.0","2025-10-06 15:41:41"
30000000,simultaneo,random,1,43,0.010136779,0,"","INOVAI-NB-8","CPU info","GCC 13.3.0","2025-10-06 15:41:41"
30000000,não simultaneo,random,2,44,0.010157814,0,"","INOVAI-NB-8","CPU info","GCC 13.3.0","2025-10-06 15:41:41"
30000000,simultaneo,random,2,44,0.009929488,0,"","INOVAI-NB-8","CPU info","GCC 13.3.0","2025-10-06 15:41:41"
30000000,não simultaneo,random,3,45,0.010482365,0,"","INOVAI-NB-8","CPU info","GCC 13.3.0","2025-10-06 15:41:41"
30000000,simultaneo,random,3,45,0.010338235,0,"","INOVAI-NB-8","CPU info","GCC 13.3.0","2025-10-06 15:41:41"
30000000,não simultaneo,random,4,46,0.010379621,0,"","INOVAI-NB-8","CPU info","GCC 13.3.0","2025-10-06 15:41:41"
30000000,simultaneo,random,4,46,0.010170122,0,"","INOVAI-NB-8","CPU info","GCC 13.3.0","2025-10-06 15:41:41"
31000000,não simultaneo,random,0,42,0.010606140,0,"","INOVAI-NB-8","CPU info","GCC 13.3.0","2025-10-06 15:41:41"
31000000,simultaneo,random,0,42,0.010276997,0,"","INOVAI-NB-8","CPU info","GCC 13.3.0","2025-10-06 15:41:41"
31000000,não simultaneo,random,1,43,0.011531177,0,"","INOVAI-NB-8","CPU info","GCC 13.3.0","2025-10-06 15:41:41"
31000000,simultaneo,random,1,43,0.011844461,0,"","INOVAI-NB-8","CPU info","GCC 13.3.0","2025-10-06 15:41:41"
31000000,não simultaneo,random,2,44,0.010936344,0,"","INOVAI-NB-8","CPU info","GCC 13.3.0","2025-10-06 15:41:41"
31000000,simultaneo,random,2,44,0.011066803,0,"","INOVAI-NB-8","CPU info","GCC 13.3.0","2025-10-06 15:41:41"
31000000,não simultaneo,random,3,45,0.010610075,0,"","INOVAI-NB-8","CPU info","GCC 13.3.0","2025-10-06 15:41:41"
31000000,simultaneo,random,3,45,0.010748635,0,"","INOVAI-NB-8","CPU info","GCC 13.3.0","2025-10-06 15:41:41"
31000000,não simultaneo,random,4,46,0.010563032,0,"","INOVAI-NB-8","CPU info","GCC 13.3.0","2025-10-06 15:41:41"
31000000,simultaneo,random,4,46,0.010513776,0,"","INOVAI-NB-8","CPU info","GCC 13.3.0","2025-10-06 15:41:41"
32000000,não simultaneo,random,0,42,0.011422511,0,"","INOVAI-NB-8","CPU info","GCC 13.3.0","2025-10-06 15:41:41"
32000000,simultaneo,random,0,42,0.010770797,0,"","INOVAI-NB-8","CPU info","GCC 13.3.0","2025-10-06 15:41:41"
32000000,não simultaneo,random,1,43,0.010735231,0,"","INOVAI-NB-8","CPU info","GCC 13.3.0","2025-10-06 15:41:41"
32000000,simultaneo,random,1,43,0.011224238,0,"","INOVAI-NB-8","CPU info","GCC 13.3.0","2025-10-06 15:41:41"
32000000,não simultaneo,random,2,44,0.011015781,0,"","INOVAI-NB-8","CPU info","GCC 13.3.0","2025-10-06 15:41:41"
32000000,simultaneo,random,2,44,0.010214935,0,"","INOVAI-NB-8","CPU info","GCC 13.3.0","2025-10-06 15:41:41"
32000000,não simultaneo,random,3,45,0.010957836,0,"","INOVAI-NB-8","CPU info","GCC 13.3.0","2025-10-06 15:41:41"
32000000,simultaneo,random,3,45,0.010812898,0,"","INOVAI-NB-8","CPU info","GCC 13.3.0","2025-10-06 15:41:41"
32000000,não simultaneo,random,4,46,0.011194093,0,"","INOVAI-NB-8","CPU info","GCC 13.3.0","2025-10-06 15:41:41"
32000000,simultaneo,random,4,46,0.010913064,0,"","INOVAI-NB-8","CPU info","GCC 13.3.0","2025-10-06 15:41:41"
33000000,não simultaneo,random,0,42,0.011484551,0,"","INOVAI-NB-8","CPU info","GCC 13.3.0","2025-10-06 15:41:41"
33000000,simultaneo,random,0,42,0.011291419,0,"","INOVAI-NB-8","CPU info","GCC 13.3.0","2025-10-06 15:41:41"
33000000,não simultaneo,random,1,43,0.011216865,0,"","INOVAI-NB-8","CPU info","GCC 13.3.0","2025-10-06 15:41:41"
33000000,simultaneo,random,1,43,0.010921668,0,"","INOVAI-NB-8","CPU info","GCC 13.3.0","2025-10-06 15:41:41"
33000000,não simultaneo,random,2,44,0.011208618,0,"","INOVAI-NB-8","CPU info","GCC 13.3.0","2025-10-06 15:41:41"
33000000,simultaneo,random,2,44,0.010979715,0,"","INOVAI-NB-8","CPU info","GCC 13.3.0","2025-10-06 15:41:41"
33000000,não simultaneo,random,3,45,0.011557618,0,"","INOVAI-NB-8","CPU info","GCC 13.3.0","2025-10-06 15:41:41"
33000000,simultaneo,random,3,45,0.011013023,0,"","INOVAI-NB-8","CPU info","GCC 13.3.0","2025-10-06 15:41:41"
33000000,não simultaneo,random,4,46,0.010916560,0,"","INOVAI-NB-8","CPU info","GCC 13.3.0","2025-10-06 15:41:41"
33000000,simultaneo,random,4,46,0.011004633,0,"","INOVAI-NB-8","CPU info","GCC 13.3.0","2025-10-06 15:41:41"
34000000,não simultaneo,random,0,42,0.011933231,0,"","INOVAI-NB-8","CPU info","GCC 13.3.0","2025-10-06 15:41:41"
34000000,simultaneo,random,0,42,0.012660853,0,"","INOVAI-NB-8","CPU info","GCC 13.3.0","2025-10-06 15:41:41"
34000000,não simultaneo,random,1,43,0.012197360,0,"","INOVAI-NB-8","CPU info","GCC 13.3.0","2025-10-06 15:41:41"
34000000,simultaneo,random,1,43,0.011548722,0,"","INOVAI-NB-8","CPU info","GCC 13.3.0","2025-10-06 15:41:41"
34000000,não simultaneo,random,2,44,0.011758387,0,"","INOVAI-NB-8","CPU info","GCC 13.3.0","2025-10-06 15:41:41"
34000000,simultaneo,random,2,44,0.011626817,0,"","INOVAI-NB-8","CPU info","GCC 13.3.0","2025-10-06 15:41:41"
34000000,não simultaneo,random,3,45,0.012672634,0,"","INOVAI-NB-8","CPU info","GCC 13.3.0","2025-10-06 15:41:41"
34000000,simultaneo,random,3,45,0.012119382,0,"","INOVAI-NB-8","CPU info","GCC 13.3.0","2025-10-06 15:41:41"
34000000,não simultaneo,random,4,46,0.011881176,0,"","INOVAI-NB-8","CPU info","GCC 13.3.0","2025-10-06 15:41:41"
34000000,simultaneo,random,4,46,0.011647754,0,"","INOVAI-NB-8","CPU info","GCC 13.3.0","2025-10-06 15:41:41"
35000000,não simultaneo,random,0,42,0.011888221,0,"","INOVAI-NB-8","CPU info","GCC 13.3.0","2025-10-06 15:41:41"
35000000,simultaneo,random,0,42,0.011565591,0,"","INOVAI-NB-8","CPU info","GCC 13.3.0","2025-10-06 15:41:41"
35000000,não simultaneo,random,1,43,0.012418109,0,"","INOVAI-NB-8","CPU info","GCC 13.3.0","2025-10-06 15:41:41"
35000000,simultaneo,random,1,43,0.011905908,0,"","INOVAI-NB-8","CPU info","GCC 13.3.0","2025-10-06 15:41:41"
35000000,não simultaneo,random,2,44,0.012201366,0,"","INOVAI-NB-8","CPU info","GCC 13.3.0","2025-10-06 15:41:41"
35000000,simultaneo,random,2,44,0.011714023,0,"","INOVAI-NB-8","CPU info","GCC 13.3.0","2025-10-06 15:41:41"
35000000,não simultaneo,random,3,45,0.011747435,0,"","INOVAI-NB-8","CPU info","GCC 13.3.0","2025-10-06 15:41:41"
35000000,simultaneo,random,3,45,0.012173673,0,"","INOVAI-NB-8","CPU info","GCC 13.3.0","2025-10-06 15:41:41"
35000000,não simultaneo,random,4,46,0.011810528,0,"","INOVAI-NB-8","CPU info","GCC 13.3.0","2025-10-06 15:41:41"
35000000,simultaneo,random,4,46,0.011683179,0,"","INOVAI-NB-8","CPU info","GCC 13.3.0","2025-10-06 15:41:41"
36000000,não simultaneo,random,0,42,0.012948439,0,"","INOVAI-NB-8","CPU info","GCC 13.3.0","2025-10-06 15:41:41"
36000000,simultaneo,random,0,42,0.012276630,0,"","INOVAI-NB-8","CPU info","GCC 13.3.0","2025-10-06 15:41:41"
36000000,não simultaneo,random,1,43,0.012255568,0,"","INOVAI-NB-8","CPU info","GCC 13.3.0","2025-10-06 15:41:41"
36000000,simultaneo,random,1,43,0.012309260,0,"","INOVAI-NB-8","CPU info","GCC 13.3.0","2025-10-06 15:41:41"
36000000,não simultaneo,random,2,44,0.012790076,0,"","INOVAI-NB-8","CPU info","GCC 13.3.0","2025-10-06 15:41:41"
36000000,simultaneo,random,2,44,0.012153823,0,"","INOVAI-NB-8","CPU info","GCC 13.3.0","2025-10-06 15:41:41"
36000000,não simultaneo,random,3,45,0.012996030,0,"","INOVAI-NB-8","CPU info","GCC 13.3.0","2025-10-06 15:41:41"
36000000,simultaneo,random,3,45,0.012458208,0,"","INOVAI-NB-8","CPU info","GCC 13.3.0","2025-10-06 15:41:41"
36000000,não simultaneo,random,4,46,0.011998336,0,"","INOVAI-NB-8","CPU info","GCC 13.3.0","2025-10-06 15:41:41"
36000000,simultaneo,random,4,46,0.012101811,0,"","INOVAI-NB-8","CPU info","GCC 13.3.0","2025-10-06 15:41:41"
37000000,não simultaneo,random,0,42,0.012711991,0,"","INOVAI-NB-8","CPU info","GCC 13.3.0","2025-10-06 15:41:41"
37000000,simultaneo,random,0,42,0.012445809,0,"","INOVAI-NB-8","CPU info","GCC 13.3.0","2025-10-06 15:41:41"
37000000,não simultaneo,random,1,43,0.012631972,0,"","INOVAI-NB-8","CPU info","GCC 13.3.0","2025-10-06 15:41:41"
37000000,simultaneo,random,1,43,0.011978669,0,"","INOVAI-NB-8","CPU info","GCC 13.3.0","2025-10-06 15:41:41"
37000000,não simultaneo,random,2,44,0.013510692,0,"","INOVAI-NB-8","CPU info","GCC 13.3.0","2025-10-06 15:41:41"
37000000,simultaneo,random,2,44,0.012133150,0,"","INOVAI-NB-8","CPU info","GCC 13.3.0","2025-10-06 15:41:41"
37000000,não simultaneo,random,3,45,0.012017544,0,"","INOVAI-NB-8","CPU info","GCC 13.3.0","2025-10-06 15:41:41"
37000000,simultaneo,random,3,45,0.012462449,0,"","INOVAI-NB-8","CPU info","GCC 13.3.0","2025-10-06 15:41:41"
37000000,não simultaneo,random,4,46,0.012587423,0,"","INOVAI-NB-8","CPU info","GCC 13.3.0","2025-10-06 15:41:41"
37000000,simultaneo,random,4,46,0.012220809,0,"","INOVAI-NB-8","CPU info","GCC 13.3.0","2025-10-06 15:41:41"
38000000,não simultaneo,random,0,42,0.012790793,0,"","INOVAI-NB-8","CPU info","GCC 13.3.0","2025-10-06 15:41:41"
38000000,simultaneo,random,0,42,0.013439091,0,"","INOVAI-NB-8","CPU info","GCC 13.3.0","2025-10-06 15:41:41"
38000000,não simultaneo,random,1,43,0.012851834,0,"","INOVAI-NB-8","CPU info","GCC 13.3.0","2025-10-06 15:41:41"
38000000,simultaneo,random,1,43,0.013049571,0,"","INOVAI-NB-8","CPU info","GCC 13.3.0","2025-10-06 15:41:41"
38000000,não simultaneo,random,2,44,0.012787437,0,"","INOVAI-NB-8","CPU info","GCC 13.3.0","2025-10-06 15:41:41"
38000000,simultaneo,random,2,44,0.012544702,0,"","INOVAI-NB-8","CPU info","GCC 13.3.0","2025-10-06 15:41:41"
38000000,não simultaneo,random,3,45,0.013301467,0,"","INOVAI-NB-8","CPU info","GCC 13.3.0","2025-10-06 15:41:41"
38000000,simultaneo,random,3,45,0.012836452,0,"","INOVAI-NB-8","CPU info","GCC 13.3.0","2025-10-06 15:41:41"
38000000,não simultaneo,random,4,46,0.013238545,0,"","INOVAI-NB-8","CPU info","GCC 13.3.0","2025-10-06 15:41:41"
38000000,simultaneo,random,4,46,0.012938103,0,"","INOVAI-NB-8","CPU info","GCC 13.3.0","2025-10-06 15:41:41"
39000000,não simultaneo,random,0,42,0.013384680,0,"","INOVAI-NB-8","CPU info","GCC 13.3.0","2025-10-06 15:41:41"
39000000,simultaneo,random,0,42,0.012823794,0,"","INOVAI-NB-8","CPU info","GCC 13.3.0","2025-10-06 15:41:41"
39000000,não simultaneo,random,1,43,0.014620280,0,"","INOVAI-NB-8","CPU info","GCC 13.3.0","2025-10-06 15:41:41"
39000000,simultaneo,random,1,43,0.013008127,0,"","INOVAI-NB-8","CPU info","GCC 13.3.0","2025-10-06 15:41:41"
39000000,não simultaneo,random,2,44,0.014140061,0,"","INOVAI-NB-8","CPU info","GCC 13.3.0","2025-10-06 15:41:41"
39000000,simultaneo,random,2,44,0.012943568,0,"","INOVAI-NB-8","CPU info","GCC 13.3.0","2025-10-06 15:41:41"
39000000,não simultaneo,random,3,45,0.013146891,0,"","INOVAI-NB-8","CPU info","GCC 13.3.0","2025-10-06 15:41:41"
39000000,simultaneo,random,3,45,0.012863485,0,"","INOVAI-NB-8","CPU info","GCC 13.3.0","2025-10-06 15:41:41"
39000000,não simultaneo,random,4,46,0.013406409,0,"","INOVAI-NB-8","CPU info","GCC 13.3.0","2025-10-06 15:41:41"
39000000,simultaneo,random,4,46,0.013061530,0,"","INOVAI-NB-8","CPU info","GCC 13.3.0","2025-10-06 15:41:41"
40000000,não simultaneo,random,0,42,0.014001196,0,"","INOVAI-NB-8","CPU info","GCC 13.3.0","2025-10-06 15:41:41"
40000000,simultaneo,random,0,42,0.013496464,0,"","INOVAI-NB-8","CPU info","GCC 13.3.0","2025-10-06 15:41:41"
40000000,não simultaneo,random,1,43,0.013823561,0,"","INOVAI-NB-8","CPU info","GCC 13.3.0","2025-10-06 15:41:41"
40000000,simultaneo,random,1,43,0.013557685,0,"","INOVAI-NB-8","CPU info","GCC 13.3.0","2025-10-06 15:41:41"
40000000,não simultaneo,random,2,44,0.013777823,0,"","INOVAI-NB-8","CPU info","GCC 13.3.0","2025-10-06 15:41:41"
40000000,simultaneo,random,2,44,0.013203115,0,"","INOVAI-NB-8","CPU info","GCC 13.3.0","2025-10-06 15:41:41"
40000000,não simultaneo,random,3,45,0.013626034,0,"","INOVAI-NB-8","CPU info","GCC 13.3.0","2025-10-06 15:41:41"
40000000,simultaneo,random,3,45,0.013419199,0,"","INOVAI-NB-8","CPU info","GCC 13.3.0","2025-10-06 15:41:41"
40000000,não simultaneo,random,4,46,0.013714613,0,"","INOVAI-NB-8","CPU info","GCC 13.3.0","2025-10-06 15:41:41"
40000000,simultaneo,random,4,46,0.013367688,0,"","INOVAI-NB-8","CPU info","GCC 13.3.0","2025-10-06 15:41:41"
41000000,não simultaneo,random,0,42,0.013922811,0,"","INOVAI-NB-8","CPU info","GCC 13.3.0","2025-10-06 15:41:41"
41000000,simultaneo,random,0,42,0.013764696,0,"","INOVAI-NB-8","CPU info","GCC 13.3.0","2025-10-06 15:41:41"
41000000,não simultaneo,random,1,43,0.014404127,0,"","INOVAI-NB-8","CPU info","GCC 13.3.0","2025-10-06 15:41:41"
41000000,simultaneo,random,1,43,0.013863157,0,"","INOVAI-NB-8","CPU info","GCC 13.3.0","2025-10-06 15:41:41"
41000000,não simultaneo,random,2,44,0.014051892,0,"","INOVAI-NB-8","CPU info","GCC 13.3.0","2025-10-06 15:41:41"
41000000,simultaneo,random,2,44,0.017419236,0,"","INOVAI-NB-8","CPU info","GCC 13.3.0","2025-10-06 15:41:41"
41000000,não simultaneo,random,3,45,0.013782904,0,"","INOVAI-NB-8","CPU info","GCC 13.3.0","2025-10-06 15:41:41"
41000000,simultaneo,random,3,45,0.013872603,0,"","INOVAI-NB-8","CPU info","GCC 13.3.0","2025-10-06 15:41:41"
41000000,não simultaneo,random,4,46,0.014146587,0,"","INOVAI-NB-8","CPU info","GCC 13.3.0","2025-10-06 15:41:41"
41000000,simultaneo,random,4,46,0.013675835,0,"","INOVAI-NB-8","CPU info","GCC 13.3.0","2025-10-06 15:41:41"
42000000,não simultaneo,random,0,42,0.014518252,0,"","INOVAI-NB-8","CPU info","GCC 13.3.0","2025-10-06 15:41:41"
42000000,simultaneo,random,0,42,0.014026680,0,"","INOVAI-NB-8","CPU info","GCC 13.3.0","2025-10-06 15:41:41"
42000000,não simultaneo,random,1,43,0.014687397,0,"","INOVAI-NB-8","CPU info","GCC 13.3.0","2025-10-06 15:41:41"
42000000,simultaneo,random,1,43,0.014040649,0,"","INOVAI-NB-8","CPU info","GCC 13.3.0","2025-10-06 15:41:41"
42000000,não simultaneo,random,2,44,0.015121232,0,"","INOVAI-NB-8","CPU info","GCC 13.3.0","2025-10-06 15:41:41"
42000000,simultaneo,random,2,44,0.013910034,0,"","INOVAI-NB-8","CPU info","GCC 13.3.0","2025-10-06 15:41:41"
42000000,não simultaneo,random,3,45,0.015456338,0,"","INOVAI-NB-8","CPU info","GCC 13.3.0","2025-10-06 15:41:41"
42000000,simultaneo,random,3,45,0.014050828,0,"","INOVAI-NB-8","CPU info","GCC 13.3.0","2025-10-06 15:41:41"
42000000,não simultaneo,random,4,46,0.014085733,0,"","INOVAI-NB-8","CPU info","GCC 13.3.0","2025-10-06 15:41:41"
42000000,simultaneo,random,4,46,0.013912720,0,"","INOVAI-NB-8","CPU info","GCC 13.3.0","2025-10-06 15:41:41"
43000000,não simultaneo,random,0,42,0.014186969,0,"","INOVAI-NB-8","CPU info","GCC 13.3.0","2025-10-06 15:41:41"
43000000,simultaneo,random,0,42,0.013995049,0,"","INOVAI-NB-8","CPU info","GCC 13.3.0","2025-10-06 15:41:41"
43000000,não simultaneo,random,1,43,0.014331841,0,"","INOVAI-NB-8","CPU info","GCC 13.3.0","2025-10-06 15:41:41"
43000000,simultaneo,random,1,43,0.014257302,0,"","INOVAI-NB-8","CPU info","GCC 13.3.0","2025-10-06 15:41:41"
43000000,não simultaneo,random,2,44,0.014773262,0,"","INOVAI-NB-8","CPU info","GCC 13.3.0","2025-10-06 15:41:41"
43000000,simultaneo,random,2,44,0.014282250,0,"","INOVAI-NB-8","CPU info","GCC 13.3.0","2025-10-06 15:41:41"
43000000,não simultaneo,random,3,45,0.015082149,0,"","INOVAI-NB-8","CPU info","GCC 13.3.0","2025-10-06 15:41:41"
43000000,simultaneo,random,3,45,0.014405416,0,"","INOVAI-NB-8","CPU info","GCC 13.3.0","2025-10-06 15:41:41"
43000000,não simultaneo,random,4,46,0.024876670,0,"","INOVAI-NB-8","CPU info","GCC 13.3.0","2025-10-06 15:41:41"
43000000,simultaneo,random,4,46,0.013834824,0,"","INOVAI-NB-8","CPU info","GCC 13.3.0","2025-10-06 15:41:41"
44000000,não simultaneo,random,0,42,0.016383107,0,"","INOVAI-NB-8","CPU info","GCC 13.3.0","2025-10-06 15:41:41"
44000000,simultaneo,random,0,42,0.014336026,0,"","INOVAI-NB-8","CPU info","GCC 13.3.0","2025-10-06 15:41:41"
44000000,não simultaneo,random,1,43,0.015185578,0,"","INOVAI-NB-8","CPU info","GCC 13.3.0","2025-10-06 15:41:41"
44000000,simultaneo,random,1,43,0.014701375,0,"","INOVAI-NB-8","CPU info","GCC 13.3.0","2025-10-06 15:41:41"
44000000,não simultaneo,random,2,44,0.015231257,0,"","INOVAI-NB-8","CPU info","GCC 13.3.0","2025-10-06 15:41:41"
44000000,simultaneo,random,2,44,0.014300246,0,"","INOVAI-NB-8","CPU info","GCC 13.3.0","2025-10-06 15:41:41"
44000000,não simultaneo,random,3,45,0.014904509,0,"","INOVAI-NB-8","CPU info","GCC 13.3.0","2025-10-06 15:41:41"
44000000,simultaneo,random,3,45,0.014919497,0,"","INOVAI-NB-8","CPU info","GCC 13.3.0","2025-10-06 15:41:41"
44000000,não simultaneo,random,4,46,0.015347125,0,"","INOVAI-NB-8","CPU info","GCC 13.3.0","2025-10-06 15:41:41"
44000000,simultaneo,random,4,46,0.014992771,0,"","INOVAI-NB-8","CPU info","GCC 13.3.0","2025-10-06 15:41:41"
45000000,não simultaneo,random,0,42,0.015627681,0,"","INOVAI-NB-8","CPU info","GCC 13.3.0","2025-10-06 15:41:41"
45000000,simultaneo,random,0,42,0.014855985,0,"","INOVAI-NB-8","CPU info","GCC 13.3.0","2025-10-06 15:41:41"
45000000,não simultaneo,random,1,43,0.015705493,0,"","INOVAI-NB-8","CPU info","GCC 13.3.0","2025-10-06 15:41:41"
45000000,simultaneo,random,1,43,0.014851187,0,"","INOVAI-NB-8","CPU info","GCC 13.3.0","2025-10-06 15:41:41"
45000000,não simultaneo,random,2,44,0.015775363,0,"","INOVAI-NB-8","CPU info","GCC 13.3.0","2025-10-06 15:41:41"
45000000,simultaneo,random,2,44,0.015146222,0,"","INOVAI-NB-8","CPU info","GCC 13.3.0","2025-10-06 15:41:41"
45000000,não simultaneo,random,3,45,0.015764651,0,"","INOVAI-NB-8","CPU info","GCC 13.3.0","2025-10-06 15:41:41"
45000000,simultaneo,random,3,45,0.014743308,0,"","INOVAI-NB-8","CPU info","GCC 13.3.0","2025-10-06 15:41:41"
45000000,não simultaneo,random,4,46,0.015637330,0,"","INOVAI-NB-8","CPU info","GCC 13.3.0","2025-10-06 15:41:41"
45000000,simultaneo,random,4,46,0.015300698,0,"","INOVAI-NB-8","CPU info","GCC 13.3.0","2025-10-06 15:41:41"
46000000,não simultaneo,random,0,42,0.015887137,0,"","INOVAI-NB-8","CPU info","GCC 13.3.0","2025-10-06 15:41:41"
46000000,simultaneo,random,0,42,0.014940991,0,"","INOVAI-NB-8","CPU info","GCC 13.3.0","2025-10-06 15:41:41"
46000000,não simultaneo,random,1,43,0.015770587,0,"","INOVAI-NB-8","CPU info","GCC 13.3.0","2025-10-06 15:41:41"
46000000,simultaneo,random,1,43,0.014962033,0,"","INOVAI-NB-8","CPU info","GCC 13.3.0","2025-10-06 15:41:41"
46000000,não simultaneo,random,2,44,0.015841598,0,"","INOVAI-NB-8","CPU info","GCC 13.3.0","2025-10-06 15:41:41"
46000000,simultaneo,random,2,44,0.015377654,0,"","INOVAI-NB-8","CPU info","GCC 13.3.0","2025-10-06 15:41:41"
46000000,não simultaneo,random,3,45,0.016015745,0,"","INOVAI-NB-8","CPU info","GCC 13.3.0","2025-10-06 15:41:41"
46000000,simultaneo,random,3,45,0.014971164,0,"","INOVAI-NB-8","CPU info","GCC 13.3.0","2025-10-06 15:41:41"
46000000,não simultaneo,random,4,46,0.016231485,0,"","INOVAI-NB-8","CPU info","GCC 13.3.0","2025-10-06 15:41:41"
46000000,simultaneo,random,4,46,0.014982791,0,"","INOVAI-NB-8","CPU info","GCC 13.3.0","2025-10-06 15:41:41"
47000000,não simultaneo,random,0,42,0.015941254,0,"","INOVAI-NB-8","CPU info","GCC 13.3.0","2025-10-06 15:41:41"
47000000,simultaneo,random,0,42,0.015363928,0,"","INOVAI-NB-8","CPU info","GCC 13.3.0","2025-10-06 15:41:41"
47000000,não simultaneo,random,1,43,0.015974215,0,"","INOVAI-NB-8","CPU info","GCC 13.3.0","2025-10-06 15:41:41"
47000000,simultaneo,random,1,43,0.015563431,0,"","INOVAI-NB-8","CPU info","GCC 13.3.0","2025-10-06 15:41:41"
47000000,não simultaneo,random,2,44,0.015328438,0,"","INOVAI-NB-8","CPU info","GCC 13.3.0","2025-10-06 15:41:41"
47000000,simultaneo,random,2,44,0.016928341,0,"","INOVAI-NB-8","CPU info","GCC 13.3.0","2025-10-06 15:41:41"
47000000,não simultaneo,random,3,45,0.015429841,0,"","INOVAI-NB-8","CPU info","GCC 13.3.0","2025-10-06 15:41:41"
47000000,simultaneo,random,3,45,0.014698125,0,"","INOVAI-NB-8","CPU info","GCC 13.3.0","2025-10-06 15:41:41"
47000000,não simultaneo,random,4,46,0.015156102,0,"","INOVAI-NB-8","CPU info","GCC 13.3.0","2025-10-06 15:41:41"
47000000,simultaneo,random,4,46,0.014602770,0,"","INOVAI-NB-8","CPU info","GCC 13.3.0","2025-10-06 15:41:41"
48000000,não simultaneo,random,0,42,0.016124625,0,"","INOVAI-NB-8","CPU info","GCC 13.3.0","2025-10-06 15:41:41"
48000000,simultaneo,random,0,42,0.015283428,0,"","INOVAI-NB-8","CPU info","GCC 13.3.0","2025-10-06 15:41:41"
48000000,não simultaneo,random,1,43,0.014596624,0,"","INOVAI-NB-8","CPU info","GCC 13.3.0","2025-10-06 15:41:41"
48000000,simultaneo,random,1,43,0.014021845,0,"","INOVAI-NB-8","CPU info","GCC 13.3.0","2025-10-06 15:41:41"
48000000,não simultaneo,random,2,44,0.015052658,0,"","INOVAI-NB-8","CPU info","GCC 13.3.0","2025-10-06 15:41:41"
48000000,simultaneo,random,2,44,0.014591722,0,"","INOVAI-NB-8","CPU info","GCC 13.3.0","2025-10-06 15:41:41"
48000000,não simultaneo,random,3,45,0.015322954,0,"","INOVAI-NB-8","CPU info","GCC 13.3.0","2025-10-06 15:41:41"
48000000,simultaneo,random,3,45,0.014147628,0,"","INOVAI-NB-8","CPU info","GCC 13.3.0","2025-10-06 15:41:41"
48000000,não simultaneo,random,4,46,0.015575667,0,"","INOVAI-NB-8","CPU info","GCC 13.3.0","2025-10-06 15:41:41"
48000000,simultaneo,random,4,46,0.014369365,0,"","INOVAI-NB-8","CPU info","GCC 13.3.0","2025-10-06 15:41:41"
49000000,não simultaneo,random,0,42,0.015264690,0,"","INOVAI-NB-8","CPU info","GCC 13.3.0","2025-10-06 15:41:41"
49000000,simultaneo,random,0,42,0.014704930,0,"","INOVAI-NB-8","CPU info","GCC 13.3.0","2025-10-06 15:41:41"
49000000,não simultaneo,random,1,43,0.015582895,0,"","INOVAI-NB-8","CPU info","GCC 13.3.0","2025-10-06 15:41:41"
49000000,simultaneo,random,1,43,0.014551582,0,"","INOVAI-NB-8","CPU info","GCC 13.3.0","2025-10-06 15:41:41"
49000000,não simultaneo,random,2,44,0.016895282,0,"","INOVAI-NB-8","CPU info","GCC 13.3.0","2025-10-06 15:41:41"
49000000,simultaneo,random,2,44,0.016288176,0,"","INOVAI-NB-8","CPU info","GCC 13.3.0","2025-10-06 15:41:41"
49000000,não simultaneo,random,3,45,0.017167418,0,"","INOVAI-NB-8","CPU info","GCC 13.3.0","2025-10-06 15:41:41"
49000000,simultaneo,random,3,45,0.014901933,0,"","INOVAI-NB-8","CPU info","GCC 13.3.0","2025-10-06 15:41:41"
49000000,não simultaneo,random,4,46,0.015315520,0,"","INOVAI-NB-8","CPU info","GCC 13.3.0","2025-10-06 15:41:41"
49000000,simultaneo,random,4,46,0.015303242,0,"","INOVAI-NB-8","CPU info","GCC 13.3.0","2025-10-06 15:41:41"
50000000,não simultaneo,random,0,42,0.015546673,0,"","INOVAI-NB-8","CPU info","GCC 13.3.0","2025-10-06 15:41:41"
50000000,simultaneo,random,0,42,0.016405556,0,"","INOVAI-NB-8","CPU info","GCC 13.3.0","2025-10-06 15:41:41"
50000000,não simultaneo,random,1,43,0.015690950,0,"","INOVAI-NB-8","CPU info","GCC 13.3.0","2025-10-06 15:41:41"
50000000,simultaneo,random,1,43,0.015480538,0,"","INOVAI-NB-8","CPU info","GCC 13.3.0","2025-10-06 15:41:41"
50000000,não simultaneo,random,2,44,0.015262775,0,"","INOVAI-NB-8","CPU info","GCC 13.3.0","2025-10-06 15:41:41"
50000000,simultaneo,random,2,44,0.014347184,0,"","INOVAI-NB-8","CPU info","GCC 13.3.0","2025-10-06 15:41:41"
50000000,não simultaneo,random,3,45,0.015199555,0,"","INOVAI-NB-8","CPU info","GCC 13.3.0","2025-10-06 15:41:41"
50000000,simultaneo,random,3,45,0.014613958,0,"","INOVAI-NB-8","CPU info","GCC 13.3.0","2025-10-06 15:41:41"
50000000,não simultaneo,random,4,46,0.015260953,0,"","INOVAI-NB-8","CPU info","GCC 13.3.0","2025-10-06 15:41:41"
50000000,simultaneo,random,4,46,0.014654807,0,"","INOVAI-NB-8","CPU info","GCC 13.3.0","2025-10-06 15:41:41"
51000000,não simultaneo,random,0,42,0.015861175,0,"","INOVAI-NB-8","CPU info","GCC 13.3.0","2025-10-06 15:41:41"
51000000,simultaneo,random,0,42,0.014350712,0,"","INOVAI-NB-8","CPU info","GCC 13.3.0","2025-10-06 15:41:41"
51000000,não simultaneo,random,1,43,0.019318758,0,"","INOVAI-NB-8","CPU info","GCC 13.3.0","2025-10-06 15:41:41"
51000000,simultaneo,random,1,43,0.019581218,0,"","INOVAI-NB-8","CPU info","GCC 13.3.0","2025-10-06 15:41:41"
51000000,não simultaneo,random,2,44,0.015942808,0,"","INOVAI-NB-8","CPU info","GCC 13.3.0","2025-10-06 15:41:41"
51000000,simultaneo,random,2,44,0.014965546,0,"","INOVAI-NB-8","CPU info","GCC 13.3.0","2025-10-06 15:41:41"
51000000,não simultaneo,random,3,45,0.016485489,0,"","INOVAI-NB-8","CPU info","GCC 13.3.0","2025-10-06 15:41:41"
51000000,simultaneo,random,3,45,0.015530061,0,"","INOVAI-NB-8","CPU info","GCC 13.3.0","2025-10-06 15:41:41"
51000000,não simultaneo,random,4,46,0.015449301,0,"","INOVAI-NB-8","CPU info","GCC 13.3.0","2025-10-06 15:41:41"
51000000,simultaneo,random,4,46,0.014785305,0,"","INOVAI-NB-8","CPU info","GCC 13.3.0","2025-10-06 15:41:41"
52000000,não simultaneo,random,0,42,0.017471339,0,"","INOVAI-NB-8","CPU info","GCC 13.3.0","2025-10-06 15:41:41"
52000000,simultaneo,random,0,42,0.014995481,0,"","INOVAI-NB-8","CPU info","GCC 13.3.0","2025-10-06 15:41:41"
52000000,não simultaneo,random,1,43,0.015746233,0,"","INOVAI-NB-8","CPU info","GCC 13.3.0","2025-10-06 15:41:41"
52000000,simultaneo,random,1,43,0.015069801,0,"","INOVAI-NB-8","CPU info","GCC 13.3.0","2025-10-06 15:41:41"
52000000,não simultaneo,random,2,44,0.016159814,0,"","INOVAI-NB-8","CPU info","GCC 13.3.0","2025-10-06 15:41:41"
52000000,simultaneo,random,2,44,0.015096231,0,"","INOVAI-NB-8","CPU info","GCC 13.3.0","2025-10-06 15:41:41"
52000000,não simultaneo,random,3,45,0.016541513,0,"","INOVAI-NB-8","CPU info","GCC 13.3.0","2025-10-06 15:41:41"
52000000,simultaneo,random,3,45,0.015072026,0,"","INOVAI-NB-8","CPU info","GCC 13.3.0","2025-10-06 15:41:41"
52000000,não simultaneo,random,4,46,0.016307292,0,"","INOVAI-NB-8","CPU info","GCC 13.3.0","2025-10-06 15:41:41"
52000000,simultaneo,random,4,46,0.014991998,0,"","INOVAI-NB-8","CPU info","GCC 13.3.0","2025-10-06 15:41:41"
53000000,não simultaneo,random,0,42,0.016685318,0,"","INOVAI-NB-8","CPU info","GCC 13.3.0","2025-10-06 15:41:41"
53000000,simultaneo,random,0,42,0.015586862,0,"","INOVAI-NB-8","CPU info","GCC 13.3.0","2025-10-06 15:41:41"
53000000,não simultaneo,random,1,43,0.017393966,0,"","INOVAI-NB-8","CPU info","GCC 13.3.0","2025-10-06 15:41:41"
53000000,simultaneo,random,1,43,0.015513248,0,"","INOVAI-NB-8","CPU info","GCC 13.3.0","2025-10-06 15:41:41"
53000000,não simultaneo,random,2,44,0.016898905,0,"","INOVAI-NB-8","CPU info","GCC 13.3.0","2025-10-06 15:41:41"
53000000,simultaneo,random,2,44,0.015866303,0,"","INOVAI-NB-8","CPU info","GCC 13.3.0","2025-10-06 15:41:41"
53000000,não simultaneo,random,3,45,0.016765971,0,"","INOVAI-NB-8","CPU info","GCC 13.3.0","2025-10-06 15:41:41"
53000000,simultaneo,random,3,45,0.015032312,0,"","INOVAI-NB-8","CPU info","GCC 13.3.0","2025-10-06 15:41:41"
53000000,não simultaneo,random,4,46,0.015785077,0,"","INOVAI-NB-8","CPU info","GCC 13.3.0","2025-10-06 15:41:41"
53000000,simultaneo,random,4,46,0.015304753,0,"","INOVAI-NB-8","CPU info","GCC 13.3.0","2025-10-06 15:41:41"
54000000,não simultaneo,random,0,42,0.016836783,0,"","INOVAI-NB-8","CPU info","GCC 13.3.0","2025-10-06 15:41:41"
54000000,simultaneo,random,0,42,0.015606166,0,"","INOVAI-NB-8","CPU info","GCC 13.3.0","2025-10-06 15:41:41"
54000000,não simultaneo,random,1,43,0.016339444,0,"","INOVAI-NB-8","CPU info","GCC 13.3.0","2025-10-06 15:41:41"
54000000,simultaneo,random,1,43,0.015225397,0,"","INOVAI-NB-8","CPU info","GCC 13.3.0","2025-10-06 15:41:41"
54000000,não simultaneo,random,2,44,0.017702419,0,"","INOVAI-NB-8","CPU info","GCC 13.3.0","2025-10-06 15:41:41"
54000000,simultaneo,random,2,44,0.015592925,0,"","INOVAI-NB-8","CPU info","GCC 13.3.0","2025-10-06 15:41:41"
54000000,não simultaneo,random,3,45,0.016137847,0,"","INOVAI-NB-8","CPU info","GCC 13.3.0","2025-10-06 15:41:41"
54000000,simultaneo,random,3,45,0.015591549,0,"","INOVAI-NB-8","CPU info","GCC 13.3.0","2025-10-06 15:41:41"
54000000,não simultaneo,random,4,46,0.016461544,0,"","INOVAI-NB-8","CPU info","GCC 13.3.0","2025-10-06 15:41:41"
54000000,simultaneo,random,4,46,0.016194730,0,"","INOVAI-NB-8","CPU info","GCC 13.3.0","2025-10-06 15:41:41"
55000000,não simultaneo,random,0,42,0.017476547,0,"","INOVAI-NB-8","CPU info","GCC 13.3.0","2025-10-06 15:41:41"
55000000,simultaneo,random,0,42,0.015962434,0,"","INOVAI-NB-8","CPU info","GCC 13.3.0","2025-10-06 15:41:41"
55000000,não simultaneo,random,1,43,0.016541576,0,"","INOVAI-NB-8","CPU info","GCC 13.3.0","2025-10-06 15:41:41"
55000000,simultaneo,random,1,43,0.015728397,0,"","INOVAI-NB-8","CPU info","GCC 13.3.0","2025-10-06 15:41:41"
55000000,não simultaneo,random,2,44,0.016694620,0,"","INOVAI-NB-8","CPU info","GCC 13.3.0","2025-10-06 15:41:41"
55000000,simultaneo,random,2,44,0.015808015,0,"","INOVAI-NB-8","CPU info","GCC 13.3.0","2025-10-06 15:41:41"
55000000,não simultaneo,random,3,45,0.017100661,0,"","INOVAI-NB-8","CPU info","GCC 13.3.0","2025-10-06 15:41:41"
55000000,simultaneo,random,3,45,0.015482509,0,"","INOVAI-NB-8","CPU info","GCC 13.3.0","2025-10-06 15:41:41"
55000000,não simultaneo,random,4,46,0.016724231,0,"","INOVAI-NB-8","CPU info","GCC 13.3.0","2025-10-06 15:41:41"
55000000,simultaneo,random,4,46,0.015776598,0,"","INOVAI-NB-8","CPU info","GCC 13.3.0","2025-10-06 15:41:41"
56000000,não simultaneo,random,0,42,0.017312705,0,"","INOVAI-NB-8","CPU info","GCC 13.3.0","2025-10-06 15:41:41"
56000000,simultaneo,random,0,42,0.016033265,0,"","INOVAI-NB-8","CPU info","GCC 13.3.0","2025-10-06 15:41:41"
56000000,não simultaneo,random,1,43,0.017333114,0,"","INOVAI-NB-8","CPU info","GCC 13.3.0","2025-10-06 15:41:41"
56000000,simultaneo,random,1,43,0.015982819,0,"","INOVAI-NB-8","CPU info","GCC 13.3.0","2025-10-06 15:41:41"
56000000,não simultaneo,random,2,44,0.017932425,0,"","INOVAI-NB-8","CPU info","GCC 13.3.0","2025-10-06 15:41:41"
56000000,simultaneo,random,2,44,0.015604746,0,"","INOVAI-NB-8","CPU info","GCC 13.3.0","2025-10-06 15:41:41"
56000000,não simultaneo,random,3,45,0.016887273,0,"","INOVAI-NB-8","CPU info","GCC 13.3.0","2025-10-06 15:41:41"
56000000,simultaneo,random,3,45,0.015917356,0,"","INOVAI-NB-8","CPU info","GCC 13.3.0","2025-10-06 15:41:41"
56000000,não simultaneo,random,4,46,0.026056606,0,"","INOVAI-NB-8","CPU info","GCC 13.3.0","2025-10-06 15:41:41"
56000000,simultaneo,random,4,46,0.016322037,0,"","INOVAI-NB-8","CPU info","GCC 13.3.0","2025-10-06 15:41:41"
57000000,não simultaneo,random,0,42,0.017491294,0,"","INOVAI-NB-8","CPU info","GCC 13.3.0","2025-10-06 15:41:41"
57000000,simultaneo,random,0,42,0.016780756,0,"","INOVAI-NB-8","CPU info","GCC 13.3.0","2025-10-06 15:41:41"
57000000,não simultaneo,random,1,43,0.017881957,0,"","INOVAI-NB-8","CPU info","GCC 13.3.0","2025-10-06 15:41:41"
57000000,simultaneo,random,1,43,0.016527034,0,"","INOVAI-NB-8","CPU info","GCC 13.3.0","2025-10-06 15:41:41"
57000000,não simultaneo,random,2,44,0.017065329,0,"","INOVAI-NB-8","CPU info","GCC 13.3.0","2025-10-06 15:41:41"
57000000,simultaneo,random,2,44,0.016234692,0,"","INOVAI-NB-8","CPU info","GCC 13.3.0","2025-10-06 15:41:41"
57000000,não simultaneo,random,3,45,0.018265594,0,"","INOVAI-NB-8","CPU info","GCC 13.3.0","2025-10-06 15:41:41"
57000000,simultaneo,random,3,45,0.016891499,0,"","INOVAI-NB-8","CPU info","GCC 13.3.0","2025-10-06 15:41:41"
57000000,não simultaneo,random,4,46,0.017207339,0,"","INOVAI-NB-8","CPU info","GCC 13.3.0","2025-10-06 15:41:41"
57000000,simultaneo,random,4,46,0.016252965,0,"","INOVAI-NB-8","CPU info","GCC 13.3.0","2025-10-06 15:41:41"
58000000,não simultaneo,random,0,42,0.017879206,0,"","INOVAI-NB-8","CPU info","GCC 13.3.0","2025-10-06 15:41:41"
58000000,simultaneo,random,0,42,0.017448627,0,"","INOVAI-NB-8","CPU info","GCC 13.3.0","2025-10-06 15:41:41"
58000000,não simultaneo,random,1,43,0.017482366,0,"","INOVAI-NB-8","CPU info","GCC 13.3.0","2025-10-06 15:41:41"
58000000,simultaneo,random,1,43,0.017066602,0,"","INOVAI-NB-8","CPU info","GCC 13.3.0","2025-10-06 15:41:41"
58000000,não simultaneo,random,2,44,0.017969279,0,"","INOVAI-NB-8","CPU info","GCC 13.3.0","2025-10-06 15:41:41"
58000000,simultaneo,random,2,44,0.017303636,0,"","INOVAI-NB-8","CPU info","GCC 13.3.0","2025-10-06 15:41:41"
58000000,não simultaneo,random,3,45,0.018394106,0,"","INOVAI-NB-8","CPU info","GCC 13.3.0","2025-10-06 15:41:41"
58000000,simultaneo,random,3,45,0.017295338,0,"","INOVAI-NB-8","CPU info","GCC 13.3.0","2025-10-06 15:41:41"
58000000,não simultaneo,random,4,46,0.017577076,0,"","INOVAI-NB-8","CPU info","GCC 13.3.0","2025-10-06 15:41:41"
58000000,simultaneo,random,4,46,0.016708076,0,"","INOVAI-NB-8","CPU info","GCC 13.3.0","2025-10-06 15:41:41"
59000000,não simultaneo,random,0,42,0.019663555,0,"","INOVAI-NB-8","CPU info","GCC 13.3.0","2025-10-06 15:41:41"
59000000,simultaneo,random,0,42,0.016015748,0,"","INOVAI-NB-8","CPU info","GCC 13.3.0","2025-10-06 15:41:41"
59000000,não simultaneo,random,1,43,0.018450712,0,"","INOVAI-NB-8","CPU info","GCC 13.3.0","2025-10-06 15:41:41"
59000000,simultaneo,random,1,43,0.017343173,0,"","INOVAI-NB-8","CPU info","GCC 13.3.0","2025-10-06 15:41:41"
59000000,não simultaneo,random,2,44,0.018196418,0,"","INOVAI-NB-8","CPU info","GCC 13.3.0","2025-10-06 15:41:41"
59000000,simultaneo,random,2,44,0.016308935,0,"","INOVAI-NB-8","CPU info","GCC 13.3.0","2025-10-06 15:41:41"
59000000,não simultaneo,random,3,45,0.018353819,0,"","INOVAI-NB-8","CPU info","GCC 13.3.0","2025-10-06 15:41:41"
59000000,simultaneo,random,3,45,0.016439014,0,"","INOVAI-NB-8","CPU info","GCC 13.3.0","2025-10-06 15:41:41"
59000000,não simultaneo,random,4,46,0.019033912,0,"","INOVAI-NB-8","CPU info","GCC 13.3.0","2025-10-06 15:41:41"
59000000,simultaneo,random,4,46,0.016980884,0,"","INOVAI-NB-8","CPU info","GCC 13.3.0","2025-10-06 15:41:41"
60000000,não simultaneo,random,0,42,0.018576953,0,"","INOVAI-NB-8","CPU info","GCC 13.3.0","2025-10-06 15:41:41"
60000000,simultaneo,random,0,42,0.016610453,0,"","INOVAI-NB-8","CPU info","GCC 13.3.0","2025-10-06 15:41:41"
60000000,não simultaneo,random,1,43,0.018435641,0,"","INOVAI-NB-8","CPU info","GCC 13.3.0","2025-10-06 15:41:41"
60000000,simultaneo,random,1,43,0.020100175,0,"","INOVAI-NB-8","CPU info","GCC 13.3.0","2025-10-06 15:41:41"
60000000,não simultaneo,random,2,44,0.018184828,0,"","INOVAI-NB-8","CPU info","GCC 13.3.0","2025-10-06 15:41:41"
60000000,simultaneo,random,2,44,0.016589470,0,"","INOVAI-NB-8","CPU info","GCC 13.3.0","2025-10-06 15:41:41"
60000000,não simultaneo,random,3,45,0.017973431,0,"","INOVAI-NB-8","CPU info","GCC 13.3.0","2025-10-06 15:41:41"
60000000,simultaneo,random,3,45,0.017063245,0,"","INOVAI-NB-8","CPU info","GCC 13.3.0","2025-10-06 15:41:41"
60000000,não simultaneo,random,4,46,0.019122873,0,"","INOVAI-NB-8","CPU info","GCC 13.3.0","2025-10-06 15:41:41"
60000000,simultaneo,random,4,46,0.016772362,0,"","INOVAI-NB-8","CPU info","GCC 13.3.0","2025-10-06 15:41:41"
61000000,não simultaneo,random,0,42,0.019086706,0,"","INOVAI-NB-8","CPU info","GCC 13.3.0","2025-10-06 15:41:41"
61000000,simultaneo,random,0,42,0.017074795,0,"","INOVAI-NB-8","CPU info","GCC 13.3.0","2025-10-06 15:41:41"
61000000,não simultaneo,random,1,43,0.025192867,0,"","INOVAI-NB-8","CPU info","GCC 13.3.0","2025-10-06 15:41:41"
61000000,simultaneo,random,1,43,0.016925940,0,"","INOVAI-NB-8","CPU info","GCC 13.3.0","2025-10-06 15:41:41"
61000000,não simultaneo,random,2,44,0.018760039,0,"","INOVAI-NB-8","CPU info","GCC 13.3.0","2025-10-06 15:41:41"
61000000,simultaneo,random,2,44,0.017066448,0,"","INOVAI-NB-8","CPU info","GCC 13.3.0","2025-10-06 15:41:41"
61000000,não simultaneo,random,3,45,0.019397921,0,"","INOVAI-NB-8","CPU info","GCC 13.3.0","2025-10-06 15:41:41"
61000000,simultaneo,random,3,45,0.016682661,0,"","INOVAI-NB-8","CPU info","GCC 13.3.0","2025-10-06 15:41:41"
61000000,não simultaneo,random,4,46,0.019455211,0,"","INOVAI-NB-8","CPU info","GCC 13.3.0","2025-10-06 15:41:41"
61000000,simultaneo,random,4,46,0.018223793,0,"","INOVAI-NB-8","CPU info","GCC 13.3.0","2025-10-06 15:41:41"
62000000,não simultaneo,random,0,42,0.019502106,0,"","INOVAI-NB-8","CPU info","GCC 13.3.0","2025-10-06 15:41:41"
62000000,simultaneo,random,0,42,0.018433721,0,"","INOVAI-NB-8","CPU info","GCC 13.3.0","2025-10-06 15:41:41"
62000000,não simultaneo,random,1,43,0.020320371,0,"","INOVAI-NB-8","CPU info","GCC 13.3.0","2025-10-06 15:41:41"
62000000,simultaneo,random,1,43,0.021378700,0,"","INOVAI-NB-8","CPU info","GCC 13.3.0","2025-10-06 15:41:41"
62000000,não simultaneo,random,2,44,0.019664008,0,"","INOVAI-NB-8","CPU info","GCC 13.3.0","2025-10-06 15:41:41"
62000000,simultaneo,random,2,44,0.018454697,0,"","INOVAI-NB-8","CPU info","GCC 13.3.0","2025-10-06 15:41:41"
62000000,não simultaneo,random,3,45,0.019895381,0,"","INOVAI-NB-8","CPU info","GCC 13.3.0","2025-10-06 15:41:41"
62000000,simultaneo,random,3,45,0.017975905,0,"","INOVAI-NB-8","CPU info","GCC 13.3.0","2025-10-06 15:41:41"
62000000,não simultaneo,random,4,46,0.020143940,0,"","INOVAI-NB-8","CPU info","GCC 13.3.0","2025-10-06 15:41:41"
62000000,simultaneo,random,4,46,0.018534722,0,"","INOVAI-NB-8","CPU info","GCC 13.3.0","2025-10-06 15:41:41"
63000000,não simultaneo,random,0,42,0.020231440,0,"","INOVAI-NB-8","CPU info","GCC 13.3.0","2025-10-06 15:41:41"
63000000,simultaneo,random,0,42,0.018343370,0,"","INOVAI-NB-8","CPU info","GCC 13.3.0","2025-10-06 15:41:41"
63000000,não simultaneo,random,1,43,0.020069378,0,"","INOVAI-NB-8","CPU info","GCC 13.3.0","2025-10-06 15:41:41"
63000000,simultaneo,random,1,43,0.018919595,0,"","INOVAI-NB-8","CPU info","GCC 13.3.0","2025-10-06 15:41:41"
63000000,não simultaneo,random,2,44,0.020307248,0,"","INOVAI-NB-8","CPU info","GCC 13.3.0","2025-10-06 15:41:41"
63000000,simultaneo,random,2,44,0.019737355,0,"","INOVAI-NB-8","CPU info","GCC 13.3.0","2025-10-06 15:41:41"
63000000,não simultaneo,random,3,45,0.019607012,0,"","INOVAI-NB-8","CPU info","GCC 13.3.0","2025-10-06 15:41:41"
63000000,simultaneo,random,3,45,0.018809109,0,"","INOVAI-NB-8","CPU info","GCC 13.3.0","2025-10-06 15:41:41"
63000000,não simultaneo,random,4,46,0.019941092,0,"","INOVAI-NB-8","CPU info","GCC 13.3.0","2025-10-06 15:41:41"
63000000,simultaneo,random,4,46,0.019112870,0,"","INOVAI-NB-8","CPU info","GCC 13.3.0","2025-10-06 15:41:41"
64000000,não simultaneo,random,0,42,0.020408451,0,"","INOVAI-NB-8","CPU info","GCC 13.3.0","2025-10-06 15:41:41"
64000000,simultaneo,random,0,42,0.019354757,0,"","INOVAI-NB-8","CPU info","GCC 13.3.0","2025-10-06 15:41:41"
64000000,não simultaneo,random,1,43,0.021098233,0,"","INOVAI-NB-8","CPU info","GCC 13.3.0","2025-10-06 15:41:41"
64000000,simultaneo,random,1,43,0.019436009,0,"","INOVAI-NB-8","CPU info","GCC 13.3.0","2025-10-06 15:41:41"
64000000,não simultaneo,random,2,44,0.020905808,0,"","INOVAI-NB-8","CPU info","GCC 13.3.0","2025-10-06 15:41:41"
64000000,simultaneo,random,2,44,0.021397077,0,"","INOVAI-NB-8","CPU info","GCC 13.3.0","2025-10-06 15:41:41"
64000000,não simultaneo,random,3,45,0.022533260,0,"","INOVAI-NB-8","CPU info","GCC 13.3.0","2025-10-06 15:41:41"
64000000,simultaneo,random,3,45,0.019661326,0,"","INOVAI-NB-8","CPU info","GCC 13.3.0","2025-10-06 15:41:41"
64000000,não simultaneo,random,4,46,0.020111714,0,"","INOVAI-NB-8","CPU info","GCC 13.3.0","2025-10-06 15:41:41"
64000000,simultaneo,random,4,46,0.017900646,0,"","INOVAI-NB-8","CPU info","GCC 13.3.0","2025-10-06 15:41:41"
65000000,não simultaneo,random,0,42,0.023415005,0,"","INOVAI-NB-8","CPU info","GCC 13.3.0","2025-10-06 15:41:41"
65000000,simultaneo,random,0,42,0.019420666,0,"","INOVAI-NB-8","CPU info","GCC 13.3.0","2025-10-06 15:41:41"
65000000,não simultaneo,random,1,43,0.020851041,0,"","INOVAI-NB-8","CPU info","GCC 13.3.0","2025-10-06 15:41:41"
65000000,simultaneo,random,1,43,0.019807611,0,"","INOVAI-NB-8","CPU info","GCC 13.3.0","2025-10-06 15:41:41"
65000000,não simultaneo,random,2,44,0.020573683,0,"","INOVAI-NB-8","CPU info","GCC 13.3.0","2025-10-06 15:41:41"
65000000,simultaneo,random,2,44,0.019612929,0,"","INOVAI-NB-8","CPU info","GCC 13.3.0","2025-10-06 15:41:41"
65000000,não simultaneo,random,3,45,0.020185597,0,"","INOVAI-NB-8","CPU info","GCC 13.3.0","2025-10-06 15:41:41"
65000000,simultaneo,random,3,45,0.019415173,0,"","INOVAI-NB-8","CPU info","GCC 13.3.0","2025-10-06 15:41:41"
65000000,não simultaneo,random,4,46,0.020369439,0,"","INOVAI-NB-8","CPU info","GCC 13.3.0","2025-10-06 15:41:41"
65000000,simultaneo,random,4,46,0.019001709,0,"","INOVAI-NB-8","CPU info","GCC 13.3.0","2025-10-06 15:41:41"
66000000,não simultaneo,random,0,42,0.022822417,0,"","INOVAI-NB-8","CPU info","GCC 13.3.0","2025-10-06 15:41:41"
66000000,simultaneo,random,0,42,0.018513947,0,"","INOVAI-NB-8","CPU info","GCC 13.3.0","2025-10-06 15:41:41"
66000000,não simultaneo,random,1,43,0.020883615,0,"","INOVAI-NB-8","CPU info","GCC 13.3.0","2025-10-06 15:41:41"
66000000,simultaneo,random,1,43,0.019032162,0,"","INOVAI-NB-8","CPU info","GCC 13.3.0","2025-10-06 15:41:41"
66000000,não simultaneo,random,2,44,0.020482342,0,"","INOVAI-NB-8","CPU info","GCC 13.3.0","2025-10-06 15:41:41"
66000000,simultaneo,random,2,44,0.019109222,0,"","INOVAI-NB-8","CPU info","GCC 13.3.0","2025-10-06 15:41:41"
66000000,não simultaneo,random,3,45,0.021241750,0,"","INOVAI-NB-8","CPU info","GCC 13.3.0","2025-10-06 15:41:41"
66000000,simultaneo,random,3,45,0.019397387,0,"","INOVAI-NB-8","CPU info","GCC 13.3.0","2025-10-06 15:41:41"
66000000,não simultaneo,random,4,46,0.020325450,0,"","INOVAI-NB-8","CPU info","GCC 13.3.0","2025-10-06 15:41:41"
66000000,simultaneo,random,4,46,0.019425939,0,"","INOVAI-NB-8","CPU info","GCC 13.3.0","2025-10-06 15:41:41"
67000000,não simultaneo,random,0,42,0.021963846,0,"","INOVAI-NB-8","CPU info","GCC 13.3.0","2025-10-06 15:41:41"
67000000,simultaneo,random,0,42,0.019900302,0,"","INOVAI-NB-8","CPU info","GCC 13.3.0","2025-10-06 15:41:41"
67000000,não simultaneo,random,1,43,0.020781638,0,"","INOVAI-NB-8","CPU info","GCC 13.3.0","2025-10-06 15:41:41"
67000000,simultaneo,random,1,43,0.019238139,0,"","INOVAI-NB-8","CPU info","GCC 13.3.0","2025-10-06 15:41:41"
67000000,não simultaneo,random,2,44,0.021550767,0,"","INOVAI-NB-8","CPU info","GCC 13.3.0","2025-10-06 15:41:41"
67000000,simultaneo,random,2,44,0.019328523,0,"","INOVAI-NB-8","CPU info","GCC 13.3.0","2025-10-06 15:41:41"
67000000,não simultaneo,random,3,45,0.021423213,0,"","INOVAI-NB-8","CPU info","GCC 13.3.0","2025-10-06 15:41:41"
67000000,simultaneo,random,3,45,0.020660112,0,"","INOVAI-NB-8","CPU info","GCC 13.3.0","2025-10-06 15:41:41"
67000000,não simultaneo,random,4,46,0.023891426,0,"","INOVAI-NB-8","CPU info","GCC 13.3.0","2025-10-06 15:41:41"
67000000,simultaneo,random,4,46,0.019106099,0,"","INOVAI-NB-8","CPU info","GCC 13.3.0","2025-10-06 15:41:41"
68000000,não simultaneo,random,0,42,0.023188851,0,"","INOVAI-NB-8","CPU info","GCC 13.3.0","2025-10-06 15:41:41"
68000000,simultaneo,random,0,42,0.019814837,0,"","INOVAI-NB-8","CPU info","GCC 13.3.0","2025-10-06 15:41:41"
68000000,não simultaneo,random,1,43,0.021720787,0,"","INOVAI-NB-8","CPU info","GCC 13.3.0","2025-10-06 15:41:41"
68000000,simultaneo,random,1,43,0.019642235,0,"","INOVAI-NB-8","CPU info","GCC 13.3.0","2025-10-06 15:41:41"
68000000,não simultaneo,random,2,44,0.021278132,0,"","INOVAI-NB-8","CPU info","GCC 13.3.0","2025-10-06 15:41:41"
68000000,simultaneo,random,2,44,0.019800378,0,"","INOVAI-NB-8","CPU info","GCC 13.3.0","2025-10-06 15:41:41"
68000000,não simultaneo,random,3,45,0.023371688,0,"","INOVAI-NB-8","CPU info","GCC 13.3.0","2025-10-06 15:41:41"
68000000,simultaneo,random,3,45,0.018454719,0,"","INOVAI-NB-8","CPU info","GCC 13.3.0","2025-10-06 15:41:41"
68000000,não simultaneo,random,4,46,0.021569340,0,"","INOVAI-NB-8","CPU info","GCC 13.3.0","2025-10-06 15:41:41"
68000000,simultaneo,random,4,46,0.020264943,0,"","INOVAI-NB-8","CPU info","GCC 13.3.0","2025-10-06 15:41:41"
69000000,não simultaneo,random,0,42,0.021843825,0,"","INOVAI-NB-8","CPU info","GCC 13.3.0","2025-10-06 15:41:41"
69000000,simultaneo,random,0,42,0.020364288,0,"","INOVAI-NB-8","CPU info","GCC 13.3.0","2025-10-06 15:41:41"
69000000,não simultaneo,random,1,43,0.022405899,0,"","INOVAI-NB-8","CPU info","GCC 13.3.0","2025-10-06 15:41:41"
69000000,simultaneo,random,1,43,0.020317059,0,"","INOVAI-NB-8","CPU info","GCC 13.3.0","2025-10-06 15:41:41"
69000000,não simultaneo,random,2,44,0.023004520,0,"","INOVAI-NB-8","CPU info","GCC 13.3.0","2025-10-06 15:41:41"
69000000,simultaneo,random,2,44,0.020367641,0,"","INOVAI-NB-8","CPU info","GCC 13.3.0","2025-10-06 15:41:41"
69000000,não simultaneo,random,3,45,0.023203853,0,"","INOVAI-NB-8","CPU info","GCC 13.3.0","2025-10-06 15:41:41"
69000000,simultaneo,random,3,45,0.020777783,0,"","INOVAI-NB-8","CPU info","GCC 13.3.0","2025-10-06 15:41:41"
69000000,não simultaneo,random,4,46,0.022529791,0,"","INOVAI-NB-8","CPU info","GCC 13.3.0","2025-10-06 15:41:41"
69000000,simultaneo,random,4,46,0.020375730,0,"","INOVAI-NB-8","CPU info","GCC 13.3.0","2025-10-06 15:41:41"
70000000,não simultaneo,random,0,42,0.022626705,0,"","INOVAI-NB-8","CPU info","GCC 13.3.0","2025-10-06 15:41:41"
70000000,simultaneo,random,0,42,0.020791850,0,"","INOVAI-NB-8","CPU info","GCC 13.3.0","2025-10-06 15:41:41"
70000000,não simultaneo,random,1,43,0.022983842,0,"","INOVAI-NB-8","CPU info","GCC 13.3.0","2025-10-06 15:41:41"
70000000,simultaneo,random,1,43,0.020617370,0,"","INOVAI-NB-8","CPU info","GCC 13.3.0","2025-10-06 15:41:41"
70000000,não simultaneo,random,2,44,0.023270663,0,"","INOVAI-NB-8","CPU info","GCC 13.3.0","2025-10-06 15:41:41"
70000000,simultaneo,random,2,44,0.020941070,0,"","INOVAI-NB-8","CPU info","GCC 13.3.0","2025-10-06 15:41:41"
70000000,não simultaneo,random,3,45,0.022639601,0,"","INOVAI-NB-8","CPU info","GCC 13.3.0","2025-10-06 15:41:41"
70000000,simultaneo,random,3,45,0.021260714,0,"","INOVAI-NB-8","CPU info","GCC 13.3.0","2025-10-06 15:41:41"
70000000,não simultaneo,random,4,46,0.022966714,0,"","INOVAI-NB-8","CPU info","GCC 13.3.0","2025-10-06 15:41:41"
70000000,simultaneo,random,4,46,0.020864653,0,"","INOVAI-NB-8","CPU info","GCC 13.3.0","2025-10-06 15:41:41"
71000000,não simultaneo,random,0,42,0.024200939,0,"","INOVAI-NB-8","CPU info","GCC 13.3.0","2025-10-06 15:41:41"
71000000,simultaneo,random,0,42,0.020142799,0,"","INOVAI-NB-8","CPU info","GCC 13.3.0","2025-10-06 15:41:41"
71000000,não simultaneo,random,1,43,0.023209553,0,"","INOVAI-NB-8","CPU info","GCC 13.3.0","2025-10-06 15:41:41"
71000000,simultaneo,random,1,43,0.020029510,0,"","INOVAI-NB-8","CPU info","GCC 13.3.0","2025-10-06 15:41:41"
71000000,não simultaneo,random,2,44,0.026242869,0,"","INOVAI-NB-8","CPU info","GCC 13.3.0","2025-10-06 15:41:41"
71000000,simultaneo,random,2,44,0.021813029,0,"","INOVAI-NB-8","CPU info","GCC 13.3.0","2025-10-06 15:41:41"
71000000,não simultaneo,random,3,45,0.022802323,0,"","INOVAI-NB-8","CPU info","GCC 13.3.0","2025-10-06 15:41:41"
71000000,simultaneo,random,3,45,0.020992740,0,"","INOVAI-NB-8","CPU info","GCC 13.3.0","2025-10-06 15:41:41"
71000000,não simultaneo,random,4,46,0.023231539,0,"","INOVAI-NB-8","CPU info","GCC 13.3.0","2025-10-06 15:41:41"
71000000,simultaneo,random,4,46,0.020761135,0,"","INOVAI-NB-8","CPU info","GCC 13.3.0","2025-10-06 15:41:41"
72000000,não simultaneo,random,0,42,0.023213159,0,"","INOVAI-NB-8","CPU info","GCC 13.3.0","2025-10-06 15:41:41"
72000000,simultaneo,random,0,42,0.021246101,0,"","INOVAI-NB-8","CPU info","GCC 13.3.0","2025-10-06 15:41:41"
72000000,não simultaneo,random,1,43,0.024623900,0,"","INOVAI-NB-8","CPU info","GCC 13.3.0","2025-10-06 15:41:41"
72000000,simultaneo,random,1,43,0.020407984,0,"","INOVAI-NB-8","CPU info","GCC 13.3.0","2025-10-06 15:41:41"
72000000,não simultaneo,random,2,44,0.023700746,0,"","INOVAI-NB-8","CPU info","GCC 13.3.0","2025-10-06 15:41:41"
72000000,simultaneo,random,2,44,0.021105059,0,"","INOVAI-NB-8","CPU info","GCC 13.3.0","2025-10-06 15:41:41"
72000000,não simultaneo,random,3,45,0.023278258,0,"","INOVAI-NB-8","CPU info","GCC 13.3.0","2025-10-06 15:41:41"
72000000,simultaneo,random,3,45,0.021146563,0,"","INOVAI-NB-8","CPU info","GCC 13.3.0","2025-10-06 15:41:41"
72000000,não simultaneo,random,4,46,0.025383535,0,"","INOVAI-NB-8","CPU info","GCC 13.3.0","2025-10-06 15:41:41"
72000000,simultaneo,random,4,46,0.020176469,0,"","INOVAI-NB-8","CPU info","GCC 13.3.0","2025-10-06 15:41:41"
73000000,não simultaneo,random,0,42,0.024917900,0,"","INOVAI-NB-8","CPU info","GCC 13.3.0","2025-10-06 15:41:41"
73000000,simultaneo,random,0,42,0.020996647,0,"","INOVAI-NB-8","CPU info","GCC 13.3.0","2025-10-06 15:41:41"
73000000,não simultaneo,random,1,43,0.023555538,0,"","INOVAI-NB-8","CPU info","GCC 13.3.0","2025-10-06 15:41:41"
73000000,simultaneo,random,1,43,0.022845483,0,"","INOVAI-NB-8","CPU info","GCC 13.3.0","2025-10-06 15:41:41"
73000000,não simultaneo,random,2,44,0.025057161,0,"","INOVAI-NB-8","CPU info","GCC 13.3.0","2025-10-06 15:41:41"
73000000,simultaneo,random,2,44,0.021347714,0,"","INOVAI-NB-8","CPU info","GCC 13.3.0","2025-10-06 15:41:41"
73000000,não simultaneo,random,3,45,0.023206672,0,"","INOVAI-NB-8","CPU info","GCC 13.3.0","2025-10-06 15:41:41"
73000000,simultaneo,random,3,45,0.021066044,0,"","INOVAI-NB-8","CPU info","GCC 13.3.0","2025-10-06 15:41:41"
73000000,não simultaneo,random,4,46,0.023300271,0,"","INOVAI-NB-8","CPU info","GCC 13.3.0","2025-10-06 15:41:41"
73000000,simultaneo,random,4,46,0.020741008,0,"","INOVAI-NB-8","CPU info","GCC 13.3.0","2025-10-06 15:41:41"
74000000,não simultaneo,random,0,42,0.023708062,0,"","INOVAI-NB-8","CPU info","GCC 13.3.0","2025-10-06 15:41:41"
74000000,simultaneo,random,0,42,0.021813581,0,"","INOVAI-NB-8","CPU info","GCC 13.3.0","2025-10-06 15:41:41"
74000000,não simultaneo,random,1,43,0.025503962,0,"","INOVAI-NB-8","CPU info","GCC 13.3.0","2025-10-06 15:41:41"
74000000,simultaneo,random,1,43,0.022439346,0,"","INOVAI-NB-8","CPU info","GCC 13.3.0","2025-10-06 15:41:41"
74000000,não simultaneo,random,2,44,0.023376648,0,"","INOVAI-NB-8","CPU info","GCC 13.3.0","2025-10-06 15:41:41"
74000000,simultaneo,random,2,44,0.020722504,0,"","INOVAI-NB-8","CPU info","GCC 13.3.0","2025-10-06 15:41:41"
74000000,não simultaneo,random,3,45,0.022773959,0,"","INOVAI-NB-8","CPU info","GCC 13.3.0","2025-10-06 15:41:41"
74000000,simultaneo,random,3,45,0.020815071,0,"","INOVAI-NB-8","CPU info","GCC 13.3.0","2025-10-06 15:41:41"
74000000,não simultaneo,random,4,46,0.022668771,0,"","INOVAI-NB-8","CPU info","GCC 13.3.0","2025-10-06 15:41:41"
74000000,simultaneo,random,4,46,0.020903083,0,"","INOVAI-NB-8","CPU info","GCC 13.3.0","2025-10-06 15:41:41"
2050000000,não simultaneo,random,0,42,0.874996362,0,"","INOVAI-NB-8","CPU info","GCC 13.3.0","2025-10-06 15:41:41"
2050000000,simultaneo,random,0,42,0.598946650,0,"","INOVAI-NB-8","CPU info","GCC 13.3.0","2025-10-06 15:41:41"
2050000000,não simultaneo,random,1,43,0.822216681,0,"","INOVAI-NB-8","CPU info","GCC 13.3.0","2025-10-06 15:41:41"
2050000000,simultaneo,random,1,43,0.525898093,0,"","INOVAI-NB-8","CPU info","GCC 13.3.0","2025-10-06 15:41:41"
2050000000,não simultaneo,random,2,44,0.665187255,0,"","INOVAI-NB-8","CPU info","GCC 13.3.0","2025-10-06 15:41:41"
2050000000,simultaneo,random,2,44,0.497499135,0,"","INOVAI-NB-8","CPU info","GCC 13.3.0","2025-10-06 15:41:41"
2050000000,não simultaneo,random,3,45,0.798644316,0,"","INOVAI-NB-8","CPU info","GCC 13.3.0","2025-10-06 15:41:41"
2050000000,simultaneo,random,3,45,0.508426300,0,"","INOVAI-NB-8","CPU info","GCC 13.3.0","2025-10-06 15:41:41"
2050000000,não simultaneo,random,4,46,0.719428559,0,"","INOVAI-NB-8","CPU info","GCC 13.3.0","2025-10-06 15:41:41"
2050000000,simultaneo,random,4,46,0.495406596,0,"","INOVAI-NB-8","CPU info","GCC 13.3.0","2025-10-06 15:41:41"
1000,não simultaneo,random_paired,0,42,0.000000380,0,"","INOVAI-NB-8","CPU info","GCC 13.3.0","2025-10-06 15:41:41"
1000,simultaneo,random_paired,0,42,0.000000570,0,"","INOVAI-NB-8","CPU info","GCC 13.3.0","2025-10-06 15:41:41"
1000,não simultaneo,random_paired,1,43,0.000000077,0,"","INOVAI-NB-8","CPU info","GCC 13.3.0","2025-10-06 15:41:41"
1000,simultaneo,random_paired,1,43,0.000000236,0,"","INOVAI-NB-8","CPU info","GCC 13.3.0","2025-10-06 15:41:41"
1000,não simultaneo,random_paired,2,44,0.000000075,0,"","INOVAI-NB-8","CPU info","GCC 13.3.0","2025-10-06 15:41:41"
1000,simultaneo,random_paired,2,44,0.000000266,0,"","INOVAI-NB-8","CPU info","GCC 13.3.0","2025-10-06 15:41:41"
1000,não simultaneo,random_paired,3,45,0.000000073,0,"","INOVAI-NB-8","CPU info","GCC 13.3.0","2025-10-06 15:41:41"
1000,simultaneo,random_paired,3,45,0.000000238,0,"","INOVAI-NB-8","CPU info","GCC 13.3.0","2025-10-06 15:41:41"
1000,não simultaneo,random_paired,4,46,0.000000073,0,"","INOVAI-NB-8","CPU info","GCC 13.3.0","2025-10-06 15:41:41"
1000,simultaneo,random_paired,4,46,0.000000235,0,"","INOVAI-NB-8","CPU info","GCC 13.3.0","2025-10-06 15:41:41"
2000,não simultaneo,random_paired,0,42,0.000000139,0,"","INOVAI-NB-8","CPU info","GCC 13.3.0","2025-10-06 15:41:41"
2000,simultaneo,random_paired,0,42,0.000000483,0,"","INOVAI-NB-8","CPU info","GCC 13.3.0","2025-10-06 15:41:41"
2000,não simultaneo,random_paired,1,43,0.000000127,0,"","INOVAI-NB-8","CPU info","GCC 13.3.0","2025-10-06 15:41:41"
2000,simultaneo,random_paired,1,43,0.000000463,0,"","INOVAI-NB-8","CPU info","GCC 13.3.0","2025-10-06 15:41:41"
2000,não simultaneo,random_paired,2,44,0.000000125,0,"","INOVAI-NB-8","CPU info","GCC 13.3.0","2025-10-06 15:41:41"
2000,simultaneo,random_paired,2,44,0.000000454,0,"","INOVAI-NB-8","CPU info","GCC 13.3.0","2025-10-06 15:41:41"
2000,não simultaneo,random_paired,3,45,0.000000128,0,"","INOVAI-NB-8","CPU info","GCC 13.3.0","2025-10-06 15:41:41"
2000,simultaneo,random_paired,3,45,0.000000454,0,"","INOVAI-NB-8","CPU info","GCC 13.3.0","2025-10-06 15:41:41"
2000,não simultaneo,random_paired,4,46,0.000000139,0,"","INOVAI-NB-8","CPU info","GCC 13.3.0","2025-10-06 15:41:41"
2000,simultaneo,random_paired,4,46,0.000000468,0,"","INOVAI-NB-8","CPU info","GCC 13.3.0","2025-10-06 15:41:41"
3000,não simultaneo,random_paired,0,42,0.000000207,0,"","INOVAI-NB-8","CPU info","GCC 13.3.0","2025-10-06 15:41:41"
3000,simultaneo,random_paired,0,42,0.000000685,0,"","INOVAI-NB-8","CPU info","GCC 13.3.0","2025-10-06 15:41:41"
3000,não simultaneo,random_paired,1,43,0.000000187,0,"","INOVAI-NB-8","CPU info","GCC 13.3.0","2025-10-06 15:41:41"
3000,simultaneo,random_paired,1,43,0.000000676,0,"","INOVAI-NB-8","CPU info","GCC 13.3.0","2025-10-06 15:41:41"
3000,não simultaneo,random_paired,2,44,0.000000185,0,"","INOVAI-NB-8","CPU info","GCC 13.3.0","2025-10-06 15:41:41"
3000,simultaneo,random_paired,2,44,0.000000676,0,"","INOVAI-NB-8","CPU info","GCC 13.3.0","2025-10-06 15:41:41"
3000,não simultaneo,random_paired,3,45,0.000000194,0,"","INOVAI-NB-8","CPU info","GCC 13.3.0","2025-10-06 15:41:41"
3000,simultaneo,random_paired,3,45,0.000000676,0,"","INOVAI-NB-8","CPU info","GCC 13.3.0","2025-10-06 15:41:41"
3000,não simultaneo,random_paired,4,46,0.000000178,0,"","INOVAI-NB-8","CPU info","GCC 13.3.0","2025-10-06 15:41:41"
3000,simultaneo,random_paired,4,46,0.000000678,0,"","INOVAI-NB-8","CPU info","GCC 13.3.0","2025-10-06 15:41:41"
4000,não simultaneo,random_paired,0,42,0.000000244,0,"","INOVAI-NB-8","CPU info","GCC 13.3.0","2025-10-06 15:41:41"
4000,simultaneo,random_paired,0,42,0.000000901,0,"","INOVAI-NB-8","CPU info","GCC 13.3.0","2025-10-06 15:41:41"
4000,não simultaneo,random_paired,1,43,0.000000226,0,"","INOVAI-NB-8","CPU info","GCC 13.3.0","2025-10-06 15:41:41"
4000,simultaneo,random_paired,1,43,0.000000898,0,"","INOVAI-NB-8","CPU info","GCC 13.3.0","2025-10-06 15:41:41"
4000,não simultaneo,random_paired,2,44,0.000000238,0,"","INOVAI-NB-8","CPU info","GCC 13.3.0","2025-10-06 15:41:41"
4000,simultaneo,random_paired,2,44,0.000000891,0,"","INOVAI-NB-8","CPU info","GCC 13.3.0","2025-10-06 15:41:41"
4000,não simultaneo,random_paired,3,45,0.000000224,0,"","INOVAI-NB-8","CPU info","GCC 13.3.0","2025-10-06 15:41:41"
4000,simultaneo,random_paired,3,45,0.000000888,0,"","INOVAI-NB-8","CPU info","GCC 13.3.0","2025-10-06 15:41:41"
4000,não simultaneo,random_paired,4,46,0.000000229,0,"","INOVAI-NB-8","CPU info","GCC 13.3.0","2025-10-06 15:41:41"
4000,simultaneo,random_paired,4,46,0.000000889,0,"","INOVAI-NB-8","CPU info","GCC 13.3.0","2025-10-06 15:41:41"
5000,não simultaneo,random_paired,0,42,0.000000293,0,"","INOVAI-NB-8","CPU info","GCC 13.3.0","2025-10-06 15:41:41"
5000,simultaneo,random_paired,0,42,0.000001113,0,"","INOVAI-NB-8","CPU info","GCC 13.3.0","2025-10-06 15:41:41"
5000,não simultaneo,random_paired,1,43,0.000000280,0,"","INOVAI-NB-8","CPU info","GCC 13.3.0","2025-10-06 15:41:41"
5000,simultaneo,random_paired,1,43,0.000001108,0,"","INOVAI-NB-8","CPU info","GCC 13.3.0","2025-10-06 15:41:41"
5000,não simultaneo,random_paired,2,44,0.000000282,0,"","INOVAI-NB-8","CPU info","GCC 13.3.0","2025-10-06 15:41:41"
5000,simultaneo,random_paired,2,44,0.000001111,0,"","INOVAI-NB-8","CPU info","GCC 13.3.0","2025-10-06 15:41:41"
5000,não simultaneo,random_paired,3,45,0.000000282,0,"","INOVAI-NB-8","CPU info","GCC 13.3.0","2025-10-06 15:41:41"
5000,simultaneo,random_paired,3,45,0.000001104,0,"","INOVAI-NB-8","CPU info","GCC 13.3.0","2025-10-06 15:41:41"
5000,não simultaneo,random_paired,4,46,0.000000284,0,"","INOVAI-NB-8","CPU info","GCC 13.3.0","2025-10-06 15:41:41"
5000,simultaneo,random_paired,4,46,0.000001106,0,"","INOVAI-NB-8","CPU info","GCC 13.3.0","2025-10-06 15:41:41"
6000,não simultaneo,random_paired,0,42,0.000000355,0,"","INOVAI-NB-8","CPU info","GCC 13.3.0","2025-10-06 15:41:41"
6000,simultaneo,random_paired,0,42,0.000001328,0,"","INOVAI-NB-8","CPU info","GCC 13.3.0","2025-10-06 15:41:41"
6000,não simultaneo,random_paired,1,43,0.000000351,0,"","INOVAI-NB-8","CPU info","GCC 13.3.0","2025-10-06 15:41:41"
6000,simultaneo,random_paired,1,43,0.000001328,0,"","INOVAI-NB-8","CPU info","GCC 13.3.0","2025-10-06 15:41:41"
6000,não simultaneo,random_paired,2,44,0.000000336,0,"","INOVAI-NB-8","CPU info","GCC 13.3.0","2025-10-06 15:41:41"
6000,simultaneo,random_paired,2,44,0.000001343,0,"","INOVAI-NB-8","CPU info","GCC 13.3.0","2025-10-06 15:41:41"
6000,não simultaneo,random_paired,3,45,0.000000335,0,"","INOVAI-NB-8","CPU info","GCC 13.3.0","2025-10-06 15:41:41"
6000,simultaneo,random_paired,3,45,0.000001338,0,"","INOVAI-NB-8","CPU info","GCC 13.3.0","2025-10-06 15:41:41"
6000,não simultaneo,random_paired,4,46,0.000000357,0,"","INOVAI-NB-8","CPU info","GCC 13.3.0","2025-10-06 15:41:41"
6000,simultaneo,random_paired,4,46,0.000001337,0,"","INOVAI-NB-8","CPU info","GCC 13.3.0","2025-10-06 15:41:41"
7000,não simultaneo,random_paired,0,42,0.000000403,0,"","INOVAI-NB-8","CPU info","GCC 13.3.0","2025-10-06 15:41:41"
7000,simultaneo,random_paired,0,42,0.000001562,0,"","INOVAI-NB-8","CPU info","GCC 13.3.0","2025-10-06 15:41:41"
7000,não simultaneo,random_paired,1,43,0.000000388,0,"","INOVAI-NB-8","CPU info","GCC 13.3.0","2025-10-06 15:41:41"
7000,simultaneo,random_paired,1,43,0.000001550,0,"","INOVAI-NB-8","CPU info","GCC 13.3.0","2025-10-06 15:41:41"
7000,não simultaneo,random_paired,2,44,0.000000379,0,"","INOVAI-NB-8","CPU info","GCC 13.3.0","2025-10-06 15:41:41"
7000,simultaneo,random_paired,2,44,0.000001544,0,"","INOVAI-NB-8","CPU info","GCC 13.3.0","2025-10-06 15:41:41"
7000,não simultaneo,random_paired,3,45,0.000000383,0,"","INOVAI-NB-8","CPU info","GCC 13.3.0","2025-10-06 15:41:41"
7000,simultaneo,random_paired,3,45,0.000001541,0,"","INOVAI-NB-8","CPU info","GCC 13.3.0","2025-10-06 15:41:41"
7000,não simultaneo,random_paired,4,46,0.000000387,0,"","INOVAI-NB-8","CPU info","GCC 13.3.0","2025-10-06 15:41:41"
7000,simultaneo,random_paired,4,46,0.000001539,0,"","INOVAI-NB-8","CPU info","GCC 13.3.0","2025-10-06 15:41:41"
8000,não simultaneo,random_paired,0,42,0.000000471,0,"","INOVAI-NB-8","CPU info","GCC 13.3.0","2025-10-06 15:41:41"
8000,simultaneo,random_paired,0,42,0.000001776,0,"","INOVAI-NB-8","CPU info","GCC 13.3.0","2025-10-06 15:41:41"
8000,não simultaneo,random_paired,1,43,0.000000451,0,"","INOVAI-NB-8","CPU info","GCC 13.3.0","2025-10-06 15:41:41"
8000,simultaneo,random_paired,1,43,0.000001778,0,"","INOVAI-NB-8","CPU info","GCC 13.3.0","2025-10-06 15:41:41"
8000,não simultaneo,random_paired,2,44,0.000000462,0,"","INOVAI-NB-8","CPU info","GCC 13.3.0","2025-10-06 15:41:41"
8000,simultaneo,random_paired,2,44,0.000001765,0,"","INOVAI-NB-8","CPU info","GCC 13.3.0","2025-10-06 15:41:41"
8000,não simultaneo,random_paired,3,45,0.000000442,0,"","INOVAI-NB-8","CPU info","GCC 13.3.0","2025-10-06 15:41:41"
8000,simultaneo,random_paired,3,45,0.000001773,0,"","INOVAI-NB-8","CPU info","GCC 13.3.0","2025-10-06 15:41:41"
8000,não simultaneo,random_paired,4,46,0.000000450,0,"","INOVAI-NB-8","CPU info","GCC 13.3.0","2025-10-06 15:41:41"
8000,simultaneo,random_paired,4,46,0.000001763,0,"","INOVAI-NB-8","CPU info","GCC 13.3.0","2025-10-06 15:41:41"
9000,não simultaneo,random_paired,0,42,0.000000495,0,"","INOVAI-NB-8","CPU info","GCC 13.3.0","2025-10-06 15:41:41"
9000,simultaneo,random_paired,0,42,0.000001975,0,"","INOVAI-NB-8","CPU info","GCC 13.3.0","2025-10-06 15:41:41"
9000,não simultaneo,random_paired,1,43,0.000000499,0,"","INOVAI-NB-8","CPU info","GCC 13.3.0","2025-10-06 15:41:41"
9000,simultaneo,random_paired,1,43,0.000001981,0,"","INOVAI-NB-8","CPU info","GCC 13.3.0","2025-10-06 15:41:41"
9000,não simultaneo,random_paired,2,44,0.000000488,0,"","INOVAI-NB-8","CPU info","GCC 13.3.0","2025-10-06 15:41:41"
9000,simultaneo,random_paired,2,44,0.000001974,0,"","INOVAI-NB-8","CPU info","GCC 13.3.0","2025-10-06 15:41:41"
9000,não simultaneo,random_paired,3,45,0.000000482,0,"","INOVAI-NB-8","CPU info","GCC 13.3.0","2025-10-06 15:41:41"
9000,simultaneo,random_paired,3,45,0.000001983,0,"","INOVAI-NB-8","CPU info","GCC 13.3.0","2025-10-06 15:41:41"
9000,não simultaneo,random_paired,4,46,0.000000606,0,"","INOVAI-NB-8","CPU info","GCC 13.3.0","2025-10-06 15:41:41"
9000,simultaneo,random_paired,4,46,0.000001974,0,"","INOVAI-NB-8","CPU info","GCC 13.3.0","2025-10-06 15:41:41"
10000,não simultaneo,random_paired,0,42,0.000000627,0,"","INOVAI-NB-8","CPU info","GCC 13.3.0","2025-10-06 15:41:41"
10000,simultaneo,random_paired,0,42,0.000002204,0,"","INOVAI-NB-8","CPU info","GCC 13.3.0","2025-10-06 15:41:41"
10000,não simultaneo,random_paired,1,43,0.000000541,0,"","INOVAI-NB-8","CPU info","GCC 13.3.0","2025-10-06 15:41:41"
10000,simultaneo,random_paired,1,43,0.000002202,0,"","INOVAI-NB-8","CPU info","GCC 13.3.0","2025-10-06 15:41:41"
10000,não simultaneo,random_paired,2,44,0.000000542,0,"","INOVAI-NB-8","CPU info","GCC 13.3.0","2025-10-06 15:41:41"
10000,simultaneo,random_paired,2,44,0.000002199,0,"","INOVAI-NB-8","CPU info","GCC 13.3.0","2025-10-06 15:41:41"
10000,não simultaneo,random_paired,3,45,0.000000544,0,"","INOVAI-NB-8","CPU info","GCC 13.3.0","2025-10-06 15:41:41"
10000,simultaneo,random_paired,3,45,0.000002206,0,"","INOVAI-NB-8","CPU info","GCC 13.3.0","2025-10-06 15:41:41"
10000,não simultaneo,random_paired,4,46,0.000000542,0,"","INOVAI-NB-8","CPU info","GCC 13.3.0","2025-10-06 15:41:41"
10000,simultaneo,random_paired,4,46,0.000002200,0,"","INOVAI-NB-8","CPU info","GCC 13.3.0","2025-10-06 15:41:41"
20000,não simultaneo,random_paired,0,42,0.000001532,0,"","INOVAI-NB-8","CPU info","GCC 13.3.0","2025-10-06 15:41:41"
20000,simultaneo,random_paired,0,42,0.000004386,0,"","INOVAI-NB-8","CPU info","GCC 13.3.0","2025-10-06 15:41:41"
20000,não simultaneo,random_paired,1,43,0.000001434,0,"","INOVAI-NB-8","CPU info","GCC 13.3.0","2025-10-06 15:41:41"
20000,simultaneo,random_paired,1,43,0.000004396,0,"","INOVAI-NB-8","CPU info","GCC 13.3.0","2025-10-06 15:41:41"
20000,não simultaneo,random_paired,2,44,0.000001473,0,"","INOVAI-NB-8","CPU info","GCC 13.3.0","2025-10-06 15:41:41"
20000,simultaneo,random_paired,2,44,0.000004410,0,"","INOVAI-NB-8","CPU info","GCC 13.3.0","2025-10-06 15:41:41"
20000,não simultaneo,random_paired,3,45,0.000001564,0,"","INOVAI-NB-8","CPU info","GCC 13.3.0","2025-10-06 15:41:41"
20000,simultaneo,random_paired,3,45,0.000004394,0,"","INOVAI-NB-8","CPU info","GCC 13.3.0","2025-10-06 15:41:41"
20000,não simultaneo,random_paired,4,46,0.000001534,0,"","INOVAI-NB-8","CPU info","GCC 13.3.0","2025-10-06 15:41:41"
20000,simultaneo,random_paired,4,46,0.000004402,0,"","INOVAI-NB-8","CPU info","GCC 13.3.0","2025-10-06 15:41:41"
30000,não simultaneo,random_paired,0,42,0.000002265,0,"","INOVAI-NB-8","CPU info","GCC 13.3.0","2025-10-06 15:41:41"
30000,simultaneo,random_paired,0,42,0.000006579,0,"","INOVAI-NB-8","CPU info","GCC 13.3.0","2025-10-06 15:41:41"
30000,não simultaneo,random_paired,1,43,0.000002163,0,"","INOVAI-NB-8","CPU info","GCC 13.3.0","2025-10-06 15:41:41"
30000,simultaneo,random_paired,1,43,0.000006583,0,"","INOVAI-NB-8","CPU info","GCC 13.3.0","2025-10-06 15:41:41"
30000,não simultaneo,random_paired,2,44,0.000002171,0,"","INOVAI-NB-8","CPU info","GCC 13.3.0","2025-10-06 15:41:41"
30000,simultaneo,random_paired,2,44,0.000006561,0,"","INOVAI-NB-8","CPU info","GCC 13.3.0","2025-10-06 15:41:41"
30000,não simultaneo,random_paired,3,45,0.000002165,0,"","INOVAI-NB-8","CPU info","GCC 13.3.0","2025-10-06 15:41:41"
30000,simultaneo,random_paired,3,45,0.000006547,0,"","INOVAI-NB-8","CPU info","GCC 13.3.0","2025-10-06 15:41:41"
30000,não simultaneo,random_paired,4,46,0.000002082,0,"","INOVAI-NB-8","CPU info","GCC 13.3.0","2025-10-06 15:41:41"
30000,simultaneo,random_paired,4,46,0.000006568,0,"","INOVAI-NB-8","CPU info","GCC 13.3.0","2025-10-06 15:41:41"
40000,não simultaneo,random_paired,0,42,0.000002791,0,"","INOVAI-NB-8","CPU info","GCC 13.3.0","2025-10-06 15:41:41"
40000,simultaneo,random_paired,0,42,0.000008766,0,"","INOVAI-NB-8","CPU info","GCC 13.3.0","2025-10-06 15:41:41"
40000,não simultaneo,random_paired,1,43,0.000002837,0,"","INOVAI-NB-8","CPU info","GCC 13.3.0","2025-10-06 15:41:41"
40000,simultaneo,random_paired,1,43,0.000008748,0,"","INOVAI-NB-8","CPU info","GCC 13.3.0","2025-10-06 15:41:41"
40000,não simultaneo,random_paired,2,44,0.000002803,0,"","INOVAI-NB-8","CPU info","GCC 13.3.0","2025-10-06 15:41:41"
40000,simultaneo,random_paired,2,44,0.000008767,0,"","INOVAI-NB-8","CPU info","GCC 13.3.0","2025-10-06 15:41:41"
40000,não simultaneo,random_paired,3,45,0.000002798,0,"","INOVAI-NB-8","CPU info","GCC 13.3.0","2025-10-06 15:41:41"
40000,simultaneo,random_paired,3,45,0.000008738,0,"","INOVAI-NB-8","CPU info","GCC 13.3.0","2025-10-06 15:41:41"
40000,não simultaneo,random_paired,4,46,0.000002845,0,"","INOVAI-NB-8","CPU info","GCC 13.3.0","2025-10-06 15:41:41"
40000,simultaneo,random_paired,4,46,0.000008753,0,"","INOVAI-NB-8","CPU info","GCC 13.3.0","2025-10-06 15:41:41"
50000,não simultaneo,random_paired,0,42,0.000003365,0,"","INOVAI-NB-8","CPU info","GCC 13.3.0","2025-10-06 15:41:41"
50000,simultaneo,random_paired,0,42,0.000010946,0,"","INOVAI-NB-8","CPU info","GCC 13.3.0","2025-10-06 15:41:41"
50000,não simultaneo,random_paired,1,43,0.000003432,0,"","INOVAI-NB-8","CPU info","GCC 13.3.0","2025-10-06 15:41:41"
50000,simultaneo,random_paired,1,43,0.000010952,0,"","INOVAI-NB-8","CPU info","GCC 13.3.0","2025-10-06 15:41:41"
50000,não simultaneo,random_paired,2,44,0.000003349,0,"","INOVAI-NB-8","CPU info","GCC 13.3.0","2025-10-06 15:41:41"
50000,simultaneo,random_paired,2,44,0.000010908,0,"","INOVAI-NB-8","CPU info","GCC 13.3.0","2025-10-06 15:41:41"
50000,não simultaneo,random_paired,3,45,0.000003377,0,"","INOVAI-NB-8","CPU info","GCC 13.3.0","2025-10-06 15:41:41"
50000,simultaneo,random_paired,3,45,0.000010949,0,"","INOVAI-NB-8","CPU info","GCC 13.3.0","2025-10-06 15:41:41"
50000,não simultaneo,random_paired,4,46,0.000003379,0,"","INOVAI-NB-8","CPU info","GCC 13.3.0","2025-10-06 15:41:41"
50000,simultaneo,random_paired,4,46,0.000010926,0,"","INOVAI-NB-8","CPU info","GCC 13.3.0","2025-10-06 15:41:41"
60000,não simultaneo,random_paired,0,42,0.000004095,0,"","INOVAI-NB-8","CPU info","GCC 13.3.0","2025-10-06 15:41:41"
60000,simultaneo,random_paired,0,42,0.000013107,0,"","INOVAI-NB-8","CPU info","GCC 13.3.0","2025-10-06 15:41:41"
60000,não simultaneo,random_paired,1,43,0.000004114,0,"","INOVAI-NB-8","CPU info","GCC 13.3.0","2025-10-06 15:41:41"
60000,simultaneo,random_paired,1,43,0.000013410,0,"","INOVAI-NB-8","CPU info","GCC 13.3.0","2025-10-06 15:41:41"
60000,não simultaneo,random_paired,2,44,0.000004091,0,"","INOVAI-NB-8","CPU info","GCC 13.3.0","2025-10-06 15:41:41"
60000,simultaneo,random_paired,2,44,0.000013096,0,"","INOVAI-NB-8","CPU info","GCC 13.3.0","2025-10-06 15:41:41"
60000,não simultaneo,random_paired,3,45,0.000004073,0,"","INOVAI-NB-8","CPU info","GCC 13.3.0","2025-10-06 15:41:41"
60000,simultaneo,random_paired,3,45,0.000013128,0,"","INOVAI-NB-8","CPU info","GCC 13.3.0","2025-10-06 15:41:41"
60000,não simultaneo,random_paired,4,46,0.000004160,0,"","INOVAI-NB-8","CPU info","GCC 13.3.0","2025-10-06 15:41:41"
60000,simultaneo,random_paired,4,46,0.000013430,0,"","INOVAI-NB-8","CPU info","GCC 13.3.0","2025-10-06 15:41:41"
70000,não simultaneo,random_paired,0,42,0.000004674,0,"","INOVAI-NB-8","CPU info","GCC 13.3.0","2025-10-06 15:41:41"
70000,simultaneo,random_paired,0,42,0.000015311,0,"","INOVAI-NB-8","CPU info","GCC 13.3.0","2025-10-06 15:41:41"
70000,não simultaneo,random_paired,1,43,0.000004843,0,"","INOVAI-NB-8","CPU info","GCC 13.3.0","2025-10-06 15:41:41"
70000,simultaneo,random_paired,1,43,0.000015628,0,"","INOVAI-NB-8","CPU info","GCC 13.3.0","2025-10-06 15:41:41"
70000,não simultaneo,random_paired,2,44,0.000004747,0,"","INOVAI-NB-8","CPU info","GCC 13.3.0","2025-10-06 15:41:41"
70000,simultaneo,random_paired,2,44,0.000015637,0,"","INOVAI-NB-8","CPU info","GCC 13.3.0","2025-10-06 15:41:41"
70000,não simultaneo,random_paired,3,45,0.000004723,0,"","INOVAI-NB-8","CPU info","GCC 13.3.0","2025-10-06 15:41:41"
70000,simultaneo,random_paired,3,45,0.000015277,0,"","INOVAI-NB-8","CPU info","GCC 13.3.0","2025-10-06 15:41:41"
70000,não simultaneo,random_paired,4,46,0.000004816,0,"","INOVAI-NB-8","CPU info","GCC 13.3.0","2025-10-06 15:41:41"
70000,simultaneo,random_paired,4,46,0.000015659,0,"","INOVAI-NB-8","CPU info","GCC 13.3.0","2025-10-06 15:41:41"
80000,não simultaneo,random_paired,0,42,0.000005295,0,"","INOVAI-NB-8","CPU info","GCC 13.3.0","2025-10-06 15:41:41"
80000,simultaneo,random_paired,0,42,0.000017476,0,"","INOVAI-NB-8","CPU info","GCC 13.3.0","2025-10-06 15:41:41"
80000,não simultaneo,random_paired,1,43,0.000005456,0,"","INOVAI-NB-8","CPU info","GCC 13.3.0","2025-10-06 15:41:41"
80000,simultaneo,random_paired,1,43,0.000017474,0,"","INOVAI-NB-8","CPU info","GCC 13.3.0","2025-10-06 15:41:41"
80000,não simultaneo,random_paired,2,44,0.000005449,0,"","INOVAI-NB-8","CPU info","GCC 13.3.0","2025-10-06 15:41:41"
80000,simultaneo,random_paired,2,44,0.000017865,0,"","INOVAI-NB-8","CPU info","GCC 13.3.0","2025-10-06 15:41:41"
80000,não simultaneo,random_paired,3,45,0.000005385,0,"","INOVAI-NB-8","CPU info","GCC 13.3.0","2025-10-06 15:41:41"
80000,simultaneo,random_paired,3,45,0.000017888,0,"","INOVAI-NB-8","CPU info","GCC 13.3.0","2025-10-06 15:41:41"
80000,não simultaneo,random_paired,4,46,0.000005459,0,"","INOVAI-NB-8","CPU info","GCC 13.3.0","2025-10-06 15:41:41"
80000,simultaneo,random_paired,4,46,0.000017885,0,"","INOVAI-NB-8","CPU info","GCC 13.3.0","2025-10-06 15:41:41"
90000,não simultaneo,random_paired,0,42,0.000005946,0,"","INOVAI-NB-8","CPU info","GCC 13.3.0","2025-10-06 15:41:41"
90000,simultaneo,random_paired,0,42,0.000019641,0,"","INOVAI-NB-8","CPU info","GCC 13.3.0","2025-10-06 15:41:41"
90000,não simultaneo,random_paired,1,43,0.000006007,0,"","INOVAI-NB-8","CPU info","GCC 13.3.0","2025-10-06 15:41:41"
90000,simultaneo,random_paired,1,43,0.000019657,0,"","INOVAI-NB-8","CPU info","GCC 13.3.0","2025-10-06 15:41:41"
90000,não simultaneo,random_paired,2,44,0.000009504,0,"","INOVAI-NB-8","CPU info","GCC 13.3.0","2025-10-06 15:41:41"
90000,simultaneo,random_paired,2,44,0.000018023,0,"","INOVAI-NB-8","CPU info","GCC 13.3.0","2025-10-06 15:41:41"
90000,não simultaneo,random_paired,3,45,0.000005496,0,"","INOVAI-NB-8","CPU info","GCC 13.3.0","2025-10-06 15:41:41"
90000,simultaneo,random_paired,3,45,0.000017989,0,"","INOVAI-NB-8","CPU info","GCC 13.3.0","2025-10-06 15:41:41"
90000,não simultaneo,random_paired,4,46,0.000005490,0,"","INOVAI-NB-8","CPU info","GCC 13.3.0","2025-10-06 15:41:41"
90000,simultaneo,random_paired,4,46,0.000017998,0,"","INOVAI-NB-8","CPU info","GCC 13.3.0","2025-10-06 15:41:41"
100000,não simultaneo,random_paired,0,42,0.000006066,0,"","INOVAI-NB-8","CPU info","GCC 13.3.0","2025-10-06 15:41:41"
100000,simultaneo,random_paired,0,42,0.000020001,0,"","INOVAI-NB-8","CPU info","GCC 13.3.0","2025-10-06 15:41:41"
100000,não simultaneo,random_paired,1,43,0.000006484,0,"","INOVAI-NB-8","CPU info","GCC 13.3.0","2025-10-06 15:41:41"
100000,simultaneo,random_paired,1,43,0.000020009,0,"","INOVAI-NB-8","CPU info","GCC 13.3.0","2025-10-06 15:41:41"
100000,não simultaneo,random_paired,2,44,0.000006101,0,"","INOVAI-NB-8","CPU info","GCC 13.3.0","2025-10-06 15:41:41"
100000,simultaneo,random_paired,2,44,0.000019978,0,"","INOVAI-NB-8","CPU info","GCC 13.3.0","2025-10-06 15:41:41"
100000,não simultaneo,random_paired,3,45,0.000006112,0,"","INOVAI-NB-8","CPU info","GCC 13.3.0","2025-10-06 15:41:41"
100000,simultaneo,random_paired,3,45,0.000019974,0,"","INOVAI-NB-8","CPU info","GCC 13.3.0","2025-10-06 15:41:41"
100000,não simultaneo,random_paired,4,46,0.000006106,0,"","INOVAI-NB-8","CPU info","GCC 13.3.0","2025-10-06 15:41:41"
100000,simultaneo,random_paired,4,46,0.000026163,0,"","INOVAI-NB-8","CPU info","GCC 13.3.0","2025-10-06 15:41:41"
200000,não simultaneo,random_paired,0,42,0.000012020,0,"","INOVAI-NB-8","CPU info","GCC 13.3.0","2025-10-06 15:41:41"
200000,simultaneo,random_paired,0,42,0.000039972,0,"","INOVAI-NB-8","CPU info","GCC 13.3.0","2025-10-06 15:41:41"
200000,não simultaneo,random_paired,1,43,0.000011987,0,"","INOVAI-NB-8","CPU info","GCC 13.3.0","2025-10-06 15:41:41"
200000,simultaneo,random_paired,1,43,0.000039970,0,"","INOVAI-NB-8","CPU info","GCC 13.3.0","2025-10-06 15:41:41"
200000,não simultaneo,random_paired,2,44,0.000011902,0,"","INOVAI-NB-8","CPU info","GCC 13.3.0","2025-10-06 15:41:41"
200000,simultaneo,random_paired,2,44,0.000039970,0,"","INOVAI-NB-8","CPU info","GCC 13.3.0","2025-10-06 15:41:41"
200000,não simultaneo,random_paired,3,45,0.000011904,0,"","INOVAI-NB-8","CPU info","GCC 13.3.0","2025-10-06 15:41:41"
200000,simultaneo,random_paired,3,45,0.000046934,0,"","INOVAI-NB-8","CPU info","GCC 13.3.0","2025-10-06 15:41:41"
200000,não simultaneo,random_paired,4,46,0.000012011,0,"","INOVAI-NB-8","CPU info","GCC 13.3.0","2025-10-06 15:41:41"
200000,simultaneo,random_paired,4,46,0.000039959,0,"","INOVAI-NB-8","CPU info","GCC 13.3.0","2025-10-06 15:41:41"
300000,não simultaneo,random_paired,0,42,0.000019694,0,"","INOVAI-NB-8","CPU info","GCC 13.3.0","2025-10-06 15:41:41"
300000,simultaneo,random_paired,0,42,0.000059932,0,"","INOVAI-NB-8","CPU info","GCC 13.3.0","2025-10-06 15:41:41"
300000,não simultaneo,random_paired,1,43,0.000018978,0,"","INOVAI-NB-8","CPU info","GCC 13.3.0","2025-10-06 15:41:41"
300000,simultaneo,random_paired,1,43,0.000059934,0,"","INOVAI-NB-8","CPU info","GCC 13.3.0","2025-10-06 15:41:41"
300000,não simultaneo,random_paired,2,44,0.000018915,0,"","INOVAI-NB-8","CPU info","GCC 13.3.0","2025-10-06 15:41:41"
300000,simultaneo,random_paired,2,44,0.000059958,0,"","INOVAI-NB-8","CPU info","GCC 13.3.0","2025-10-06 15:41:41"
300000,não simultaneo,random_paired,3,45,0.000019029,0,"","INOVAI-NB-8","CPU info","GCC 13.3.0","2025-10-06 15:41:41"
300000,simultaneo,random_paired,3,45,0.000059933,0,"","INOVAI-NB-8","CPU info","GCC 13.3.0","2025-10-06 15:41:41"
300000,não simultaneo,random_paired,4,46,0.000019659,0,"","INOVAI-NB-8","CPU info","GCC 13.3.0","2025-10-06 15:41:41"
300000,simultaneo,random_paired,4,46,0.000213642,0,"","INOVAI-NB-8","CPU info","GCC 13.3.0","2025-10-06 15:41:41"
400000,não simultaneo,random_paired,0,42,0.000030911,0,"","INOVAI-NB-8","CPU info","GCC 13.3.0","2025-10-06 15:41:41"
400000,simultaneo,random_paired,0,42,0.000079936,0,"","INOVAI-NB-8","CPU info","GCC 13.3.0","2025-10-06 15:41:41"
400000,não simultaneo,random_paired,1,43,0.000035717,0,"","INOVAI-NB-8","CPU info","GCC 13.3.0","2025-10-06 15:41:41"
400000,simultaneo,random_paired,1,43,0.000089698,0,"","INOVAI-NB-8","CPU info","GCC 13.3.0","2025-10-06 15:41:41"
400000,não simultaneo,random_paired,2,44,0.000029620,0,"","INOVAI-NB-8","CPU info","GCC 13.3.0","2025-10-06 15:41:41"
400000,simultaneo,random_paired,2,44,0.000079915,0,"","INOVAI-NB-8","CPU info","GCC 13.3.0","2025-10-06 15:41:41"
400000,não simultaneo,random_paired,3,45,0.000029172,0,"","INOVAI-NB-8","CPU info","GCC 13.3.0","2025-10-06 15:41:41"
400000,simultaneo,random_paired,3,45,0.000079908,0,"","INOVAI-NB-8","CPU info","GCC 13.3.0","2025-10-06 15:41:41"
400000,não simultaneo,random_paired,4,46,0.000029244,0,"","INOVAI-NB-8","CPU info","GCC 13.3.0","2025-10-06 15:41:41"
400000,simultaneo,random_paired,4,46,0.000079916,0,"","INOVAI-NB-8","CPU info","GCC 13.3.0","2025-10-06 15:41:41"
500000,não simultaneo,random_paired,0,42,0.000042825,0,"","INOVAI-NB-8","CPU info","GCC 13.3.0","2025-10-06 15:41:41"
500000,simultaneo,random_paired,0,42,0.000099887,0,"","INOVAI-NB-8","CPU info","GCC 13.3.0","2025-10-06 15:41:41"
500000,não simultaneo,random_paired,1,43,0.000045500,0,"","INOVAI-NB-8","CPU info","GCC 13.3.0","2025-10-06 15:41:41"
500000,simultaneo,random_paired,1,43,0.000100225,0,"","INOVAI-NB-8","CPU info","GCC 13.3.0","2025-10-06 15:41:41"
500000,não simultaneo,random_paired,2,44,0.000045853,0,"","INOVAI-NB-8","CPU info","GCC 13.3.0","2025-10-06 15:41:41"
500000,simultaneo,random_paired,2,44,0.000100790,0,"","INOVAI-NB-8","CPU info","GCC 13.3.0","2025-10-06 15:41:41"
500000,não simultaneo,random_paired,3,45,0.000042975,0,"","INOVAI-NB-8","CPU info","GCC 13.3.0","2025-10-06 15:41:41"
500000,simultaneo,random_paired,3,45,0.000099911,0,"","INOVAI-NB-8","CPU info","GCC 13.3.0","2025-10-06 15:41:41"
500000,não simultaneo,random_paired,4,46,0.000041723,0,"","INOVAI-NB-8","CPU info","GCC 13.3.0","2025-10-06 15:41:41"
500000,simultaneo,random_paired,4,46,0.000105688,0,"","INOVAI-NB-8","CPU info","GCC 13.3.0","2025-10-06 15:41:41"
600000,não simultaneo,random_paired,0,42,0.000056453,0,"","INOVAI-NB-8","CPU info","GCC 13.3.0","2025-10-06 15:41:41"
600000,simultaneo,random_paired,0,42,0.000119885,0,"","INOVAI-NB-8","CPU info","GCC 13.3.0","2025-10-06 15:41:41"
600000,não simultaneo,random_paired,1,43,0.000057411,0,"","INOVAI-NB-8","CPU info","GCC 13.3.0","2025-10-06 15:41:41"
600000,simultaneo,random_paired,1,43,0.000120162,0,"","INOVAI-NB-8","CPU info","GCC 13.3.0","2025-10-06 15:41:41"
600000,não simultaneo,random_paired,2,44,0.000055366,0,"","INOVAI-NB-8","CPU info","GCC 13.3.0","2025-10-06 15:41:41"
600000,simultaneo,random_paired,2,44,0.000119879,0,"","INOVAI-NB-8","CPU info","GCC 13.3.0","2025-10-06 15:41:41"
600000,não simultaneo,random_paired,3,45,0.000058315,0,"","INOVAI-NB-8","CPU info","GCC 13.3.0","2025-10-06 15:41:41"
600000,simultaneo,random_paired,3,45,0.000120364,0,"","INOVAI-NB-8","CPU info","GCC 13.3.0","2025-10-06 15:41:41"
600000,não simultaneo,random_paired,4,46,0.000057436,0,"","INOVAI-NB-8","CPU info","GCC 13.3.0","2025-10-06 15:41:41"
600000,simultaneo,random_paired,4,46,0.000131595,0,"","INOVAI-NB-8","CPU info","GCC 13.3.0","2025-10-06 15:41:41"
700000,não simultaneo,random_paired,0,42,0.000074092,0,"","INOVAI-NB-8","CPU info","GCC 13.3.0","2025-10-06 15:41:41"
700000,simultaneo,random_paired,0,42,0.000167146,0,"","INOVAI-NB-8","CPU info","GCC 13.3.0","2025-10-06 15:41:41"
700000,não simultaneo,random_paired,1,43,0.000075998,0,"","INOVAI-NB-8","CPU info","GCC 13.3.0","2025-10-06 15:41:41"
700000,simultaneo,random_paired,1,43,0.000152545,0,"","INOVAI-NB-8","CPU info","GCC 13.3.0","2025-10-06 15:41:41"
700000,não simultaneo,random_paired,2,44,0.000074096,0,"","INOVAI-NB-8","CPU info","GCC 13.3.0","2025-10-06 15:41:41"
700000,simultaneo,random_paired,2,44,0.000157223,0,"","INOVAI-NB-8","CPU info","GCC 13.3.0","2025-10-06 15:41:41"
700000,não simultaneo,random_paired,3,45,0.000078018,0,"","INOVAI-NB-8","CPU info","GCC 13.3.0","2025-10-06 15:41:41"
700000,simultaneo,random_paired,3,45,0.000145925,0,"","INOVAI-NB-8","CPU info","GCC 13.3.0","2025-10-06 15:41:41"
700000,não simultaneo,random_paired,4,46,0.000079059,0,"","INOVAI-NB-8","CPU info","GCC 13.3.0","2025-10-06 15:41:41"
700000,simultaneo,random_paired,4,46,0.000163152,0,"","INOVAI-NB-8","CPU info","GCC 13.3.0","2025-10-06 15:41:41"
800000,não simultaneo,random_paired,0,42,0.000082837,0,"","INOVAI-NB-8","CPU info","GCC 13.3.0","2025-10-06 15:41:41"
800000,simultaneo,random_paired,0,42,0.000155829,0,"","INOVAI-NB-8","CPU info","GCC 13.3.0","2025-10-06 15:41:41"
800000,não simultaneo,random_paired,1,43,0.000080778,0,"","INOVAI-NB-8","CPU info","GCC 13.3.0","2025-10-06 15:41:41"
800000,simultaneo,random_paired,1,43,0.000156558,0,"","INOVAI-NB-8","CPU info","GCC 13.3.0","2025-10-06 15:41:41"
800000,não simultaneo,random_paired,2,44,0.000084910,0,"","INOVAI-NB-8","CPU info","GCC 13.3.0","2025-10-06 15:41:41"
800000,simultaneo,random_paired,2,44,0.000172898,0,"","INOVAI-NB-8","CPU info","GCC 13.3.0","2025-10-06 15:41:41"
800000,não simultaneo,random_paired,3,45,0.000103265,0,"","INOVAI-NB-8","CPU info","GCC 13.3.0","2025-10-06 15:41:41"
800000,simultaneo,random_paired,3,45,0.000174944,0,"","INOVAI-NB-8","CPU info","GCC 13.3.0","2025-10-06 15:41:41"
800000,não simultaneo,random_paired,4,46,0.000102121,0,"","INOVAI-NB-8","CPU info","GCC 13.3.0","2025-10-06 15:41:41"
800000,simultaneo,random_paired,4,46,0.000178465,0,"","INOVAI-NB-8","CPU info","GCC 13.3.0","2025-10-06 15:41:41"
900000,não simultaneo,random_paired,0,42,0.000107536,0,"","INOVAI-NB-8","CPU info","GCC 13.3.0","2025-10-06 15:41:41"
900000,simultaneo,random_paired,0,42,0.000204100,0,"","INOVAI-NB-8","CPU info","GCC 13.3.0","2025-10-06 15:41:41"
900000,não simultaneo,random_paired,1,43,0.000103132,0,"","INOVAI-NB-8","CPU info","GCC 13.3.0","2025-10-06 15:41:41"
900000,simultaneo,random_paired,1,43,0.000203825,0,"","INOVAI-NB-8","CPU info","GCC 13.3.0","2025-10-06 15:41:41"
900000,não simultaneo,random_paired,2,44,0.000102833,0,"","INOVAI-NB-8","CPU info","GCC 13.3.0","2025-10-06 15:41:41"
900000,simultaneo,random_paired,2,44,0.000203454,0,"","INOVAI-NB-8","CPU info","GCC 13.3.0","2025-10-06 15:41:41"
900000,não simultaneo,random_paired,3,45,0.000109147,0,"","INOVAI-NB-8","CPU info","GCC 13.3.0","2025-10-06 15:41:41"
900000,simultaneo,random_paired,3,45,0.000203505,0,"","INOVAI-NB-8","CPU info","GCC 13.3.0","2025-10-06 15:41:41"
900000,não simultaneo,random_paired,4,46,0.000102392,0,"","INOVAI-NB-8","CPU info","GCC 13.3.0","2025-10-06 15:41:41"
900000,simultaneo,random_paired,4,46,0.000200702,0,"","INOVAI-NB-8","CPU info","GCC 13.3.0","2025-10-06 15:41:41"
1000000,não simultaneo,random_paired,0,42,0.000256696,0,"","INOVAI-NB-8","CPU info","GCC 13.3.0","2025-10-06 15:41:41"
1000000,simultaneo,random_paired,0,42,0.000219301,0,"","INOVAI-NB-8","CPU info","GCC 13.3.0","2025-10-06 15:41:41"
1000000,não simultaneo,random_paired,1,43,0.000118976,0,"","INOVAI-NB-8","CPU info","GCC 13.3.0","2025-10-06 15:41:41"
1000000,simultaneo,random_paired,1,43,0.000206086,0,"","INOVAI-NB-8","CPU info","GCC 13.3.0","2025-10-06 15:41:41"
1000000,não simultaneo,random_paired,2,44,0.000114717,0,"","INOVAI-NB-8","CPU info","GCC 13.3.0","2025-10-06 15:41:41"
1000000,simultaneo,random_paired,2,44,0.000217919,0,"","INOVAI-NB-8","CPU info","GCC 13.3.0","2025-10-06 15:41:41"
1000000,não simultaneo,random_paired,3,45,0.000114059,0,"","INOVAI-NB-8","CPU info","GCC 13.3.0","2025-10-06 15:41:41"
1000000,simultaneo,random_paired,3,45,0.000214901,0,"","INOVAI-NB-8","CPU info","GCC 13.3.0","2025-10-06 15:41:41"
1000000,não simultaneo,random_paired,4,46,0.000113392,0,"","INOVAI-NB-8","CPU info","GCC 13.3.0","2025-10-06 15:41:41"
1000000,simultaneo,random_paired,4,46,0.000217876,0,"","INOVAI-NB-8","CPU info","GCC 13.3.0","2025-10-06 15:41:41"
2000000,não simultaneo,random_paired,0,42,0.000243992,0,"","INOVAI-NB-8","CPU info","GCC 13.3.0","2025-10-06 15:41:41"
2000000,simultaneo,random_paired,0,42,0.000450834,0,"","INOVAI-NB-8","CPU info","GCC 13.3.0","2025-10-06 15:41:41"
2000000,não simultaneo,random_paired,1,43,0.000260531,0,"","INOVAI-NB-8","CPU info","GCC 13.3.0","2025-10-06 15:41:41"
2000000,simultaneo,random_paired,1,43,0.000384139,0,"","INOVAI-NB-8","CPU info","GCC 13.3.0","2025-10-06 15:41:41"
2000000,não simultaneo,random_paired,2,44,0.000242231,0,"","INOVAI-NB-8","CPU info","GCC 13.3.0","2025-10-06 15:41:41"
2000000,simultaneo,random_paired,2,44,0.000434336,0,"","INOVAI-NB-8","CPU info","GCC 13.3.0","2025-10-06 15:41:41"
2000000,não simultaneo,random_paired,3,45,0.000245533,0,"","INOVAI-NB-8","CPU info","GCC 13.3.0","2025-10-06 15:41:41"
2000000,simultaneo,random_paired,3,45,0.000450124,0,"","INOVAI-NB-8","CPU info","GCC 13.3.0","2025-10-06 15:41:41"
2000000,não simultaneo,random_paired,4,46,0.000246381,0,"","INOVAI-NB-8","CPU info","GCC 13.3.0","2025-10-06 15:41:41"
2000000,simultaneo,random_paired,4,46,0.000454444,0,"","INOVAI-NB-8","CPU info","GCC 13.3.0","2025-10-06 15:41:41"
3000000,não simultaneo,random_paired,0,42,0.000671316,0,"","INOVAI-NB-8","CPU info","GCC 13.3.0","2025-10-06 15:41:41"
3000000,simultaneo,random_paired,0,42,0.000674201,0,"","INOVAI-NB-8","CPU info","GCC 13.3.0","2025-10-06 15:41:41"
3000000,não simultaneo,random_paired,1,43,0.000408520,0,"","INOVAI-NB-8","CPU info","GCC 13.3.0","2025-10-06 15:41:41"
3000000,simultaneo,random_paired,1,43,0.000674635,0,"","INOVAI-NB-8","CPU info","GCC 13.3.0","2025-10-06 15:41:41"
3000000,não simultaneo,random_paired,2,44,0.000434451,0,"","INOVAI-NB-8","CPU info","GCC 13.3.0","2025-10-06 15:41:41"
3000000,simultaneo,random_paired,2,44,0.000670863,0,"","INOVAI-NB-8","CPU info","GCC 13.3.0","2025-10-06 15:41:41"
3000000,não simultaneo,random_paired,3,45,0.000429615,0,"","INOVAI-NB-8","CPU info","GCC 13.3.0","2025-10-06 15:41:41"
3000000,simultaneo,random_paired,3,45,0.000700047,0,"","INOVAI-NB-8","CPU info","GCC 13.3.0","2025-10-06 15:41:41"
3000000,não simultaneo,random_paired,4,46,0.000456100,0,"","INOVAI-NB-8","CPU info","GCC 13.3.0","2025-10-06 15:41:41"
3000000,simultaneo,random_paired,4,46,0.000787088,0,"","INOVAI-NB-8","CPU info","GCC 13.3.0","2025-10-06 15:41:41"
4000000,não simultaneo,random_paired,0,42,0.001150394,0,"","INOVAI-NB-8","CPU info","GCC 13.3.0","2025-10-06 15:41:41"
4000000,simultaneo,random_paired,0,42,0.000905948,0,"","INOVAI-NB-8","CPU info","GCC 13.3.0","2025-10-06 15:41:41"
4000000,não simultaneo,random_paired,1,43,0.000913172,0,"","INOVAI-NB-8","CPU info","GCC 13.3.0","2025-10-06 15:41:41"
4000000,simultaneo,random_paired,1,43,0.000942740,0,"","INOVAI-NB-8","CPU info","GCC 13.3.0","2025-10-06 15:41:41"
4000000,não simultaneo,random_paired,2,44,0.000797797,0,"","INOVAI-NB-8","CPU info","GCC 13.3.0","2025-10-06 15:41:41"
4000000,simultaneo,random_paired,2,44,0.000957837,0,"","INOVAI-NB-8","CPU info","GCC 13.3.0","2025-10-06 15:41:41"
4000000,não simultaneo,random_paired,3,45,0.000989812,0,"","INOVAI-NB-8","CPU info","GCC 13.3.0","2025-10-06 15:41:41"
4000000,simultaneo,random_paired,3,45,0.001029336,0,"","INOVAI-NB-8","CPU info","GCC 13.3.0","2025-10-06 15:41:41"
4000000,não simultaneo,random_paired,4,46,0.001234866,0,"","INOVAI-NB-8","CPU info","GCC 13.3.0","2025-10-06 15:41:41"
4000000,simultaneo,random_paired,4,46,0.001128347,0,"","INOVAI-NB-8","CPU info","GCC 13.3.0","2025-10-06 15:41:41"
5000000,não simultaneo,random_paired,0,42,0.001497218,0,"","INOVAI-NB-8","CPU info","GCC 13.3.0","2025-10-06 15:41:41"
5000000,simultaneo,random_paired,0,42,0.001519203,0,"","INOVAI-NB-8","CPU info","GCC 13.3.0","2025-10-06 15:41:41"
5000000,não simultaneo,random_paired,1,43,0.001243211,0,"","INOVAI-NB-8","CPU info","GCC 13.3.0","2025-10-06 15:41:41"
5000000,simultaneo,random_paired,1,43,0.001382751,0,"","INOVAI-NB-8","CPU info","GCC 13.3.0","2025-10-06 15:41:41"
5000000,não simultaneo,random_paired,2,44,0.001046032,0,"","INOVAI-NB-8","CPU info","GCC 13.3.0","2025-10-06 15:41:41"
5000000,simultaneo,random_paired,2,44,0.001936709,0,"","INOVAI-NB-8","CPU info","GCC 13.3.0","2025-10-06 15:41:41"
5000000,não simultaneo,random_paired,3,45,0.001276611,0,"","INOVAI-NB-8","CPU info","GCC 13.3.0","2025-10-06 15:41:41"
5000000,simultaneo,random_paired,3,45,0.001454268,0,"","INOVAI-NB-8","CPU info","GCC 13.3.0","2025-10-06 15:41:41"
5000000,não simultaneo,random_paired,4,46,0.001455889,0,"","INOVAI-NB-8","CPU info","GCC 13.3.0","2025-10-06 15:41:41"
5000000,simultaneo,random_paired,4,46,0.001601354,0,"","INOVAI-NB-8","CPU info","GCC 13.3.0","2025-10-06 15:41:41"
6000000,não simultaneo,random_paired,0,42,0.001594276,0,"","INOVAI-NB-8","CPU info","GCC 13.3.0","2025-10-06 15:41:41"
6000000,simultaneo,random_paired,0,42,0.001736744,0,"","INOVAI-NB-8","CPU info","GCC 13.3.0","2025-10-06 15:41:41"
6000000,não simultaneo,random_paired,1,43,0.001795188,0,"","INOVAI-NB-8","CPU info","GCC 13.3.0","2025-10-06 15:41:41"
6000000,simultaneo,random_paired,1,43,0.001952795,0,"","INOVAI-NB-8","CPU info","GCC 13.3.0","2025-10-06 15:41:41"
6000000,não simultaneo,random_paired,2,44,0.002054440,0,"","INOVAI-NB-8","CPU info","GCC 13.3.0","2025-10-06 15:41:41"
6000000,simultaneo,random_paired,2,44,0.001911745,0,"","INOVAI-NB-8","CPU info","GCC 13.3.0","2025-10-06 15:41:41"
6000000,não simultaneo,random_paired,3,45,0.001768060,0,"","INOVAI-NB-8","CPU info","GCC 13.3.0","2025-10-06 15:41:41"
6000000,simultaneo,random_paired,3,45,0.001851698,0,"","INOVAI-NB-8","CPU info","GCC 13.3.0","2025-10-06 15:41:41"
6000000,não simultaneo,random_paired,4,46,0.001540304,0,"","INOVAI-NB-8","CPU info","GCC 13.3.0","2025-10-06 15:41:41"
6000000,simultaneo,random_paired,4,46,0.002023675,0,"","INOVAI-NB-8","CPU info","GCC 13.3.0","2025-10-06 15:41:41"
7000000,não simultaneo,random_paired,0,42,0.002102833,0,"","INOVAI-NB-8","CPU info","GCC 13.3.0","2025-10-06 15:41:41"
7000000,simultaneo,random_paired,0,42,0.002151600,0,"","INOVAI-NB-8","CPU info","GCC 13.3.0","2025-10-06 15:41:41"
7000000,não simultaneo,random_paired,1,43,0.002172031,0,"","INOVAI-NB-8","CPU info","GCC 13.3.0","2025-10-06 15:41:41"
7000000,simultaneo,random_paired,1,43,0.002161845,0,"","INOVAI-NB-8","CPU info","GCC 13.3.0","2025-10-06 15:41:41"
7000000,não simultaneo,random_paired,2,44,0.002329995,0,"","INOVAI-NB-8","CPU info","GCC 13.3.0","2025-10-06 15:41:41"
7000000,simultaneo,random_paired,2,44,0.002131984,0,"","INOVAI-NB-8","CPU info","GCC 13.3.0","2025-10-06 15:41:41"
7000000,não simultaneo,random_paired,3,45,0.002300036,0,"","INOVAI-NB-8","CPU info","GCC 13.3.0","2025-10-06 15:41:41"
7000000,simultaneo,random_paired,3,45,0.002255379,0,"","INOVAI-NB-8","CPU info","GCC 13.3.0","2025-10-06 15:41:41"
7000000,não simultaneo,random_paired,4,46,0.002072615,0,"","INOVAI-NB-8","CPU info","GCC 13.3.0","2025-10-06 15:41:41"
7000000,simultaneo,random_paired,4,46,0.002178401,0,"","INOVAI-NB-8","CPU info","GCC 13.3.0","2025-10-06 15:41:41"
8000000,não simultaneo,random_paired,0,42,0.002302515,0,"","INOVAI-NB-8","CPU info","GCC 13.3.0","2025-10-06 15:41:41"
8000000,simultaneo,random_paired,0,42,0.002473601,0,"","INOVAI-NB-8","CPU info","GCC 13.3.0","2025-10-06 15:41:41"
8000000,não simultaneo,random_paired,1,43,0.002417070,0,"","INOVAI-NB-8","CPU info","GCC 13.3.0","2025-10-06 15:41:41"
8000000,simultaneo,random_paired,1,43,0.002472555,0,"","INOVAI-NB-8","CPU info","GCC 13.3.0","2025-10-06 15:41:41"
8000000,não simultaneo,random_paired,2,44,0.002611666,0,"","INOVAI-NB-8","CPU info","GCC 13.3.0","2025-10-06 15:41:41"
8000000,simultaneo,random_paired,2,44,0.002412134,0,"","INOVAI-NB-8","CPU info","GCC 13.3.0","2025-10-06 15:41:41"
8000000,não simultaneo,random_paired,3,45,0.002746827,0,"","INOVAI-NB-8","CPU info","GCC 13.3.0","2025-10-06 15:41:41"
8000000,simultaneo,random_paired,3,45,0.002859155,0,"","INOVAI-NB-8","CPU info","GCC 13.3.0","2025-10-06 15:41:41"
8000000,não simultaneo,random_paired,4,46,0.002721582,0,"","INOVAI-NB-8","CPU info","GCC 13.3.0","2025-10-06 15:41:41"
8000000,simultaneo,random_paired,4,46,0.002536349,0,"","INOVAI-NB-8","CPU info","GCC 13.3.0","2025-10-06 15:41:41"
9000000,não simultaneo,random_paired,0,42,0.002865338,0,"","INOVAI-NB-8","CPU info","GCC 13.3.0","2025-10-06 15:41:41"
9000000,simultaneo,random_paired,0,42,0.002914617,0,"","INOVAI-NB-8","CPU info","GCC 13.3.0","2025-10-06 15:41:41"
9000000,não simultaneo,random_paired,1,43,0.003038291,0,"","INOVAI-NB-8","CPU info","GCC 13.3.0","2025-10-06 15:41:41"
9000000,simultaneo,random_paired,1,43,0.002878792,0,"","INOVAI-NB-8","CPU info","GCC 13.3.0","2025-10-06 15:41:41"
9000000,não simultaneo,random_paired,2,44,0.003162977,0,"","INOVAI-NB-8","CPU info","GCC 13.3.0","2025-10-06 15:41:41"
9000000,simultaneo,random_paired,2,44,0.002852975,0,"","INOVAI-NB-8","CPU info","GCC 13.3.0","2025-10-06 15:41:41"
9000000,não simultaneo,random_paired,3,45,0.003506607,0,"","INOVAI-NB-8","CPU info","GCC 13.3.0","2025-10-06 15:41:41"
9000000,simultaneo,random_paired,3,45,0.002794230,0,"","INOVAI-NB-8","CPU info","GCC 13.3.0","2025-10-06 15:41:41"
9000000,não simultaneo,random_paired,4,46,0.002784789,0,"","INOVAI-NB-8","CPU info","GCC 13.3.0","2025-10-06 15:41:41"
9000000,simultaneo,random_paired,4,46,0.002881494,0,"","INOVAI-NB-8","CPU info","GCC 13.3.0","2025-10-06 15:41:41"
10000000,não simultaneo,random_paired,0,42,0.003683965,0,"","INOVAI-NB-8","CPU info","GCC 13.3.0","2025-10-06 15:41:41"
10000000,simultaneo,random_paired,0,42,0.003489014,0,"","INOVAI-NB-8","CPU info","GCC 13.3.0","2025-10-06 15:41:41"
10000000,não simultaneo,random_paired,1,43,0.003242442,0,"","INOVAI-NB-8","CPU info","GCC 13.3.0","2025-10-06 15:41:41"
10000000,simultaneo,random_paired,1,43,0.003163481,0,"","INOVAI-NB-8","CPU info","GCC 13.3.0","2025-10-06 15:41:41"
10000000,não simultaneo,random_paired,2,44,0.003189213,0,"","INOVAI-NB-8","CPU info","GCC 13.3.0","2025-10-06 15:41:41"
10000000,simultaneo,random_paired,2,44,0.003255545,0,"","INOVAI-NB-8","CPU info","GCC 13.3.0","2025-10-06 15:41:41"
10000000,não simultaneo,random_paired,3,45,0.003324436,0,"","INOVAI-NB-8","CPU info","GCC 13.3.0","2025-10-06 15:41:41"
10000000,simultaneo,random_paired,3,45,0.003234920,0,"","INOVAI-NB-8","CPU info","GCC 13.3.0","2025-10-06 15:41:41"
10000000,não simultaneo,random_paired,4,46,0.003294696,0,"","INOVAI-NB-8","CPU info","GCC 13.3.0","2025-10-06 15:41:41"
10000000,simultaneo,random_paired,4,46,0.003189707,0,"","INOVAI-NB-8","CPU info","GCC 13.3.0","2025-10-06 15:41:41"
11000000,não simultaneo,random_paired,0,42,0.003314611,0,"","INOVAI-NB-8","CPU info","GCC 13.3.0","2025-10-06 15:41:41"
11000000,simultaneo,random_paired,0,42,0.003377567,0,"","INOVAI-NB-8","CPU info","GCC 13.3.0","2025-10-06 15:41:41"
11000000,não simultaneo,random_paired,1,43,0.003605849,0,"","INOVAI-NB-8","CPU info","GCC 13.3.0","2025-10-06 15:41:41"
11000000,simultaneo,random_paired,1,43,0.003591589,0,"","INOVAI-NB-8","CPU info","GCC 13.3.0","2025-10-06 15:41:41"
11000000,não simultaneo,random_paired,2,44,0.003434197,0,"","INOVAI-NB-8","CPU info","GCC 13.3.0","2025-10-06 15:41:41"
11000000,simultaneo,random_paired,2,44,0.003434847,0,"","INOVAI-NB-8","CPU info","GCC 13.3.0","2025-10-06 15:41:41"
11000000,não simultaneo,random_paired,3,45,0.003503214,0,"","INOVAI-NB-8","CPU info","GCC 13.3.0","2025-10-06 15:41:41"
11000000,simultaneo,random_paired,3,45,0.003509686,0,"","INOVAI-NB-8","CPU info","GCC 13.3.0","2025-10-06 15:41:41"
11000000,não simultaneo,random_paired,4,46,0.003478839,0,"","INOVAI-NB-8","CPU info","GCC 13.3.0","2025-10-06 15:41:41"
11000000,simultaneo,random_paired,4,46,0.004966686,0,"","INOVAI-NB-8","CPU info","GCC 13.3.0","2025-10-06 15:41:41"
12000000,não simultaneo,random_paired,0,42,0.004154839,0,"","INOVAI-NB-8","CPU info","GCC 13.3.0","2025-10-06 15:41:41"
12000000,simultaneo,random_paired,0,42,0.003846540,0,"","INOVAI-NB-8","CPU info","GCC 13.3.0","2025-10-06 15:41:41"
12000000,não simultaneo,random_paired,1,43,0.003739971,0,"","INOVAI-NB-8","CPU info","GCC 13.3.0","2025-10-06 15:41:41"
12000000,simultaneo,random_paired,1,43,0.003749979,0,"","INOVAI-NB-8","CPU info","GCC 13.3.0","2025-10-06 15:41:41"
12000000,não simultaneo,random_paired,2,44,0.003601873,0,"","INOVAI-NB-8","CPU info","GCC 13.3.0","2025-10-06 15:41:41"
12000000,simultaneo,random_paired,2,44,0.003697129,0,"","INOVAI-NB-8","CPU info","GCC 13.3.0","2025-10-06 15:41:41"
12000000,não simultaneo,random_paired,3,45,0.004004062,0,"","INOVAI-NB-8","CPU info","GCC 13.3.0","2025-10-06 15:41:41"
12000000,simultaneo,random_paired,3,45,0.003809325,0,"","INOVAI-NB-8","CPU info","GCC 13.3.0","2025-10-06 15:41:41"
12000000,não simultaneo,random_paired,4,46,0.004160377,0,"","INOVAI-NB-8","CPU info","GCC 13.3.0","2025-10-06 15:41:41"
12000000,simultaneo,random_paired,4,46,0.004017504,0,"","INOVAI-NB-8","CPU info","GCC 13.3.0","2025-10-06 15:41:41"
13000000,não simultaneo,random_paired,0,42,0.004223790,0,"","INOVAI-NB-8","CPU info","GCC 13.3.0","2025-10-06 15:41:41"
13000000,simultaneo,random_paired,0,42,0.004217773,0,"","INOVAI-NB-8","CPU info","GCC 13.3.0","2025-10-06 15:41:41"
13000000,não simultaneo,random_paired,1,43,0.004148118,0,"","INOVAI-NB-8","CPU info","GCC 13.3.0","2025-10-06 15:41:41"
13000000,simultaneo,random_paired,1,43,0.004246324,0,"","INOVAI-NB-8","CPU info","GCC 13.3.0","2025-10-06 15:41:41"
13000000,não simultaneo,random_paired,2,44,0.004308005,0,"","INOVAI-NB-8","CPU info","GCC 13.3.0","2025-10-06 15:41:41"
13000000,simultaneo,random_paired,2,44,0.004157557,0,"","INOVAI-NB-8","CPU info","GCC 13.3.0","2025-10-06 15:41:41"
13000000,não simultaneo,random_paired,3,45,0.004031428,0,"","INOVAI-NB-8","CPU info","GCC 13.3.0","2025-10-06 15:41:41"
13000000,simultaneo,random_paired,3,45,0.004138639,0,"","INOVAI-NB-8","CPU info","GCC 13.3.0","2025-10-06 15:41:41"
13000000,não simultaneo,random_paired,4,46,0.004441815,0,"","INOVAI-NB-8","CPU info","GCC 13.3.0","2025-10-06 15:41:41"
13000000,simultaneo,random_paired,4,46,0.004237823,0,"","INOVAI-NB-8","CPU info","GCC 13.3.0","2025-10-06 15:41:41"
14000000,não simultaneo,random_paired,0,42,0.004943846,0,"","INOVAI-NB-8","CPU info","GCC 13.3.0","2025-10-06 15:41:41"
14000000,simultaneo,random_paired,0,42,0.004714086,0,"","INOVAI-NB-8","CPU info","GCC 13.3.0","2025-10-06 15:41:41"
14000000,não simultaneo,random_paired,1,43,0.005677805,0,"","INOVAI-NB-8","CPU info","GCC 13.3.0","2025-10-06 15:41:41"
14000000,simultaneo,random_paired,1,43,0.004673945,0,"","INOVAI-NB-8","CPU info","GCC 13.3.0","2025-10-06 15:41:41"
14000000,não simultaneo,random_paired,2,44,0.004770008,0,"","INOVAI-NB-8","CPU info","GCC 13.3.0","2025-10-06 15:41:41"
14000000,simultaneo,random_paired,2,44,0.004653558,0,"","INOVAI-NB-8","CPU info","GCC 13.3.0","2025-10-06 15:41:41"
14000000,não simultaneo,random_paired,3,45,0.004724798,0,"","INOVAI-NB-8","CPU info","GCC 13.3.0","2025-10-06 15:41:41"
14000000,simultaneo,random_paired,3,45,0.004840248,0,"","INOVAI-NB-8","CPU info","GCC 13.3.0","2025-10-06 15:41:41"
14000000,não simultaneo,random_paired,4,46,0.004818680,0,"","INOVAI-NB-8","CPU info","GCC 13.3.0","2025-10-06 15:41:41"
14000000,simultaneo,random_paired,4,46,0.004678706,0,"","INOVAI-NB-8","CPU info","GCC 13.3.0","2025-10-06 15:41:41"
15000000,não simultaneo,random_paired,0,42,0.005044579,0,"","INOVAI-NB-8","CPU info","GCC 13.3.0","2025-10-06 15:41:41"
15000000,simultaneo,random_paired,0,42,0.004861534,0,"","INOVAI-NB-8","CPU info","GCC 13.3.0","2025-10-06 15:41:41"
15000000,não simultaneo,random_paired,1,43,0.005126315,0,"","INOVAI-NB-8","CPU info","GCC 13.3.0","2025-10-06 15:41:41"
15000000,simultaneo,random_paired,1,43,0.005043399,0,"","INOVAI-NB-8","CPU info","GCC 13.3.0","2025-10-06 15:41:41"
15000000,não simultaneo,random_paired,2,44,0.005034809,0,"","INOVAI-NB-8","CPU info","GCC 13.3.0","2025-10-06 15:41:41"
15000000,simultaneo,random_paired,2,44,0.004908969,0,"","INOVAI-NB-8","CPU info","GCC 13.3.0","2025-10-06 15:41:41"
15000000,não simultaneo,random_paired,3,45,0.005071019,0,"","INOVAI-NB-8","CPU info","GCC 13.3.0","2025-10-06 15:41:41"
15000000,simultaneo,random_paired,3,45,0.004982234,0,"","INOVAI-NB-8","CPU info","GCC 13.3.0","2025-10-06 15:41:41"
15000000,não simultaneo,random_paired,4,46,0.005145735,0,"","INOVAI-NB-8","CPU info","GCC 13.3.0","2025-10-06 15:41:41"
15000000,simultaneo,random_paired,4,46,0.005003263,0,"","INOVAI-NB-8","CPU info","GCC 13.3.0","2025-10-06 15:41:41"
16000000,não simultaneo,random_paired,0,42,0.005408846,0,"","INOVAI-NB-8","CPU info","GCC 13.3.0","2025-10-06 15:41:41"
16000000,simultaneo,random_paired,0,42,0.005208212,0,"","INOVAI-NB-8","CPU info","GCC 13.3.0","2025-10-06 15:41:41"
16000000,não simultaneo,random_paired,1,43,0.005585840,0,"","INOVAI-NB-8","CPU info","GCC 13.3.0","2025-10-06 15:41:41"
16000000,simultaneo,random_paired,1,43,0.005470940,0,"","INOVAI-NB-8","CPU info","GCC 13.3.0","2025-10-06 15:41:41"
16000000,não simultaneo,random_paired,2,44,0.005735413,0,"","INOVAI-NB-8","CPU info","GCC 13.3.0","2025-10-06 15:41:41"
16000000,simultaneo,random_paired,2,44,0.005571978,0,"","INOVAI-NB-8","CPU info","GCC 13.3.0","2025-10-06 15:41:41"
16000000,não simultaneo,random_paired,3,45,0.005770161,0,"","INOVAI-NB-8","CPU info","GCC 13.3.0","2025-10-06 15:41:41"
16000000,simultaneo,random_paired,3,45,0.005668457,0,"","INOVAI-NB-8","CPU info","GCC 13.3.0","2025-10-06 15:41:41"
16000000,não simultaneo,random_paired,4,46,0.005657502,0,"","INOVAI-NB-8","CPU info","GCC 13.3.0","2025-10-06 15:41:41"
16000000,simultaneo,random_paired,4,46,0.006196556,0,"","INOVAI-NB-8","CPU info","GCC 13.3.0","2025-10-06 15:41:41"
17000000,não simultaneo,random_paired,0,42,0.006347653,0,"","INOVAI-NB-8","CPU info","GCC 13.3.0","2025-10-06 15:41:41"
17000000,simultaneo,random_paired,0,42,0.006093981,0,"","INOVAI-NB-8","CPU info","GCC 13.3.0","2025-10-06 15:41:41"
17000000,não simultaneo,random_paired,1,43,0.006015029,0,"","INOVAI-NB-8","CPU info","GCC 13.3.0","2025-10-06 15:41:41"
17000000,simultaneo,random_paired,1,43,0.005928492,0,"","INOVAI-NB-8","CPU info","GCC 13.3.0","2025-10-06 15:41:41"
17000000,não simultaneo,random_paired,2,44,0.006115729,0,"","INOVAI-NB-8","CPU info","GCC 13.3.0","2025-10-06 15:41:41"
17000000,simultaneo,random_paired,2,44,0.005928710,0,"","INOVAI-NB-8","CPU info","GCC 13.3.0","2025-10-06 15:41:41"
17000000,não simultaneo,random_paired,3,45,0.005988449,0,"","INOVAI-NB-8","CPU info","GCC 13.3.0","2025-10-06 15:41:41"
17000000,simultaneo,random_paired,3,45,0.005909875,0,"","INOVAI-NB-8","CPU info","GCC 13.3.0","2025-10-06 15:41:41"
17000000,não simultaneo,random_paired,4,46,0.006044470,0,"","INOVAI-NB-8","CPU info","GCC 13.3.0","2025-10-06 15:41:41"
17000000,simultaneo,random_paired,4,46,0.005921261,0,"","INOVAI-NB-8","CPU info","GCC 13.3.0","2025-10-06 15:41:41"
18000000,não simultaneo,random_paired,0,42,0.006301060,0,"","INOVAI-NB-8","CPU info","GCC 13.3.0","2025-10-06 15:41:41"
18000000,simultaneo,random_paired,0,42,0.006299439,0,"","INOVAI-NB-8","CPU info","GCC 13.3.0","2025-10-06 15:41:41"
18000000,não simultaneo,random_paired,1,43,0.006654101,0,"","INOVAI-NB-8","CPU info","GCC 13.3.0","2025-10-06 15:41:41"
18000000,simultaneo,random_paired,1,43,0.006556036,0,"","INOVAI-NB-8","CPU info","GCC 13.3.0","2025-10-06 15:41:41"
18000000,não simultaneo,random_paired,2,44,0.006231011,0,"","INOVAI-NB-8","CPU info","GCC 13.3.0","2025-10-06 15:41:41"
18000000,simultaneo,random_paired,2,44,0.006218525,0,"","INOVAI-NB-8","CPU info","GCC 13.3.0","2025-10-06 15:41:41"
18000000,não simultaneo,random_paired,3,45,0.006623778,0,"","INOVAI-NB-8","CPU info","GCC 13.3.0","2025-10-06 15:41:41"
18000000,simultaneo,random_paired,3,45,0.006476302,0,"","INOVAI-NB-8","CPU info","GCC 13.3.0","2025-10-06 15:41:41"
18000000,não simultaneo,random_paired,4,46,0.005927787,0,"","INOVAI-NB-8","CPU info","GCC 13.3.0","2025-10-06 15:41:41"
18000000,simultaneo,random_paired,4,46,0.006178404,0,"","INOVAI-NB-8","CPU info","GCC 13.3.0","2025-10-06 15:41:41"
19000000,não simultaneo,random_paired,0,42,0.006408205,0,"","INOVAI-NB-8","CPU info","GCC 13.3.0","2025-10-06 15:41:41"
19000000,simultaneo,random_paired,0,42,0.006345723,0,"","INOVAI-NB-8","CPU info","GCC 13.3.0","2025-10-06 15:41:41"
19000000,não simultaneo,random_paired,1,43,0.006295056,0,"","INOVAI-NB-8","CPU info","GCC 13.3.0","2025-10-06 15:41:41"
19000000,simultaneo,random_paired,1,43,0.006377314,0,"","INOVAI-NB-8","CPU info","GCC 13.3.0","2025-10-06 15:41:41"
19000000,não simultaneo,random_paired,2,44,0.006181476,0,"","INOVAI-NB-8","CPU info","GCC 13.3.0","2025-10-06 15:41:41"
19000000,simultaneo,random_paired,2,44,0.006364518,0,"","INOVAI-NB-8","CPU info","GCC 13.3.0","2025-10-06 15:41:41"
19000000,não simultaneo,random_paired,3,45,0.006216777,0,"","INOVAI-NB-8","CPU info","GCC 13.3.0","2025-10-06 15:41:41"
19000000,simultaneo,random_paired,3,45,0.006350946,0,"","INOVAI-NB-8","CPU info","GCC 13.3.0","2025-10-06 15:41:41"
19000000,não simultaneo,random_paired,4,46,0.006873650,0,"","INOVAI-NB-8","CPU info","GCC 13.3.0","2025-10-06 15:41:41"
19000000,simultaneo,random_paired,4,46,0.006274296,0,"","INOVAI-NB-8","CPU info","GCC 13.3.0","2025-10-06 15:41:41"
20000000,não simultaneo,random_paired,0,42,0.006649040,0,"","INOVAI-NB-8","CPU info","GCC 13.3.0","2025-10-06 15:41:41"
20000000,simultaneo,random_paired,0,42,0.006842091,0,"","INOVAI-NB-8","CPU info","GCC 13.3.0","2025-10-06 15:41:41"
20000000,não simultaneo,random_paired,1,43,0.007738300,0,"","INOVAI-NB-8","CPU info","GCC 13.3.0","2025-10-06 15:41:41"
20000000,simultaneo,random_paired,1,43,0.007237075,0,"","INOVAI-NB-8","CPU info","GCC 13.3.0","2025-10-06 15:41:41"
20000000,não simultaneo,random_paired,2,44,0.006652216,0,"","INOVAI-NB-8","CPU info","GCC 13.3.0","2025-10-06 15:41:41"
20000000,simultaneo,random_paired,2,44,0.006774021,0,"","INOVAI-NB-8","CPU info","GCC 13.3.0","2025-10-06 15:41:41"
20000000,não simultaneo,random_paired,3,45,0.007096373,0,"","INOVAI-NB-8","CPU info","GCC 13.3.0","2025-10-06 15:41:41"
20000000,simultaneo,random_paired,3,45,0.007391207,0,"","INOVAI-NB-8","CPU info","GCC 13.3.0","2025-10-06 15:41:41"
20000000,não simultaneo,random_paired,4,46,0.007461580,0,"","INOVAI-NB-8","CPU info","GCC 13.3.0","2025-10-06 15:41:41"
20000000,simultaneo,random_paired,4,46,0.007058373,0,"","INOVAI-NB-8","CPU info","GCC 13.3.0","2025-10-06 15:41:41"
21000000,não simultaneo,random_paired,0,42,0.007348489,0,"","INOVAI-NB-8","CPU info","GCC 13.3.0","2025-10-06 15:41:41"
21000000,simultaneo,random_paired,0,42,0.007153744,0,"","INOVAI-NB-8","CPU info","GCC 13.3.0","2025-10-06 15:41:41"
21000000,não simultaneo,random_paired,1,43,0.007219204,0,"","INOVAI-NB-8","CPU info","GCC 13.3.0","2025-10-06 15:41:41"
21000000,simultaneo,random_paired,1,43,0.007196841,0,"","INOVAI-NB-8","CPU info","GCC 13.3.0","2025-10-06 15:41:41"
21000000,não simultaneo,random_paired,2,44,0.007672889,0,"","INOVAI-NB-8","CPU info","GCC 13.3.0","2025-10-06 15:41:41"
21000000,simultaneo,random_paired,2,44,0.007296302,0,"","INOVAI-NB-8","CPU info","GCC 13.3.0","2025-10-06 15:41:41"
21000000,não simultaneo,random_paired,3,45,0.007453983,0,"","INOVAI-NB-8","CPU info","GCC 13.3.0","2025-10-06 15:41:41"
21000000,simultaneo,random_paired,3,45,0.007319011,0,"","INOVAI-NB-8","CPU info","GCC 13.3.0","2025-10-06 15:41:41"
21000000,não simultaneo,random_paired,4,46,0.007102389,0,"","INOVAI-NB-8","CPU info","GCC 13.3.0","2025-10-06 15:41:41"
21000000,simultaneo,random_paired,4,46,0.007063154,0,"","INOVAI-NB-8","CPU info","GCC 13.3.0","2025-10-06 15:41:41"
22000000,não simultaneo,random_paired,0,42,0.007475527,0,"","INOVAI-NB-8","CPU info","GCC 13.3.0","2025-10-06 15:41:41"
22000000,simultaneo,random_paired,0,42,0.007255050,0,"","INOVAI-NB-8","CPU info","GCC 13.3.0","2025-10-06 15:41:41"
22000000,não simultaneo,random_paired,1,43,0.007485729,0,"","INOVAI-NB-8","CPU info","GCC 13.3.0","2025-10-06 15:41:41"
22000000,simultaneo,random_paired,1,43,0.008727445,0,"","INOVAI-NB-8","CPU info","GCC 13.3.0","2025-10-06 15:41:41"
22000000,não simultaneo,random_paired,2,44,0.007480433,0,"","INOVAI-NB-8","CPU info","GCC 13.3.0","2025-10-06 15:41:41"
22000000,simultaneo,random_paired,2,44,0.007589575,0,"","INOVAI-NB-8","CPU info","GCC 13.3.0","2025-10-06 15:41:41"
22000000,não simultaneo,random_paired,3,45,0.007451596,0,"","INOVAI-NB-8","CPU info","GCC 13.3.0","2025-10-06 15:41:41"
22000000,simultaneo,random_paired,3,45,0.007324483,0,"","INOVAI-NB-8","CPU info","GCC 13.3.0","2025-10-06 15:41:41"
22000000,não simultaneo,random_paired,4,46,0.008308190,0,"","INOVAI-NB-8","CPU info","GCC 13.3.0","2025-10-06 15:41:41"
22000000,simultaneo,random_paired,4,46,0.007872058,0,"","INOVAI-NB-8","CPU info","GCC 13.3.0","2025-10-06 15:41:41"
23000000,não simultaneo,random_paired,0,42,0.008680230,0,"","INOVAI-NB-8","CPU info","GCC 13.3.0","2025-10-06 15:41:41"
23000000,simultaneo,random_paired,0,42,0.008130114,0,"","INOVAI-NB-8","CPU info","GCC 13.3.0","2025-10-06 15:41:41"
23000000,não simultaneo,random_paired,1,43,0.007942311,0,"","INOVAI-NB-8","CPU info","GCC 13.3.0","2025-10-06 15:41:41"
23000000,simultaneo,random_paired,1,43,0.007698325,0,"","INOVAI-NB-8","CPU info","GCC 13.3.0","2025-10-06 15:41:41"
23000000,não simultaneo,random_paired,2,44,0.007786933,0,"","INOVAI-NB-8","CPU info","GCC 13.3.0","2025-10-06 15:41:41"
23000000,simultaneo,random_paired,2,44,0.007691915,0,"","INOVAI-NB-8","CPU info","GCC 13.3.0","2025-10-06 15:41:41"
23000000,não simultaneo,random_paired,3,45,0.008020445,0,"","INOVAI-NB-8","CPU info","GCC 13.3.0","2025-10-06 15:41:41"
23000000,simultaneo,random_paired,3,45,0.007917507,0,"","INOVAI-NB-8","CPU info","GCC 13.3.0","2025-10-06 15:41:41"
23000000,não simultaneo,random_paired,4,46,0.008007715,0,"","INOVAI-NB-8","CPU info","GCC 13.3.0","2025-10-06 15:41:41"
23000000,simultaneo,random_paired,4,46,0.007941792,0,"","INOVAI-NB-8","CPU info","GCC 13.3.0","2025-10-06 15:41:41"
24000000,não simultaneo,random_paired,0,42,0.008040230,0,"","INOVAI-NB-8","CPU info","GCC 13.3.0","2025-10-06 15:41:41"
24000000,simultaneo,random_paired,0,42,0.008048606,0,"","INOVAI-NB-8","CPU info","GCC 13.3.0","2025-10-06 15:41:41"
24000000,não simultaneo,random_paired,1,43,0.008316624,0,"","INOVAI-NB-8","CPU info","GCC 13.3.0","2025-10-06 15:41:41"
24000000,simultaneo,random_paired,1,43,0.008253330,0,"","INOVAI-NB-8","CPU info","GCC 13.3.0","2025-10-06 15:41:41"
24000000,não simultaneo,random_paired,2,44,0.008282446,0,"","INOVAI-NB-8","CPU info","GCC 13.3.0","2025-10-06 15:41:41"
24000000,simultaneo,random_paired,2,44,0.008090451,0,"","INOVAI-NB-8","CPU info","GCC 13.3.0","2025-10-06 15:41:41"
24000000,não simultaneo,random_paired,3,45,0.008040489,0,"","INOVAI-NB-8","CPU info","GCC 13.3.0","2025-10-06 15:41:41"
24000000,simultaneo,random_paired,3,45,0.008235532,0,"","INOVAI-NB-8","CPU info","GCC 13.3.0","2025-10-06 15:41:41"
24000000,não simultaneo,random_paired,4,46,0.008340876,0,"","INOVAI-NB-8","CPU info","GCC 13.3.0","2025-10-06 15:41:41"
24000000,simultaneo,random_paired,4,46,0.008000853,0,"","INOVAI-NB-8","CPU info","GCC 13.3.0","2025-10-06 15:41:41"
25000000,não simultaneo,random_paired,0,42,0.008518243,0,"","INOVAI-NB-8","CPU info","GCC 13.3.0","2025-10-06 15:41:41"
25000000,simultaneo,random_paired,0,42,0.008280393,0,"","INOVAI-NB-8","CPU info","GCC 13.3.0","2025-10-06 15:41:41"
25000000,não simultaneo,random_paired,1,43,0.010642738,0,"","INOVAI-NB-8","CPU info","GCC 13.3.0","2025-10-06 15:41:41"
25000000,simultaneo,random_paired,1,43,0.009155554,0,"","INOVAI-NB-8","CPU info","GCC 13.3.0","2025-10-06 15:41:41"
25000000,não simultaneo,random_paired,2,44,0.008805946,0,"","INOVAI-NB-8","CPU info","GCC 13.3.0","2025-10-06 15:41:41"
25000000,simultaneo,random_paired,2,44,0.008146437,0,"","INOVAI-NB-8","CPU info","GCC 13.3.0","2025-10-06 15:41:41"
25000000,não simultaneo,random_paired,3,45,0.008552063,0,"","INOVAI-NB-8","CPU info","GCC 13.3.0","2025-10-06 15:41:41"
25000000,simultaneo,random_paired,3,45,0.008536452,0,"","INOVAI-NB-8","CPU info","GCC 13.3.0","2025-10-06 15:41:41"
25000000,não simultaneo,random_paired,4,46,0.008515711,0,"","INOVAI-NB-8","CPU info","GCC 13.3.0","2025-10-06 15:41:41"
25000000,simultaneo,random_paired,4,46,0.008516691,0,"","INOVAI-NB-8","CPU info","GCC 13.3.0","2025-10-06 15:41:41"
26000000,não simultaneo,random_paired,0,42,0.009541114,0,"","INOVAI-NB-8","CPU info","GCC 13.3.0","2025-10-06 15:41:41"
26000000,simultaneo,random_paired,0,42,0.008931793,0,"","INOVAI-NB-8","CPU info","GCC 13.3.0","2025-10-06 15:41:41"
26000000,não simultaneo,random_paired,1,43,0.009247540,0,"","INOVAI-NB-8","CPU info","GCC 13.3.0","2025-10-06 15:41:41"
26000000,simultaneo,random_paired,1,43,0.008753921,0,"","INOVAI-NB-8","CPU info","GCC 13.3.0","2025-10-06 15:41:41"
26000000,não simultaneo,random_paired,2,44,0.009285106,0,"","INOVAI-NB-8","CPU info","GCC 13.3.0","2025-10-06 15:41:41"
26000000,simultaneo,random_paired,2,44,0.008700922,0,"","INOVAI-NB-8","CPU info","GCC 13.3.0","2025-10-06 15:41:41"
26000000,não simultaneo,random_paired,3,45,0.009054295,0,"","INOVAI-NB-8","CPU info","GCC 13.3.0","2025-10-06 15:41:41"
26000000,simultaneo,random_paired,3,45,0.008731604,0,"","INOVAI-NB-8","CPU info","GCC 13.3.0","2025-10-06 15:41:41"
26000000,não simultaneo,random_paired,4,46,0.008917996,0,"","INOVAI-NB-8","CPU info","GCC 13.3.0","2025-10-06 15:41:41"
26000000,simultaneo,random_paired,4,46,0.008637671,0,"","INOVAI-NB-8","CPU info","GCC 13.3.0","2025-10-06 15:41:41"
27000000,não simultaneo,random_paired,0,42,0.009719092,0,"","INOVAI-NB-8","CPU info","GCC 13.3.0","2025-10-06 15:41:41"
27000000,simultaneo,random_paired,0,42,0.008987005,0,"","INOVAI-NB-8","CPU info","GCC 13.3.0","2025-10-06 15:41:41"
27000000,não simultaneo,random_paired,1,43,0.008849329,0,"","INOVAI-NB-8","CPU info","GCC 13.3.0","2025-10-06 15:41:41"
27000000,simultaneo,random_paired,1,43,0.008817290,0,"","INOVAI-NB-8","CPU info","GCC 13.3.0","2025-10-06 15:41:41"
27000000,não simultaneo,random_paired,2,44,0.009583877,0,"","INOVAI-NB-8","CPU info","GCC 13.3.0","2025-10-06 15:41:41"
27000000,simultaneo,random_paired,2,44,0.009533150,0,"","INOVAI-NB-8","CPU info","GCC 13.3.0","2025-10-06 15:41:41"
27000000,não simultaneo,random_paired,3,45,0.010245916,0,"","INOVAI-NB-8","CPU info","GCC 13.3.0","2025-10-06 15:41:41"
27000000,simultaneo,random_paired,3,45,0.008940744,0,"","INOVAI-NB-8","CPU info","GCC 13.3.0","2025-10-06 15:41:41"
27000000,não simultaneo,random_paired,4,46,0.010098617,0,"","INOVAI-NB-8","CPU info","GCC 13.3.0","2025-10-06 15:41:41"
27000000,simultaneo,random_paired,4,46,0.009169921,0,"","INOVAI-NB-8","CPU info","GCC 13.3.0","2025-10-06 15:41:41"
28000000,não simultaneo,random_paired,0,42,0.009880627,0,"","INOVAI-NB-8","CPU info","GCC 13.3.0","2025-10-06 15:41:41"
28000000,simultaneo,random_paired,0,42,0.009837985,0,"","INOVAI-NB-8","CPU info","GCC 13.3.0","2025-10-06 15:41:41"
28000000,não simultaneo,random_paired,1,43,0.009697218,0,"","INOVAI-NB-8","CPU info","GCC 13.3.0","2025-10-06 15:41:41"
28000000,simultaneo,random_paired,1,43,0.009779992,0,"","INOVAI-NB-8","CPU info","GCC 13.3.0","2025-10-06 15:41:41"
28000000,não simultaneo,random_paired,2,44,0.009973241,0,"","INOVAI-NB-8","CPU info","GCC 13.3.0","2025-10-06 15:41:41"
28000000,simultaneo,random_paired,2,44,0.011801748,0,"","INOVAI-NB-8","CPU info","GCC 13.3.0","2025-10-06 15:41:41"
28000000,não simultaneo,random_paired,3,45,0.009623233,0,"","INOVAI-NB-8","CPU info","GCC 13.3.0","2025-10-06 15:41:41"
28000000,simultaneo,random_paired,3,45,0.009627063,0,"","INOVAI-NB-8","CPU info","GCC 13.3.0","2025-10-06 15:41:41"
28000000,não simultaneo,random_paired,4,46,0.010273629,0,"","INOVAI-NB-8","CPU info","GCC 13.3.0","2025-10-06 15:41:41"
28000000,simultaneo,random_paired,4,46,0.009741559,0,"","INOVAI-NB-8","CPU info","GCC 13.3.0","2025-10-06 15:41:41"
29000000,não simultaneo,random_paired,0,42,0.010815136,0,"","INOVAI-NB-8","CPU info","GCC 13.3.0","2025-10-06 15:41:41"
29000000,simultaneo,random_paired,0,42,0.012369270,0,"","INOVAI-NB-8","CPU info","GCC 13.3.0","2025-10-06 15:41:41"
29000000,não simultaneo,random_paired,1,43,0.010414361,0,"","INOVAI-NB-8","CPU info","GCC 13.3.0","2025-10-06 15:41:41"
29000000,simultaneo,random_paired,1,43,0.009865292,0,"","INOVAI-NB-8","CPU info","GCC 13.3.0","2025-10-06 15:41:41"
29000000,não simultaneo,random_paired,2,44,0.010115028,0,"","INOVAI-NB-8","CPU info","GCC 13.3.0","2025-10-06 15:41:41"
29000000,simultaneo,random_paired,2,44,0.009976146,0,"","INOVAI-NB-8","CPU info","GCC 13.3.0","2025-10-06 15:41:41"
29000000,não simultaneo,random_paired,3,45,0.010944196,0,"","INOVAI-NB-8","CPU info","GCC 13.3.0","2025-10-06 15:41:41"
29000000,simultaneo,random_paired,3,45,0.010381711,0,"","INOVAI-NB-8","CPU info","GCC 13.3.0","2025-10-06 15:41:41"
29000000,não simultaneo,random_paired,4,46,0.012439947,0,"","INOVAI-NB-8","CPU info","GCC 13.3.0","2025-10-06 15:41:41"
29000000,simultaneo,random_paired,4,46,0.011803868,0,"","INOVAI-NB-8","CPU info","GCC 13.3.0","2025-10-06 15:41:41"
30000000,não simultaneo,random_paired,0,42,0.011515530,0,"","INOVAI-NB-8","CPU info","GCC 13.3.0","2025-10-06 15:41:41"
30000000,simultaneo,random_paired,0,42,0.011238262,0,"","INOVAI-NB-8","CPU info","GCC 13.3.0","2025-10-06 15:41:41"
30000000,não simultaneo,random_paired,1,43,0.012567421,0,"","INOVAI-NB-8","CPU info","GCC 13.3.0","2025-10-06 15:41:41"
30000000,simultaneo,random_paired,1,43,0.010688291,0,"","INOVAI-NB-8","CPU info","GCC 13.3.0","2025-10-06 15:41:41"
30000000,não simultaneo,random_paired,2,44,0.011362039,0,"","INOVAI-NB-8","CPU info","GCC 13.3.0","2025-10-06 15:41:41"
30000000,simultaneo,random_paired,2,44,0.010680913,0,"","INOVAI-NB-8","CPU info","GCC 13.3.0","2025-10-06 15:41:41"
30000000,não simultaneo,random_paired,3,45,0.011374893,0,"","INOVAI-NB-8","CPU info","GCC 13.3.0","2025-10-06 15:41:41"
30000000,simultaneo,random_paired,3,45,0.010640632,0,"","INOVAI-NB-8","CPU info","GCC 13.3.0","2025-10-06 15:41:41"
30000000,não simultaneo,random_paired,4,46,0.011284352,0,"","INOVAI-NB-8","CPU info","GCC 13.3.0","2025-10-06 15:41:41"
30000000,simultaneo,random_paired,4,46,0.010560020,0,"","INOVAI-NB-8","CPU info","GCC 13.3.0","2025-10-06 15:41:41"
31000000,não simultaneo,random_paired,0,42,0.011555278,0,"","INOVAI-NB-8","CPU info","GCC 13.3.0","2025-10-06 15:41:41"
31000000,simultaneo,random_paired,0,42,0.010926382,0,"","INOVAI-NB-8","CPU info","GCC 13.3.0","2025-10-06 15:41:41"
31000000,não simultaneo,random_paired,1,43,0.012037280,0,"","INOVAI-NB-8","CPU info","GCC 13.3.0","2025-10-06 15:41:41"
31000000,simultaneo,random_paired,1,43,0.011527162,0,"","INOVAI-NB-8","CPU info","GCC 13.3.0","2025-10-06 15:41:41"
31000000,não simultaneo,random_paired,2,44,0.011674735,0,"","INOVAI-NB-8","CPU info","GCC 13.3.0","2025-10-06 15:41:41"
31000000,simultaneo,random_paired,2,44,0.010578353,0,"","INOVAI-NB-8","CPU info","GCC 13.3.0","2025-10-06 15:41:41"
31000000,não simultaneo,random_paired,3,45,0.011068612,0,"","INOVAI-NB-8","CPU info","GCC 13.3.0","2025-10-06 15:41:41"
31000000,simultaneo,random_paired,3,45,0.010397329,0,"","INOVAI-NB-8","CPU info","GCC 13.3.0","2025-10-06 15:41:41"
31000000,não simultaneo,random_paired,4,46,0.011243284,0,"","INOVAI-NB-8","CPU info","GCC 13.3.0","2025-10-06 15:41:41"
31000000,simultaneo,random_paired,4,46,0.010615855,0,"","INOVAI-NB-8","CPU info","GCC 13.3.0","2025-10-06 15:41:41"
32000000,não simultaneo,random_paired,0,42,0.011931273,0,"","INOVAI-NB-8","CPU info","GCC 13.3.0","2025-10-06 15:41:41"
32000000,simultaneo,random_paired,0,42,0.010801865,0,"","INOVAI-NB-8","CPU info","GCC 13.3.0","2025-10-06 15:41:41"
32000000,não simultaneo,random_paired,1,43,0.012019086,0,"","INOVAI-NB-8","CPU info","GCC 13.3.0","2025-10-06 15:41:41"
32000000,simultaneo,random_paired,1,43,0.010838892,0,"","INOVAI-NB-8","CPU info","GCC 13.3.0","2025-10-06 15:41:41"
32000000,não simultaneo,random_paired,2,44,0.012185079,0,"","INOVAI-NB-8","CPU info","GCC 13.3.0","2025-10-06 15:41:41"
32000000,simultaneo,random_paired,2,44,0.011227980,0,"","INOVAI-NB-8","CPU info","GCC 13.3.0","2025-10-06 15:41:41"
32000000,não simultaneo,random_paired,3,45,0.011926497,0,"","INOVAI-NB-8","CPU info","GCC 13.3.0","2025-10-06 15:41:41"
32000000,simultaneo,random_paired,3,45,0.011270889,0,"","INOVAI-NB-8","CPU info","GCC 13.3.0","2025-10-06 15:41:41"
32000000,não simultaneo,random_paired,4,46,0.012356901,0,"","INOVAI-NB-8","CPU info","GCC 13.3.0","2025-10-06 15:41:41"
32000000,simultaneo,random_paired,4,46,0.010848430,0,"","INOVAI-NB-8","CPU info","GCC 13.3.0","2025-10-06 15:41:41"
33000000,não simultaneo,random_paired,0,42,0.011975126,0,"","INOVAI-NB-8","CPU info","GCC 13.3.0","2025-10-06 15:41:41"
33000000,simultaneo,random_paired,0,42,0.011518136,0,"","INOVAI-NB-8","CPU info","GCC 13.3.0","2025-10-06 15:41:41"
33000000,não simultaneo,random_paired,1,43,0.012402815,0,"","INOVAI-NB-8","CPU info","GCC 13.3.0","2025-10-06 15:41:41"
33000000,simultaneo,random_paired,1,43,0.010968212,0,"","INOVAI-NB-8","CPU info","GCC 13.3.0","2025-10-06 15:41:41"
33000000,não simultaneo,random_paired,2,44,0.010880032,0,"","INOVAI-NB-8","CPU info","GCC 13.3.0","2025-10-06 15:41:41"
33000000,simultaneo,random_paired,2,44,0.010450441,0,"","INOVAI-NB-8","CPU info","GCC 13.3.0","2025-10-06 15:41:41"
33000000,não simultaneo,random_paired,3,45,0.010618671,0,"","INOVAI-NB-8","CPU info","GCC 13.3.0","2025-10-06 15:41:41"
33000000,simultaneo,random_paired,3,45,0.010666104,0,"","INOVAI-NB-8","CPU info","GCC 13.3.0","2025-10-06 15:41:41"
33000000,não simultaneo,random_paired,4,46,0.010804524,0,"","INOVAI-NB-8","CPU info","GCC 13.3.0","2025-10-06 15:41:41"
33000000,simultaneo,random_paired,4,46,0.010662591,0,"","INOVAI-NB-8","CPU info","GCC 13.3.0","2025-10-06 15:41:41"
34000000,não simultaneo,random_paired,0,42,0.011391943,0,"","INOVAI-NB-8","CPU info","GCC 13.3.0","2025-10-06 15:41:41"
34000000,simultaneo,random_paired,0,42,0.010661808,0,"","INOVAI-NB-8","CPU info","GCC 13.3.0","2025-10-06 15:41:41"
34000000,não simultaneo,random_paired,1,43,0.011563353,0,"","INOVAI-NB-8","CPU info","GCC 13.3.0","2025-10-06 15:41:41"
34000000,simultaneo,random_paired,1,43,0.010965834,0,"","INOVAI-NB-8","CPU info","GCC 13.3.0","2025-10-06 15:41:41"
34000000,não simultaneo,random_paired,2,44,0.011545329,0,"","INOVAI-NB-8","CPU info","GCC 13.3.0","2025-10-06 15:41:41"
34000000,simultaneo,random_paired,2,44,0.011810802,0,"","INOVAI-NB-8","CPU info","GCC 13.3.0","2025-10-06 15:41:41"
34000000,não simultaneo,random_paired,3,45,0.011724649,0,"","INOVAI-NB-8","CPU info","GCC 13.3.0","2025-10-06 15:41:41"
34000000,simultaneo,random_paired,3,45,0.010830872,0,"","INOVAI-NB-8","CPU info","GCC 13.3.0","2025-10-06 15:41:41"
34000000,não simultaneo,random_paired,4,46,0.011176793,0,"","INOVAI-NB-8","CPU info","GCC 13.3.0","2025-10-06 15:41:41"
34000000,simultaneo,random_paired,4,46,0.010615787,0,"","INOVAI-NB-8","CPU info","GCC 13.3.0","2025-10-06 15:41:41"
35000000,não simultaneo,random_paired,0,42,0.011590176,0,"","INOVAI-NB-8","CPU info","GCC 13.3.0","2025-10-06 15:41:41"
35000000,simultaneo,random_paired,0,42,0.010792015,0,"","INOVAI-NB-8","CPU info","GCC 13.3.0","2025-10-06 15:41:41"
35000000,não simultaneo,random_paired,1,43,0.011434903,0,"","INOVAI-NB-8","CPU info","GCC 13.3.0","2025-10-06 15:41:41"
35000000,simultaneo,random_paired,1,43,0.010963134,0,"","INOVAI-NB-8","CPU info","GCC 13.3.0","2025-10-06 15:41:41"
35000000,não simultaneo,random_paired,2,44,0.011093843,0,"","INOVAI-NB-8","CPU info","GCC 13.3.0","2025-10-06 15:41:41"
35000000,simultaneo,random_paired,2,44,0.010743991,0,"","INOVAI-NB-8","CPU info","GCC 13.3.0","2025-10-06 15:41:41"
35000000,não simultaneo,random_paired,3,45,0.010864097,0,"","INOVAI-NB-8","CPU info","GCC 13.3.0","2025-10-06 15:41:41"
35000000,simultaneo,random_paired,3,45,0.010692476,0,"","INOVAI-NB-8","CPU info","GCC 13.3.0","2025-10-06 15:41:41"
35000000,não simultaneo,random_paired,4,46,0.011010529,0,"","INOVAI-NB-8","CPU info","GCC 13.3.0","2025-10-06 15:41:41"
35000000,simultaneo,random_paired,4,46,0.010853823,0,"","INOVAI-NB-8","CPU info","GCC 13.3.0","2025-10-06 15:41:41"
36000000,não simultaneo,random_paired,0,42,0.011684935,0,"","INOVAI-NB-8","CPU info","GCC 13.3.0","2025-10-06 15:41:41"
36000000,simultaneo,random_paired,0,42,0.015376948,0,"","INOVAI-NB-8","CPU info","GCC 13.3.0","2025-10-06 15:41:41"
36000000,não simultaneo,random_paired,1,43,0.011943893,0,"","INOVAI-NB-8","CPU info","GCC 13.3.0","2025-10-06 15:41:41"
36000000,simultaneo,random_paired,1,43,0.011265289,0,"","INOVAI-NB-8","CPU info","GCC 13.3.0","2025-10-06 15:41:41"
36000000,não simultaneo,random_paired,2,44,0.011491601,0,"","INOVAI-NB-8","CPU info","GCC 13.3.0","2025-10-06 15:41:41"
36000000,simultaneo,random_paired,2,44,0.011173994,0,"","INOVAI-NB-8","CPU info","GCC 13.3.0","2025-10-06 15:41:41"
36000000,não simultaneo,random_paired,3,45,0.011560194,0,"","INOVAI-NB-8","CPU info","GCC 13.3.0","2025-10-06 15:41:41"
36000000,simultaneo,random_paired,3,45,0.010678829,0,"","INOVAI-NB-8","CPU info","GCC 13.3.0","2025-10-06 15:41:41"
36000000,não simultaneo,random_paired,4,46,0.011827379,0,"","INOVAI-NB-8","CPU info","GCC 13.3.0","2025-10-06 15:41:41"
36000000,simultaneo,random_paired,4,46,0.012059800,0,"","INOVAI-NB-8","CPU info","GCC 13.3.0","2025-10-06 15:41:41"
37000000,não simultaneo,random_paired,0,42,0.011616455,0,"","INOVAI-NB-8","CPU info","GCC 13.3.0","2025-10-06 15:41:41"
37000000,simultaneo,random_paired,0,42,0.011142565,0,"","INOVAI-NB-8","CPU info","GCC 13.3.0","2025-10-06 15:41:41"
37000000,não simultaneo,random_paired,1,43,0.012075542,0,"","INOVAI-NB-8","CPU info","GCC 13.3.0","2025-10-06 15:41:41"
37000000,simultaneo,random_paired,1,43,0.011440483,0,"","INOVAI-NB-8","CPU info","GCC 13.3.0","2025-10-06 15:41:41"
37000000,não simultaneo,random_paired,2,44,0.012459228,0,"","INOVAI-NB-8","CPU info","GCC 13.3.0","2025-10-06 15:41:41"
37000000,simultaneo,random_paired,2,44,0.011890878,0,"","INOVAI-NB-8","CPU info","GCC 13.3.0","2025-10-06 15:41:41"
37000000,não simultaneo,random_paired,3,45,0.011849000,0,"","INOVAI-NB-8","CPU info","GCC 13.3.0","2025-10-06 15:41:41"
37000000,simultaneo,random_paired,3,45,0.011455873,0,"","INOVAI-NB-8","CPU info","GCC 13.3.0","2025-10-06 15:41:41"
37000000,não simultaneo,random_paired,4,46,0.012214966,0,"","INOVAI-NB-8","CPU info","GCC 13.3.0","2025-10-06 15:41:41"
37000000,simultaneo,random_paired,4,46,0.012859605,0,"","INOVAI-NB-8","CPU info","GCC 13.3.0","2025-10-06 15:41:41"
38000000,não simultaneo,random_paired,0,42,0.020317762,0,"","INOVAI-NB-8","CPU info","GCC 13.3.0","2025-10-06 15:41:41"
38000000,simultaneo,random_paired,0,42,0.011414960,0,"","INOVAI-NB-8","CPU info","GCC 13.3.0","2025-10-06 15:41:41"
38000000,não simultaneo,random_paired,1,43,0.012122361,0,"","INOVAI-NB-8","CPU info","GCC 13.3.0","2025-10-06 15:41:41"
38000000,simultaneo,random_paired,1,43,0.011553848,0,"","INOVAI-NB-8","CPU info","GCC 13.3.0","2025-10-06 15:41:41"
38000000,não simultaneo,random_paired,2,44,0.012641982,0,"","INOVAI-NB-8","CPU info","GCC 13.3.0","2025-10-06 15:41:41"
38000000,simultaneo,random_paired,2,44,0.011183011,0,"","INOVAI-NB-8","CPU info","GCC 13.3.0","2025-10-06 15:41:41"
38000000,não simultaneo,random_paired,3,45,0.012492678,0,"","INOVAI-NB-8","CPU info","GCC 13.3.0","2025-10-06 15:41:41"
38000000,simultaneo,random_paired,3,45,0.011325413,0,"","INOVAI-NB-8","CPU info","GCC 13.3.0","2025-10-06 15:41:41"
38000000,não simultaneo,random_paired,4,46,0.012364901,0,"","INOVAI-NB-8","CPU info","GCC 13.3.0","2025-10-06 15:41:41"
38000000,simultaneo,random_paired,4,46,0.011557718,0,"","INOVAI-NB-8","CPU info","GCC 13.3.0","2025-10-06 15:41:41"
39000000,não simultaneo,random_paired,0,42,0.013095752,0,"","INOVAI-NB-8","CPU info","GCC 13.3.0","2025-10-06 15:41:41"
39000000,simultaneo,random_paired,0,42,0.011810723,0,"","INOVAI-NB-8","CPU info","GCC 13.3.0","2025-10-06 15:41:41"
39000000,não simultaneo,random_paired,1,43,0.012222101,0,"","INOVAI-NB-8","CPU info","GCC 13.3.0","2025-10-06 15:41:41"
39000000,simultaneo,random_paired,1,43,0.011684288,0,"","INOVAI-NB-8","CPU info","GCC 13.3.0","2025-10-06 15:41:41"
39000000,não simultaneo,random_paired,2,44,0.012657280,0,"","INOVAI-NB-8","CPU info","GCC 13.3.0","2025-10-06 15:41:41"
39000000,simultaneo,random_paired,2,44,0.011360556,0,"","INOVAI-NB-8","CPU info","GCC 13.3.0","2025-10-06 15:41:41"
39000000,não simultaneo,random_paired,3,45,0.012231143,0,"","INOVAI-NB-8","CPU info","GCC 13.3.0","2025-10-06 15:41:41"
39000000,simultaneo,random_paired,3,45,0.011864621,0,"","INOVAI-NB-8","CPU info","GCC 13.3.0","2025-10-06 15:41:41"
39000000,não simultaneo,random_paired,4,46,0.012218922,0,"","INOVAI-NB-8","CPU info","GCC 13.3.0","2025-10-06 15:41:41"
39000000,simultaneo,random_paired,4,46,0.011506422,0,"","INOVAI-NB-8","CPU info","GCC 13.3.0","2025-10-06 15:41:41"
40000000,não simultaneo,random_paired,0,42,0.012377875,0,"","INOVAI-NB-8","CPU info","GCC 13.3.0","2025-10-06 15:41:41"
40000000,simultaneo,random_paired,0,42,0.012114708,0,"","INOVAI-NB-8","CPU info","GCC 13.3.0","2025-10-06 15:41:41"
40000000,não simultaneo,random_paired,1,43,0.014992601,0,"","INOVAI-NB-8","CPU info","GCC 13.3.0","2025-10-06 15:41:41"
40000000,simultaneo,random_paired,1,43,0.012656456,0,"","INOVAI-NB-8","CPU info","GCC 13.3.0","2025-10-06 15:41:41"
40000000,não simultaneo,random_paired,2,44,0.012990804,0,"","INOVAI-NB-8","CPU info","GCC 13.3.0","2025-10-06 15:41:41"
40000000,simultaneo,random_paired,2,44,0.012248243,0,"","INOVAI-NB-8","CPU info","GCC 13.3.0","2025-10-06 15:41:41"
40000000,não simultaneo,random_paired,3,45,0.012564861,0,"","INOVAI-NB-8","CPU info","GCC 13.3.0","2025-10-06 15:41:41"
40000000,simultaneo,random_paired,3,45,0.012213146,0,"","INOVAI-NB-8","CPU info","GCC 13.3.0","2025-10-06 15:41:41"
40000000,não simultaneo,random_paired,4,46,0.014281739,0,"","INOVAI-NB-8","CPU info","GCC 13.3.0","2025-10-06 15:41:41"
40000000,simultaneo,random_paired,4,46,0.011672981,0,"","INOVAI-NB-8","CPU info","GCC 13.3.0","2025-10-06 15:41:41"
41000000,não simultaneo,random_paired,0,42,0.013456140,0,"","INOVAI-NB-8","CPU info","GCC 13.3.0","2025-10-06 15:41:41"
41000000,simultaneo,random_paired,0,42,0.012375602,0,"","INOVAI-NB-8","CPU info","GCC 13.3.0","2025-10-06 15:41:41"
41000000,não simultaneo,random_paired,1,43,0.013551854,0,"","INOVAI-NB-8","CPU info","GCC 13.3.0","2025-10-06 15:41:41"
41000000,simultaneo,random_paired,1,43,0.012293062,0,"","INOVAI-NB-8","CPU info","GCC 13.3.0","2025-10-06 15:41:41"
41000000,não simultaneo,random_paired,2,44,0.013600986,0,"","INOVAI-NB-8","CPU info","GCC 13.3.0","2025-10-06 15:41:41"
41000000,simultaneo,random_paired,2,44,0.011968448,0,"","INOVAI-NB-8","CPU info","GCC 13.3.0","2025-10-06 15:41:41"
41000000,não simultaneo,random_paired,3,45,0.012993284,0,"","INOVAI-NB-8","CPU info","GCC 13.3.0","2025-10-06 15:41:41"
41000000,simultaneo,random_paired,3,45,0.012204351,0,"","INOVAI-NB-8","CPU info","GCC 13.3.0","2025-10-06 15:41:41"
41000000,não simultaneo,random_paired,4,46,0.020398731,0,"","INOVAI-NB-8","CPU info","GCC 13.3.0","2025-10-06 15:41:41"
41000000,simultaneo,random_paired,4,46,0.011910504,0,"","INOVAI-NB-8","CPU info","GCC 13.3.0","2025-10-06 15:41:41"
42000000,não simultaneo,random_paired,0,42,0.013325632,0,"","INOVAI-NB-8","CPU info","GCC 13.3.0","2025-10-06 15:41:41"
42000000,simultaneo,random_paired,0,42,0.012179320,0,"","INOVAI-NB-8","CPU info","GCC 13.3.0","2025-10-06 15:41:41"
42000000,não simultaneo,random_paired,1,43,0.012855039,0,"","INOVAI-NB-8","CPU info","GCC 13.3.0","2025-10-06 15:41:41"
42000000,simultaneo,random_paired,1,43,0.012008936,0,"","INOVAI-NB-8","CPU info","GCC 13.3.0","2025-10-06 15:41:41"
42000000,não simultaneo,random_paired,2,44,0.013096377,0,"","INOVAI-NB-8","CPU info","GCC 13.3.0","2025-10-06 15:41:41"
42000000,simultaneo,random_paired,2,44,0.011995540,0,"","INOVAI-NB-8","CPU info","GCC 13.3.0","2025-10-06 15:41:41"
42000000,não simultaneo,random_paired,3,45,0.012977381,0,"","INOVAI-NB-8","CPU info","GCC 13.3.0","2025-10-06 15:41:41"
42000000,simultaneo,random_paired,3,45,0.011986936,0,"","INOVAI-NB-8","CPU info","GCC 13.3.0","2025-10-06 15:41:41"
42000000,não simultaneo,random_paired,4,46,0.013936295,0,"","INOVAI-NB-8","CPU info","GCC 13.3.0","2025-10-06 15:41:41"
42000000,simultaneo,random_paired,4,46,0.012317383,0,"","INOVAI-NB-8","CPU info","GCC 13.3.0","2025-10-06 15:41:41"
43000000,não simultaneo,random_paired,0,42,0.014200052,0,"","INOVAI-NB-8","CPU info","GCC 13.3.0","2025-10-06 15:41:41"
43000000,simultaneo,random_paired,0,42,0.012155633,0,"","INOVAI-NB-8","CPU info","GCC 13.3.0","2025-10-06 15:41:41"
43000000,não simultaneo,random_paired,1,43,0.013263489,0,"","INOVAI-NB-8","CPU info","GCC 13.3.0","2025-10-06 15:41:41"
43000000,simultaneo,random_paired,1,43,0.012458296,0,"","INOVAI-NB-8","CPU info","GCC 13.3.0","2025-10-06 15:41:41"
43000000,não simultaneo,random_paired,2,44,0.013025013,0,"","INOVAI-NB-8","CPU info","GCC 13.3.0","2025-10-06 15:41:41"
43000000,simultaneo,random_paired,2,44,0.012453304,0,"","INOVAI-NB-8","CPU info","GCC 13.3.0","2025-10-06 15:41:41"
43000000,não simultaneo,random_paired,3,45,0.014769469,0,"","INOVAI-NB-8","CPU info","GCC 13.3.0","2025-10-06 15:41:41"
43000000,simultaneo,random_paired,3,45,0.013799747,0,"","INOVAI-NB-8","CPU info","GCC 13.3.0","2025-10-06 15:41:41"
43000000,não simultaneo,random_paired,4,46,0.017402541,0,"","INOVAI-NB-8","CPU info","GCC 13.3.0","2025-10-06 15:41:41"
43000000,simultaneo,random_paired,4,46,0.012134273,0,"","INOVAI-NB-8","CPU info","GCC 13.3.0","2025-10-06 15:41:41"
44000000,não simultaneo,random_paired,0,42,0.014020404,0,"","INOVAI-NB-8","CPU info","GCC 13.3.0","2025-10-06 15:41:41"
44000000,simultaneo,random_paired,0,42,0.012715733,0,"","INOVAI-NB-8","CPU info","GCC 13.3.0","2025-10-06 15:41:41"
44000000,não simultaneo,random_paired,1,43,0.014120364,0,"","INOVAI-NB-8","CPU info","GCC 13.3.0","2025-10-06 15:41:41"
44000000,simultaneo,random_paired,1,43,0.019436481,0,"","INOVAI-NB-8","CPU info","GCC 13.3.0","2025-10-06 15:41:41"
44000000,não simultaneo,random_paired,2,44,0.013420805,0,"","INOVAI-NB-8","CPU info","GCC 13.3.0","2025-10-06 15:41:41"
44000000,simultaneo,random_paired,2,44,0.012952140,0,"","INOVAI-NB-8","CPU info","GCC 13.3.0","2025-10-06 15:41:41"
44000000,não simultaneo,random_paired,3,45,0.013552307,0,"","INOVAI-NB-8","CPU info","GCC 13.3.0","2025-10-06 15:41:41"
44000000,simultaneo,random_paired,3,45,0.013009595,0,"","INOVAI-NB-8","CPU info","GCC 13.3.0","2025-10-06 15:41:41"
44000000,não simultaneo,random_paired,4,46,0.013527991,0,"","INOVAI-NB-8","CPU info","GCC 13.3.0","2025-10-06 15:41:41"
44000000,simultaneo,random_paired,4,46,0.012343066,0,"","INOVAI-NB-8","CPU info","GCC 13.3.0","2025-10-06 15:41:41"
45000000,não simultaneo,random_paired,0,42,0.014889087,0,"","INOVAI-NB-8","CPU info","GCC 13.3.0","2025-10-06 15:41:41"
45000000,simultaneo,random_paired,0,42,0.014206285,0,"","INOVAI-NB-8","CPU info","GCC 13.3.0","2025-10-06 15:41:41"
45000000,não simultaneo,random_paired,1,43,0.016653694,0,"","INOVAI-NB-8","CPU info","GCC 13.3.0","2025-10-06 15:41:41"
45000000,simultaneo,random_paired,1,43,0.013259107,0,"","INOVAI-NB-8","CPU info","GCC 13.3.0","2025-10-06 15:41:41"
45000000,não simultaneo,random_paired,2,44,0.013770866,0,"","INOVAI-NB-8","CPU info","GCC 13.3.0","2025-10-06 15:41:41"
45000000,simultaneo,random_paired,2,44,0.012841297,0,"","INOVAI-NB-8","CPU info","GCC 13.3.0","2025-10-06 15:41:41"
45000000,não simultaneo,random_paired,3,45,0.022870732,0,"","INOVAI-NB-8","CPU info","GCC 13.3.0","2025-10-06 15:41:41"
45000000,simultaneo,random_paired,3,45,0.012670758,0,"","INOVAI-NB-8","CPU info","GCC 13.3.0","2025-10-06 15:41:41"
45000000,não simultaneo,random_paired,4,46,0.013999169,0,"","INOVAI-NB-8","CPU info","GCC 13.3.0","2025-10-06 15:41:41"
45000000,simultaneo,random_paired,4,46,0.012701436,0,"","INOVAI-NB-8","CPU info","GCC 13.3.0","2025-10-06 15:41:41"
46000000,não simultaneo,random_paired,0,42,0.014005659,0,"","INOVAI-NB-8","CPU info","GCC 13.3.0","2025-10-06 15:41:41"
46000000,simultaneo,random_paired,0,42,0.012899671,0,"","INOVAI-NB-8","CPU info","GCC 13.3.0","2025-10-06 15:41:41"
46000000,não simultaneo,random_paired,1,43,0.014877533,0,"","INOVAI-NB-8","CPU info","GCC 13.3.0","2025-10-06 15:41:41"
46000000,simultaneo,random_paired,1,43,0.013009430,0,"","INOVAI-NB-8","CPU info","GCC 13.3.0","2025-10-06 15:41:41"
46000000,não simultaneo,random_paired,2,44,0.014511539,0,"","INOVAI-NB-8","CPU info","GCC 13.3.0","2025-10-06 15:41:41"
46000000,simultaneo,random_paired,2,44,0.014346056,0,"","INOVAI-NB-8","CPU info","GCC 13.3.0","2025-10-06 15:41:41"
46000000,não simultaneo,random_paired,3,45,0.016116353,0,"","INOVAI-NB-8","CPU info","GCC 13.3.0","2025-10-06 15:41:41"
46000000,simultaneo,random_paired,3,45,0.012828870,0,"","INOVAI-NB-8","CPU info","GCC 13.3.0","2025-10-06 15:41:41"
46000000,não simultaneo,random_paired,4,46,0.015076480,0,"","INOVAI-NB-8","CPU info","GCC 13.3.0","2025-10-06 15:41:41"
46000000,simultaneo,random_paired,4,46,0.013243230,0,"","INOVAI-NB-8","CPU info","GCC 13.3.0","2025-10-06 15:41:41"
47000000,não simultaneo,random_paired,0,42,0.015706235,0,"","INOVAI-NB-8","CPU info","GCC 13.3.0","2025-10-06 15:41:41"
47000000,simultaneo,random_paired,0,42,0.013438931,0,"","INOVAI-NB-8","CPU info","GCC 13.3.0","2025-10-06 15:41:41"
47000000,não simultaneo,random_paired,1,43,0.015064774,0,"","INOVAI-NB-8","CPU info","GCC 13.3.0","2025-10-06 15:41:41"
47000000,simultaneo,random_paired,1,43,0.013482780,0,"","INOVAI-NB-8","CPU info","GCC 13.3.0","2025-10-06 15:41:41"
47000000,não simultaneo,random_paired,2,44,0.015324218,0,"","INOVAI-NB-8","CPU info","GCC 13.3.0","2025-10-06 15:41:41"
47000000,simultaneo,random_paired,2,44,0.015026102,0,"","INOVAI-NB-8","CPU info","GCC 13.3.0","2025-10-06 15:41:41"
47000000,não simultaneo,random_paired,3,45,0.015464214,0,"","INOVAI-NB-8","CPU info","GCC 13.3.0","2025-10-06 15:41:41"
47000000,simultaneo,random_paired,3,45,0.013318563,0,"","INOVAI-NB-8","CPU info","GCC 13.3.0","2025-10-06 15:41:41"
47000000,não simultaneo,random_paired,4,46,0.015514659,0,"","INOVAI-NB-8","CPU info","GCC 13.3.0","2025-10-06 15:41:41"
47000000,simultaneo,random_paired,4,46,0.015040356,0,"","INOVAI-NB-8","CPU info","GCC 13.3.0","2025-10-06 15:41:41"
48000000,não simultaneo,random_paired,0,42,0.015731768,0,"","INOVAI-NB-8","CPU info","GCC 13.3.0","2025-10-06 15:41:41"
48000000,simultaneo,random_paired,0,42,0.014354040,0,"","INOVAI-NB-8","CPU info","GCC 13.3.0","2025-10-06 15:41:41"
48000000,não simultaneo,random_paired,1,43,0.015852595,0,"","INOVAI-NB-8","CPU info","GCC 13.3.0","2025-10-06 15:41:41"
48000000,simultaneo,random_paired,1,43,0.014386980,0,"","INOVAI-NB-8","CPU info","GCC 13.3.0","2025-10-06 15:41:41"
48000000,não simultaneo,random_paired,2,44,0.016234714,0,"","INOVAI-NB-8","CPU info","GCC 13.3.0","2025-10-06 15:41:41"
48000000,simultaneo,random_paired,2,44,0.014534546,0,"","INOVAI-NB-8","CPU info","GCC 13.3.0","2025-10-06 15:41:41"
48000000,não simultaneo,random_paired,3,45,0.018717172,0,"","INOVAI-NB-8","CPU info","GCC 13.3.0","2025-10-06 15:41:41"
48000000,simultaneo,random_paired,3,45,0.014160849,0,"","INOVAI-NB-8","CPU info","GCC 13.3.0","2025-10-06 15:41:41"
48000000,não simultaneo,random_paired,4,46,0.015976731,0,"","INOVAI-NB-8","CPU info","GCC 13.3.0","2025-10-06 15:41:41"
48000000,simultaneo,random_paired,4,46,0.014263860,0,"","INOVAI-NB-8","CPU info","GCC 13.3.0","2025-10-06 15:41:41"
49000000,não simultaneo,random_paired,0,42,0.016098121,0,"","INOVAI-NB-8","CPU info","GCC 13.3.0","2025-10-06 15:41:41"
49000000,simultaneo,random_paired,0,42,0.015279193,0,"","INOVAI-NB-8","CPU info","GCC 13.3.0","2025-10-06 15:41:41"
49000000,não simultaneo,random_paired,1,43,0.015575218,0,"","INOVAI-NB-8","CPU info","GCC 13.3.0","2025-10-06 15:41:41"
49000000,simultaneo,random_paired,1,43,0.014563395,0,"","INOVAI-NB-8","CPU info","GCC 13.3.0","2025-10-06 15:41:41"
49000000,não simultaneo,random_paired,2,44,0.015666197,0,"","INOVAI-NB-8","CPU info","GCC 13.3.0","2025-10-06 15:41:41"
49000000,simultaneo,random_paired,2,44,0.014604122,0,"","INOVAI-NB-8","CPU info","GCC 13.3.0","2025-10-06 15:41:41"
49000000,não simultaneo,random_paired,3,45,0.016768862,0,"","INOVAI-NB-8","CPU info","GCC 13.3.0","2025-10-06 15:41:41"
49000000,simultaneo,random_paired,3,45,0.014440562,0,"","INOVAI-NB-8","CPU info","GCC 13.3.0","2025-10-06 15:41:41"
49000000,não simultaneo,random_paired,4,46,0.015405019,0,"","INOVAI-NB-8","CPU info","GCC 13.3.0","2025-10-06 15:41:41"
49000000,simultaneo,random_paired,4,46,0.014411265,0,"","INOVAI-NB-8","CPU info","GCC 13.3.0","2025-10-06 15:41:41"
50000000,não simultaneo,random_paired,0,42,0.016042161,0,"","INOVAI-NB-8","CPU info","GCC 13.3.0","2025-10-06 15:41:41"
50000000,simultaneo,random_paired,0,42,0.014911926,0,"","INOVAI-NB-8","CPU info","GCC 13.3.0","2025-10-06 15:41:41"
50000000,não simultaneo,random_paired,1,43,0.015957730,0,"","INOVAI-NB-8","CPU info","GCC 13.3.0","2025-10-06 15:41:41"
50000000,simultaneo,random_paired,1,43,0.014306845,0,"","INOVAI-NB-8","CPU info","GCC 13.3.0","2025-10-06 15:41:41"
50000000,não simultaneo,random_paired,2,44,0.015745833,0,"","INOVAI-NB-8","CPU info","GCC 13.3.0","2025-10-06 15:41:41"
50000000,simultaneo,random_paired,2,44,0.014346782,0,"","INOVAI-NB-8","CPU info","GCC 13.3.0","2025-10-06 15:41:41"
50000000,não simultaneo,random_paired,3,45,0.015661942,0,"","INOVAI-NB-8","CPU info","GCC 13.3.0","2025-10-06 15:41:41"
50000000,simultaneo,random_paired,3,45,0.014780438,0,"","INOVAI-NB-8","CPU info","GCC 13.3.0","2025-10-06 15:41:41"
50000000,não simultaneo,random_paired,4,46,0.015526712,0,"","INOVAI-NB-8","CPU info","GCC 13.3.0","2025-10-06 15:41:41"
50000000,simultaneo,random_paired,4,46,0.014842991,0,"","INOVAI-NB-8","CPU info","GCC 13.3.0","2025-10-06 15:41:41"
51000000,não simultaneo,random_paired,0,42,0.015928302,0,"","INOVAI-NB-8","CPU info","GCC 13.3.0","2025-10-06 15:41:41"
51000000,simultaneo,random_paired,0,42,0.015043735,0,"","INOVAI-NB-8","CPU info","GCC 13.3.0","2025-10-06 15:41:41"
51000000,não simultaneo,random_paired,1,43,0.016379266,0,"","INOVAI-NB-8","CPU info","GCC 13.3.0","2025-10-06 15:41:41"
51000000,simultaneo,random_paired,1,43,0.015124798,0,"","INOVAI-NB-8","CPU info","GCC 13.3.0","2025-10-06 15:41:41"
51000000,não simultaneo,random_paired,2,44,0.016759702,0,"","INOVAI-NB-8","CPU info","GCC 13.3.0","2025-10-06 15:41:41"
51000000,simultaneo,random_paired,2,44,0.015145763,0,"","INOVAI-NB-8","CPU info","GCC 13.3.0","2025-10-06 15:41:41"
51000000,não simultaneo,random_paired,3,45,0.016257588,0,"","INOVAI-NB-8","CPU info","GCC 13.3.0","2025-10-06 15:41:41"
51000000,simultaneo,random_paired,3,45,0.015196607,0,"","INOVAI-NB-8","CPU info","GCC 13.3.0","2025-10-06 15:41:41"
51000000,não simultaneo,random_paired,4,46,0.016228267,0,"","INOVAI-NB-8","CPU info","GCC 13.3.0","2025-10-06 15:41:41"
51000000,simultaneo,random_paired,4,46,0.015077427,0,"","INOVAI-NB-8","CPU info","GCC 13.3.0","2025-10-06 15:41:41"
52000000,não simultaneo,random_paired,0,42,0.016773953,0,"","INOVAI-NB-8","CPU info","GCC 13.3.0","2025-10-06 15:41:41"
52000000,simultaneo,random_paired,0,42,0.015655203,0,"","INOVAI-NB-8","CPU info","GCC 13.3.0","2025-10-06 15:41:41"
52000000,não simultaneo,random_paired,1,43,0.016254104,0,"","INOVAI-NB-8","CPU info","GCC 13.3.0","2025-10-06 15:41:41"
52000000,simultaneo,random_paired,1,43,0.015324266,0,"","INOVAI-NB-8","CPU info","GCC 13.3.0","2025-10-06 15:41:41"
52000000,não simultaneo,random_paired,2,44,0.016684059,0,"","INOVAI-NB-8","CPU info","GCC 13.3.0","2025-10-06 15:41:41"
52000000,simultaneo,random_paired,2,44,0.015334294,0,"","INOVAI-NB-8","CPU info","GCC 13.3.0","2025-10-06 15:41:41"
52000000,não simultaneo,random_paired,3,45,0.016338588,0,"","INOVAI-NB-8","CPU info","GCC 13.3.0","2025-10-06 15:41:41"
52000000,simultaneo,random_paired,3,45,0.015387984,0,"","INOVAI-NB-8","CPU info","GCC 13.3.0","2025-10-06 15:41:41"
52000000,não simultaneo,random_paired,4,46,0.016476261,0,"","INOVAI-NB-8","CPU info","GCC 13.3.0","2025-10-06 15:41:41"
52000000,simultaneo,random_paired,4,46,0.015683929,0,"","INOVAI-NB-8","CPU info","GCC 13.3.0","2025-10-06 15:41:41"
53000000,não simultaneo,random_paired,0,42,0.017575523,0,"","INOVAI-NB-8","CPU info","GCC 13.3.0","2025-10-06 15:41:41"
53000000,simultaneo,random_paired,0,42,0.016645393,0,"","INOVAI-NB-8","CPU info","GCC 13.3.0","2025-10-06 15:41:41"
53000000,não simultaneo,random_paired,1,43,0.019333358,0,"","INOVAI-NB-8","CPU info","GCC 13.3.0","2025-10-06 15:41:41"
53000000,simultaneo,random_paired,1,43,0.017323645,0,"","INOVAI-NB-8","CPU info","GCC 13.3.0","2025-10-06 15:41:41"
53000000,não simultaneo,random_paired,2,44,0.017428662,0,"","INOVAI-NB-8","CPU info","GCC 13.3.0","2025-10-06 15:41:41"
53000000,simultaneo,random_paired,2,44,0.015885198,0,"","INOVAI-NB-8","CPU info","GCC 13.3.0","2025-10-06 15:41:41"
53000000,não simultaneo,random_paired,3,45,0.017538207,0,"","INOVAI-NB-8","CPU info","GCC 13.3.0","2025-10-06 15:41:41"
53000000,simultaneo,random_paired,3,45,0.018124641,0,"","INOVAI-NB-8","CPU info","GCC 13.3.0","2025-10-06 15:41:41"
53000000,não simultaneo,random_paired,4,46,0.017357086,0,"","INOVAI-NB-8","CPU info","GCC 13.3.0","2025-10-06 15:41:41"
53000000,simultaneo,random_paired,4,46,0.016051247,0,"","INOVAI-NB-8","CPU info","GCC 13.3.0","2025-10-06 15:41:41"
54000000,não simultaneo,random_paired,0,42,0.018002371,0,"","INOVAI-NB-8","CPU info","GCC 13.3.0","2025-10-06 15:41:41"
54000000,simultaneo,random_paired,0,42,0.016668903,0,"","INOVAI-NB-8","CPU info","GCC 13.3.0","2025-10-06 15:41:41"
54000000,não simultaneo,random_paired,1,43,0.020324394,0,"","INOVAI-NB-8","CPU info","GCC 13.3.0","2025-10-06 15:41:41"
54000000,simultaneo,random_paired,1,43,0.015831905,0,"","INOVAI-NB-8","CPU info","GCC 13.3.0","2025-10-06 15:41:41"
54000000,não simultaneo,random_paired,2,44,0.018666100,0,"","INOVAI-NB-8","CPU info","GCC 13.3.0","2025-10-06 15:41:41"
54000000,simultaneo,random_paired,2,44,0.016543777,0,"","INOVAI-NB-8","CPU info","GCC 13.3.0","2025-10-06 15:41:41"
54000000,não simultaneo,random_paired,3,45,0.018380144,0,"","INOVAI-NB-8","CPU info","GCC 13.3.0","2025-10-06 15:41:41"
54000000,simultaneo,random_paired,3,45,0.016885528,0,"","INOVAI-NB-8","CPU info","GCC 13.3.0","2025-10-06 15:41:41"
54000000,não simultaneo,random_paired,4,46,0.018028939,0,"","INOVAI-NB-8","CPU info","GCC 13.3.0","2025-10-06 15:41:41"
54000000,simultaneo,random_paired,4,46,0.016747611,0,"","INOVAI-NB-8","CPU info","GCC 13.3.0","2025-10-06 15:41:41"
55000000,não simultaneo,random_paired,0,42,0.019187655,0,"","INOVAI-NB-8","CPU info","GCC 13.3.0","2025-10-06 15:41:41"
55000000,simultaneo,random_paired,0,42,0.016886935,0,"","INOVAI-NB-8","CPU info","GCC 13.3.0","2025-10-06 15:41:41"
55000000,não simultaneo,random_paired,1,43,0.018560407,0,"","INOVAI-NB-8","CPU info","GCC 13.3.0","2025-10-06 15:41:41"
55000000,simultaneo,random_paired,1,43,0.016658858,0,"","INOVAI-NB-8","CPU info","GCC 13.3.0","2025-10-06 15:41:41"
55000000,não simultaneo,random_paired,2,44,0.020288723,0,"","INOVAI-NB-8","CPU info","GCC 13.3.0","2025-10-06 15:41:41"
55000000,simultaneo,random_paired,2,44,0.016538477,0,"","INOVAI-NB-8","CPU info","GCC 13.3.0","2025-10-06 15:41:41"
55000000,não simultaneo,random_paired,3,45,0.018620502,0,"","INOVAI-NB-8","CPU info","GCC 13.3.0","2025-10-06 15:41:41"
55000000,simultaneo,random_paired,3,45,0.016730800,0,"","INOVAI-NB-8","CPU info","GCC 13.3.0","2025-10-06 15:41:41"
55000000,não simultaneo,random_paired,4,46,0.017829739,0,"","INOVAI-NB-8","CPU info","GCC 13.3.0","2025-10-06 15:41:41"
55000000,simultaneo,random_paired,4,46,0.016725272,0,"","INOVAI-NB-8","CPU info","GCC 13.3.0","2025-10-06 15:41:41"
56000000,não simultaneo,random_paired,0,42,0.018738562,0,"","INOVAI-NB-8","CPU info","GCC 13.3.0","2025-10-06 15:41:41"
56000000,simultaneo,random_paired,0,42,0.018015445,0,"","INOVAI-NB-8","CPU info","GCC 13.3.0","2025-10-06 15:41:41"
56000000,não simultaneo,random_paired,1,43,0.019059060,0,"","INOVAI-NB-8","CPU info","GCC 13.3.0","2025-10-06 15:41:41"
56000000,simultaneo,random_paired,1,43,0.016703137,0,"","INOVAI-NB-8","CPU info","GCC 13.3.0","2025-10-06 15:41:41"
56000000,não simultaneo,random_paired,2,44,0.018603163,0,"","INOVAI-NB-8","CPU info","GCC 13.3.0","2025-10-06 15:41:41"
56000000,simultaneo,random_paired,2,44,0.017080847,0,"","INOVAI-NB-8","CPU info","GCC 13.3.0","2025-10-06 15:41:41"
56000000,não simultaneo,random_paired,3,45,0.020963977,0,"","INOVAI-NB-8","CPU info","GCC 13.3.0","2025-10-06 15:41:41"
56000000,simultaneo,random_paired,3,45,0.018483579,0,"","INOVAI-NB-8","CPU info","GCC 13.3.0","2025-10-06 15:41:41"
56000000,não simultaneo,random_paired,4,46,0.021383120,0,"","INOVAI-NB-8","CPU info","GCC 13.3.0","2025-10-06 15:41:41"
56000000,simultaneo,random_paired,4,46,0.016622730,0,"","INOVAI-NB-8","CPU info","GCC 13.3.0","2025-10-06 15:41:41"
57000000,não simultaneo,random_paired,0,42,0.018348207,0,"","INOVAI-NB-8","CPU info","GCC 13.3.0","2025-10-06 15:41:41"
57000000,simultaneo,random_paired,0,42,0.016875646,0,"","INOVAI-NB-8","CPU info","GCC 13.3.0","2025-10-06 15:41:41"
57000000,não simultaneo,random_paired,1,43,0.018922117,0,"","INOVAI-NB-8","CPU info","GCC 13.3.0","2025-10-06 15:41:41"
57000000,simultaneo,random_paired,1,43,0.018145583,0,"","INOVAI-NB-8","CPU info","GCC 13.3.0","2025-10-06 15:41:41"
57000000,não simultaneo,random_paired,2,44,0.018883792,0,"","INOVAI-NB-8","CPU info","GCC 13.3.0","2025-10-06 15:41:41"
57000000,simultaneo,random_paired,2,44,0.017276390,0,"","INOVAI-NB-8","CPU info","GCC 13.3.0","2025-10-06 15:41:41"
57000000,não simultaneo,random_paired,3,45,0.018449162,0,"","INOVAI-NB-8","CPU info","GCC 13.3.0","2025-10-06 15:41:41"
57000000,simultaneo,random_paired,3,45,0.015786696,0,"","INOVAI-NB-8","CPU info","GCC 13.3.0","2025-10-06 15:41:41"
57000000,não simultaneo,random_paired,4,46,0.018262833,0,"","INOVAI-NB-8","CPU info","GCC 13.3.0","2025-10-06 15:41:41"
57000000,simultaneo,random_paired,4,46,0.017792710,0,"","INOVAI-NB-8","CPU info","GCC 13.3.0","2025-10-06 15:41:41"
58000000,não simultaneo,random_paired,0,42,0.019639715,0,"","INOVAI-NB-8","CPU info","GCC 13.3.0","2025-10-06 15:41:41"
58000000,simultaneo,random_paired,0,42,0.015779973,0,"","INOVAI-NB-8","CPU info","GCC 13.3.0","2025-10-06 15:41:41"
58000000,não simultaneo,random_paired,1,43,0.017568923,0,"","INOVAI-NB-8","CPU info","GCC 13.3.0","2025-10-06 15:41:41"
58000000,simultaneo,random_paired,1,43,0.015995077,0,"","INOVAI-NB-8","CPU info","GCC 13.3.0","2025-10-06 15:41:41"
58000000,não simultaneo,random_paired,2,44,0.017618709,0,"","INOVAI-NB-8","CPU info","GCC 13.3.0","2025-10-06 15:41:41"
58000000,simultaneo,random_paired,2,44,0.017118067,0,"","INOVAI-NB-8","CPU info","GCC 13.3.0","2025-10-06 15:41:41"
58000000,não simultaneo,random_paired,3,45,0.018286719,0,"","INOVAI-NB-8","CPU info","GCC 13.3.0","2025-10-06 15:41:41"
58000000,simultaneo,random_paired,3,45,0.016059139,0,"","INOVAI-NB-8","CPU info","GCC 13.3.0","2025-10-06 15:41:41"
58000000,não simultaneo,random_paired,4,46,0.019710750,0,"","INOVAI-NB-8","CPU info","GCC 13.3.0","2025-10-06 15:41:41"
58000000,simultaneo,random_paired,4,46,0.015814567,0,"","INOVAI-NB-8","CPU info","GCC 13.3.0","2025-10-06 15:41:41"
59000000,não simultaneo,random_paired,0,42,0.020724967,0,"","INOVAI-NB-8","CPU info","GCC 13.3.0","2025-10-06 15:41:41"
59000000,simultaneo,random_paired,0,42,0.017191966,0,"","INOVAI-NB-8","CPU info","GCC 13.3.0","2025-10-06 15:41:41"
59000000,não simultaneo,random_paired,1,43,0.017720445,0,"","INOVAI-NB-8","CPU info","GCC 13.3.0","2025-10-06 15:41:41"
59000000,simultaneo,random_paired,1,43,0.016284497,0,"","INOVAI-NB-8","CPU info","GCC 13.3.0","2025-10-06 15:41:41"
59000000,não simultaneo,random_paired,2,44,0.020651464,0,"","INOVAI-NB-8","CPU info","GCC 13.3.0","2025-10-06 15:41:41"
59000000,simultaneo,random_paired,2,44,0.015994085,0,"","INOVAI-NB-8","CPU info","GCC 13.3.0","2025-10-06 15:41:41"
59000000,não simultaneo,random_paired,3,45,0.019036686,0,"","INOVAI-NB-8","CPU info","GCC 13.3.0","2025-10-06 15:41:41"
59000000,simultaneo,random_paired,3,45,0.015975239,0,"","INOVAI-NB-8","CPU info","GCC 13.3.0","2025-10-06 15:41:41"
59000000,não simultaneo,random_paired,4,46,0.026806390,0,"","INOVAI-NB-8","CPU info","GCC 13.3.0","2025-10-06 15:41:41"
59000000,simultaneo,random_paired,4,46,0.015833457,0,"","INOVAI-NB-8","CPU info","GCC 13.3.0","2025-10-06 15:41:41"
60000000,não simultaneo,random_paired,0,42,0.018656475,0,"","INOVAI-NB-8","CPU info","GCC 13.3.0","2025-10-06 15:41:41"
60000000,simultaneo,random_paired,0,42,0.017074243,0,"","INOVAI-NB-8","CPU info","GCC 13.3.0","2025-10-06 15:41:41"
60000000,não simultaneo,random_paired,1,43,0.018225085,0,"","INOVAI-NB-8","CPU info","GCC 13.3.0","2025-10-06 15:41:41"
60000000,simultaneo,random_paired,1,43,0.016812299,0,"","INOVAI-NB-8","CPU info","GCC 13.3.0","2025-10-06 15:41:41"
60000000,não simultaneo,random_paired,2,44,0.018806684,0,"","INOVAI-NB-8","CPU info","GCC 13.3.0","2025-10-06 15:41:41"
60000000,simultaneo,random_paired,2,44,0.016997547,0,"","INOVAI-NB-8","CPU info","GCC 13.3.0","2025-10-06 15:41:41"
60000000,não simultaneo,random_paired,3,45,0.019779329,0,"","INOVAI-NB-8","CPU info","GCC 13.3.0","2025-10-06 15:41:41"
60000000,simultaneo,random_paired,3,45,0.016763167,0,"","INOVAI-NB-8","CPU info","GCC 13.3.0","2025-10-06 15:41:41"
60000000,não simultaneo,random_paired,4,46,0.019444577,0,"","INOVAI-NB-8","CPU info","GCC 13.3.0","2025-10-06 15:41:41"
60000000,simultaneo,random_paired,4,46,0.016652810,0,"","INOVAI-NB-8","CPU info","GCC 13.3.0","2025-10-06 15:41:41"
61000000,não simultaneo,random_paired,0,42,0.018615541,0,"","INOVAI-NB-8","CPU info","GCC 13.3.0","2025-10-06 15:41:41"
61000000,simultaneo,random_paired,0,42,0.017164800,0,"","INOVAI-NB-8","CPU info","GCC 13.3.0","2025-10-06 15:41:41"
61000000,não simultaneo,random_paired,1,43,0.018641111,0,"","INOVAI-NB-8","CPU info","GCC 13.3.0","2025-10-06 15:41:41"
61000000,simultaneo,random_paired,1,43,0.016282708,0,"","INOVAI-NB-8","CPU info","GCC 13.3.0","2025-10-06 15:41:41"
61000000,não simultaneo,random_paired,2,44,0.018881287,0,"","INOVAI-NB-8","CPU info","GCC 13.3.0","2025-10-06 15:41:41"
61000000,simultaneo,random_paired,2,44,0.017106321,0,"","INOVAI-NB-8","CPU info","GCC 13.3.0","2025-10-06 15:41:41"
61000000,não simultaneo,random_paired,3,45,0.020763458,0,"","INOVAI-NB-8","CPU info","GCC 13.3.0","2025-10-06 15:41:41"
61000000,simultaneo,random_paired,3,45,0.017263828,0,"","INOVAI-NB-8","CPU info","GCC 13.3.0","2025-10-06 15:41:41"
61000000,não simultaneo,random_paired,4,46,0.024626843,0,"","INOVAI-NB-8","CPU info","GCC 13.3.0","2025-10-06 15:41:41"
61000000,simultaneo,random_paired,4,46,0.016414295,0,"","INOVAI-NB-8","CPU info","GCC 13.3.0","2025-10-06 15:41:41"
62000000,não simultaneo,random_paired,0,42,0.020335833,0,"","INOVAI-NB-8","CPU info","GCC 13.3.0","2025-10-06 15:41:41"
62000000,simultaneo,random_paired,0,42,0.019834199,0,"","INOVAI-NB-8","CPU info","GCC 13.3.0","2025-10-06 15:41:41"
62000000,não simultaneo,random_paired,1,43,0.018555000,0,"","INOVAI-NB-8","CPU info","GCC 13.3.0","2025-10-06 15:41:41"
62000000,simultaneo,random_paired,1,43,0.017074060,0,"","INOVAI-NB-8","CPU info","GCC 13.3.0","2025-10-06 15:41:41"
62000000,não simultaneo,random_paired,2,44,0.022937280,0,"","INOVAI-NB-8","CPU info","GCC 13.3.0","2025-10-06 15:41:41"
62000000,simultaneo,random_paired,2,44,0.016865978,0,"","INOVAI-NB-8","CPU info","GCC 13.3.0","2025-10-06 15:41:41"
62000000,não simultaneo,random_paired,3,45,0.019088134,0,"","INOVAI-NB-8","CPU info","GCC 13.3.0","2025-10-06 15:41:41"
62000000,simultaneo,random_paired,3,45,0.017044643,0,"","INOVAI-NB-8","CPU info","GCC 13.3.0","2025-10-06 15:41:41"
62000000,não simultaneo,random_paired,4,46,0.018988369,0,"","INOVAI-NB-8","CPU info","GCC 13.3.0","2025-10-06 15:41:41"
62000000,simultaneo,random_paired,4,46,0.016658004,0,"","INOVAI-NB-8","CPU info","GCC 13.3.0","2025-10-06 15:41:41"
63000000,não simultaneo,random_paired,0,42,0.021900599,0,"","INOVAI-NB-8","CPU info","GCC 13.3.0","2025-10-06 15:41:41"
63000000,simultaneo,random_paired,0,42,0.016880942,0,"","INOVAI-NB-8","CPU info","GCC 13.3.0","2025-10-06 15:41:41"
63000000,não simultaneo,random_paired,1,43,0.021129148,0,"","INOVAI-NB-8","CPU info","GCC 13.3.0","2025-10-06 15:41:41"
63000000,simultaneo,random_paired,1,43,0.016680699,0,"","INOVAI-NB-8","CPU info","GCC 13.3.0","2025-10-06 15:41:41"
63000000,não simultaneo,random_paired,2,44,0.021604565,0,"","INOVAI-NB-8","CPU info","GCC 13.3.0","2025-10-06 15:41:41"
63000000,simultaneo,random_paired,2,44,0.016753379,0,"","INOVAI-NB-8","CPU info","GCC 13.3.0","2025-10-06 15:41:41"
63000000,não simultaneo,random_paired,3,45,0.019179699,0,"","INOVAI-NB-8","CPU info","GCC 13.3.0","2025-10-06 15:41:41"
63000000,simultaneo,random_paired,3,45,0.017339444,0,"","INOVAI-NB-8","CPU info","GCC 13.3.0","2025-10-06 15:41:41"
63000000,não simultaneo,random_paired,4,46,0.021281439,0,"","INOVAI-NB-8","CPU info","GCC 13.3.0","2025-10-06 15:41:41"
63000000,simultaneo,random_paired,4,46,0.016926080,0,"","INOVAI-NB-8","CPU info","GCC 13.3.0","2025-10-06 15:41:41"
64000000,não simultaneo,random_paired,0,42,0.020332166,0,"","INOVAI-NB-8","CPU info","GCC 13.3.0","2025-10-06 15:41:41"
64000000,simultaneo,random_paired,0,42,0.018655132,0,"","INOVAI-NB-8","CPU info","GCC 13.3.0","2025-10-06 15:41:41"
64000000,não simultaneo,random_paired,1,43,0.019630517,0,"","INOVAI-NB-8","CPU info","GCC 13.3.0","2025-10-06 15:41:41"
64000000,simultaneo,random_paired,1,43,0.017783236,0,"","INOVAI-NB-8","CPU info","GCC 13.3.0","2025-10-06 15:41:41"
64000000,não simultaneo,random_paired,2,44,0.019168948,0,"","INOVAI-NB-8","CPU info","GCC 13.3.0","2025-10-06 15:41:41"
64000000,simultaneo,random_paired,2,44,0.018869831,0,"","INOVAI-NB-8","CPU info","GCC 13.3.0","2025-10-06 15:41:41"
64000000,não simultaneo,random_paired,3,45,0.019462476,0,"","INOVAI-NB-8","CPU info","GCC 13.3.0","2025-10-06 15:41:41"
64000000,simultaneo,random_paired,3,45,0.017411476,0,"","INOVAI-NB-8","CPU info","GCC 13.3.0","2025-10-06 15:41:41"
64000000,não simultaneo,random_paired,4,46,0.021675055,0,"","INOVAI-NB-8","CPU info","GCC 13.3.0","2025-10-06 15:41:41"
64000000,simultaneo,random_paired,4,46,0.017141578,0,"","INOVAI-NB-8","CPU info","GCC 13.3.0","2025-10-06 15:41:41"
65000000,não simultaneo,random_paired,0,42,0.021596438,0,"","INOVAI-NB-8","CPU info","GCC 13.3.0","2025-10-06 15:41:41"
65000000,simultaneo,random_paired,0,42,0.017363981,0,"","INOVAI-NB-8","CPU info","GCC 13.3.0","2025-10-06 15:41:41"
65000000,não simultaneo,random_paired,1,43,0.020058771,0,"","INOVAI-NB-8","CPU info","GCC 13.3.0","2025-10-06 15:41:41"
65000000,simultaneo,random_paired,1,43,0.021833629,0,"","INOVAI-NB-8","CPU info","GCC 13.3.0","2025-10-06 15:41:41"
65000000,não simultaneo,random_paired,2,44,0.020119112,0,"","INOVAI-NB-8","CPU info","GCC 13.3.0","2025-10-06 15:41:41"
65000000,simultaneo,random_paired,2,44,0.018568648,0,"","INOVAI-NB-8","CPU info","GCC 13.3.0","2025-10-06 15:41:41"
65000000,não simultaneo,random_paired,3,45,0.019918102,0,"","INOVAI-NB-8","CPU info","GCC 13.3.0","2025-10-06 15:41:41"
65000000,simultaneo,random_paired,3,45,0.018246387,0,"","INOVAI-NB-8","CPU info","GCC 13.3.0","2025-10-06 15:41:41"
65000000,não simultaneo,random_paired,4,46,0.020243545,0,"","INOVAI-NB-8","CPU info","GCC 13.3.0","2025-10-06 15:41:41"
65000000,simultaneo,random_paired,4,46,0.018028547,0,"","INOVAI-NB-8","CPU info","GCC 13.3.0","2025-10-06 15:41:41"
66000000,não simultaneo,random_paired,0,42,0.020963567,0,"","INOVAI-NB-8","CPU info","GCC 13.3.0","2025-10-06 15:41:41"
66000000,simultaneo,random_paired,0,42,0.019587328,0,"","INOVAI-NB-8","CPU info","GCC 13.3.0","2025-10-06 15:41:41"
66000000,não simultaneo,random_paired,1,43,0.021847319,0,"","INOVAI-NB-8","CPU info","GCC 13.3.0","2025-10-06 15:41:41"
66000000,simultaneo,random_paired,1,43,0.017602474,0,"","INOVAI-NB-8","CPU info","GCC 13.3.0","2025-10-06 15:41:41"
66000000,não simultaneo,random_paired,2,44,0.020603118,0,"","INOVAI-NB-8","CPU info","GCC 13.3.0","2025-10-06 15:41:41"
66000000,simultaneo,random_paired,2,44,0.017760856,0,"","INOVAI-NB-8","CPU info","GCC 13.3.0","2025-10-06 15:41:41"
66000000,não simultaneo,random_paired,3,45,0.039416779,0,"","INOVAI-NB-8","CPU info","GCC 13.3.0","2025-10-06 15:41:41"
66000000,simultaneo,random_paired,3,45,0.025825202,0,"","INOVAI-NB-8","CPU info","GCC 13.3.0","2025-10-06 15:41:41"
66000000,não simultaneo,random_paired,4,46,0.021094470,0,"","INOVAI-NB-8","CPU info","GCC 13.3.0","2025-10-06 15:41:41"
66000000,simultaneo,random_paired,4,46,0.026797218,0,"","INOVAI-NB-8","CPU info","GCC 13.3.0","2025-10-06 15:41:41"
67000000,não simultaneo,random_paired,0,42,0.036335934,0,"","INOVAI-NB-8","CPU info","GCC 13.3.0","2025-10-06 15:41:41"
67000000,simultaneo,random_paired,0,42,0.025749702,0,"","INOVAI-NB-8","CPU info","GCC 13.3.0","2025-10-06 15:41:41"
67000000,não simultaneo,random_paired,1,43,0.042110590,0,"","INOVAI-NB-8","CPU info","GCC 13.3.0","2025-10-06 15:41:41"
67000000,simultaneo,random_paired,1,43,0.028033900,0,"","INOVAI-NB-8","CPU info","GCC 13.3.0","2025-10-06 15:41:41"
67000000,não simultaneo,random_paired,2,44,0.020983578,0,"","INOVAI-NB-8","CPU info","GCC 13.3.0","2025-10-06 15:41:41"
67000000,simultaneo,random_paired,2,44,0.018870157,0,"","INOVAI-NB-8","CPU info","GCC 13.3.0","2025-10-06 15:41:41"
67000000,não simultaneo,random_paired,3,45,0.023586166,0,"","INOVAI-NB-8","CPU info","GCC 13.3.0","2025-10-06 15:41:41"
67000000,simultaneo,random_paired,3,45,0.018477394,0,"","INOVAI-NB-8","CPU info","GCC 13.3.0","2025-10-06 15:41:41"
67000000,não simultaneo,random_paired,4,46,0.022945413,0,"","INOVAI-NB-8","CPU info","GCC 13.3.0","2025-10-06 15:41:41"
67000000,simultaneo,random_paired,4,46,0.019048934,0,"","INOVAI-NB-8","CPU info","GCC 13.3.0","2025-10-06 15:41:41"
68000000,não simultaneo,random_paired,0,42,0.022863365,0,"","INOVAI-NB-8","CPU info","GCC 13.3.0","2025-10-06 15:41:41"
68000000,simultaneo,random_paired,0,42,0.019535056,0,"","INOVAI-NB-8","CPU info","GCC 13.3.0","2025-10-06 15:41:41"
68000000,não simultaneo,random_paired,1,43,0.021786753,0,"","INOVAI-NB-8","CPU info","GCC 13.3.0","2025-10-06 15:41:41"
68000000,simultaneo,random_paired,1,43,0.019571225,0,"","INOVAI-NB-8","CPU info","GCC 13.3.0","2025-10-06 15:41:41"
68000000,não simultaneo,random_paired,2,44,0.021882934,0,"","INOVAI-NB-8","CPU info","GCC 13.3.0","2025-10-06 15:41:41"
68000000,simultaneo,random_paired,2,44,0.019543935,0,"","INOVAI-NB-8","CPU info","GCC 13.3.0","2025-10-06 15:41:41"
68000000,não simultaneo,random_paired,3,45,0.022139912,0,"","INOVAI-NB-8","CPU info","GCC 13.3.0","2025-10-06 15:41:41"
68000000,simultaneo,random_paired,3,45,0.019150829,0,"","INOVAI-NB-8","CPU info","GCC 13.3.0","2025-10-06 15:41:41"
68000000,não simultaneo,random_paired,4,46,0.022202043,0,"","INOVAI-NB-8","CPU info","GCC 13.3.0","2025-10-06 15:41:41"
68000000,simultaneo,random_paired,4,46,0.019680044,0,"","INOVAI-NB-8","CPU info","GCC 13.3.0","2025-10-06 15:41:41"
69000000,não simultaneo,random_paired,0,42,0.023039250,0,"","INOVAI-NB-8","CPU info","GCC 13.3.0","2025-10-06 15:41:41"
69000000,simultaneo,random_paired,0,42,0.020336443,0,"","INOVAI-NB-8","CPU info","GCC 13.3.0","2025-10-06 15:41:41"
69000000,não simultaneo,random_paired,1,43,0.022785388,0,"","INOVAI-NB-8","CPU info","GCC 13.3.0","2025-10-06 15:41:41"
69000000,simultaneo,random_paired,1,43,0.019202904,0,"","INOVAI-NB-8","CPU info","GCC 13.3.0","2025-10-06 15:41:41"
69000000,não simultaneo,random_paired,2,44,0.021724797,0,"","INOVAI-NB-8","CPU info","GCC 13.3.0","2025-10-06 15:41:41"
69000000,simultaneo,random_paired,2,44,0.019679433,0,"","INOVAI-NB-8","CPU info","GCC 13.3.0","2025-10-06 15:41:41"
69000000,não simultaneo,random_paired,3,45,0.021639094,0,"","INOVAI-NB-8","CPU info","GCC 13.3.0","2025-10-06 15:41:41"
69000000,simultaneo,random_paired,3,45,0.019855374,0,"","INOVAI-NB-8","CPU info","GCC 13.3.0","2025-10-06 15:41:41"
69000000,não simultaneo,random_paired,4,46,0.023911719,0,"","INOVAI-NB-8","CPU info","GCC 13.3.0","2025-10-06 15:41:41"
69000000,simultaneo,random_paired,4,46,0.019720046,0,"","INOVAI-NB-8","CPU info","GCC 13.3.0","2025-10-06 15:41:41"
70000000,não simultaneo,random_paired,0,42,0.022510828,0,"","INOVAI-NB-8","CPU info","GCC 13.3.0","2025-10-06 15:41:41"
70000000,simultaneo,random_paired,0,42,0.020206207,0,"","INOVAI-NB-8","CPU info","GCC 13.3.0","2025-10-06 15:41:41"
70000000,não simultaneo,random_paired,1,43,0.023940772,0,"","INOVAI-NB-8","CPU info","GCC 13.3.0","2025-10-06 15:41:41"
70000000,simultaneo,random_paired,1,43,0.021557326,0,"","INOVAI-NB-8","CPU info","GCC 13.3.0","2025-10-06 15:41:41"
70000000,não simultaneo,random_paired,2,44,0.022985572,0,"","INOVAI-NB-8","CPU info","GCC 13.3.0","2025-10-06 15:41:41"
70000000,simultaneo,random_paired,2,44,0.021282357,0,"","INOVAI-NB-8","CPU info","GCC 13.3.0","2025-10-06 15:41:41"
70000000,não simultaneo,random_paired,3,45,0.022684898,0,"","INOVAI-NB-8","CPU info","GCC 13.3.0","2025-10-06 15:41:41"
70000000,simultaneo,random_paired,3,45,0.021730766,0,"","INOVAI-NB-8","CPU info","GCC 13.3.0","2025-10-06 15:41:41"
70000000,não simultaneo,random_paired,4,46,0.022856743,0,"","INOVAI-NB-8","CPU info","GCC 13.3.0","2025-10-06 15:41:41"
70000000,simultaneo,random_paired,4,46,0.020967626,0,"","INOVAI-NB-8","CPU info","GCC 13.3.0","2025-10-06 15:41:41"
71000000,não simultaneo,random_paired,0,42,0.024629251,0,"","INOVAI-NB-8","CPU info","GCC 13.3.0","2025-10-06 15:41:41"
71000000,simultaneo,random_paired,0,42,0.021640854,0,"","INOVAI-NB-8","CPU info","GCC 13.3.0","2025-10-06 15:41:41"
71000000,não simultaneo,random_paired,1,43,0.024084434,0,"","INOVAI-NB-8","CPU info","GCC 13.3.0","2025-10-06 15:41:41"
71000000,simultaneo,random_paired,1,43,0.020543438,0,"","INOVAI-NB-8","CPU info","GCC 13.3.0","2025-10-06 15:41:41"
71000000,não simultaneo,random_paired,2,44,0.023897184,0,"","INOVAI-NB-8","CPU info","GCC 13.3.0","2025-10-06 15:41:41"
71000000,simultaneo,random_paired,2,44,0.021927251,0,"","INOVAI-NB-8","CPU info","GCC 13.3.0","2025-10-06 15:41:41"
71000000,não simultaneo,random_paired,3,45,0.023093285,0,"","INOVAI-NB-8","CPU info","GCC 13.3.0","2025-10-06 15:41:41"
71000000,simultaneo,random_paired,3,45,0.021507129,0,"","INOVAI-NB-8","CPU info","GCC 13.3.0","2025-10-06 15:41:41"
71000000,não simultaneo,random_paired,4,46,0.024147817,0,"","INOVAI-NB-8","CPU info","GCC 13.3.0","2025-10-06 15:41:41"
71000000,simultaneo,random_paired,4,46,0.021524387,0,"","INOVAI-NB-8","CPU info","GCC 13.3.0","2025-10-06 15:41:41"
72000000,não simultaneo,random_paired,0,42,0.023357143,0,"","INOVAI-NB-8","CPU info","GCC 13.3.0","2025-10-06 15:41:41"
72000000,simultaneo,random_paired,0,42,0.021605510,0,"","INOVAI-NB-8","CPU info","GCC 13.3.0","2025-10-06 15:41:41"
72000000,não simultaneo,random_paired,1,43,0.024135548,0,"","INOVAI-NB-8","CPU info","GCC 13.3.0","2025-10-06 15:41:41"
72000000,simultaneo,random_paired,1,43,0.027522662,0,"","INOVAI-NB-8","CPU info","GCC 13.3.0","2025-10-06 15:41:41"
72000000,não simultaneo,random_paired,2,44,0.027102115,0,"","INOVAI-NB-8","CPU info","GCC 13.3.0","2025-10-06 15:41:41"
72000000,simultaneo,random_paired,2,44,0.021885795,0,"","INOVAI-NB-8","CPU info","GCC 13.3.0","2025-10-06 15:41:41"
72000000,não simultaneo,random_paired,3,45,0.023068787,0,"","INOVAI-NB-8","CPU info","GCC 13.3.0","2025-10-06 15:41:41"
72000000,simultaneo,random_paired,3,45,0.020665026,0,"","INOVAI-NB-8","CPU info","GCC 13.3.0","2025-10-06 15:41:41"
72000000,não simultaneo,random_paired,4,46,0.023495274,0,"","INOVAI-NB-8","CPU info","GCC 13.3.0","2025-10-06 15:41:41"
72000000,simultaneo,random_paired,4,46,0.020472168,0,"","INOVAI-NB-8","CPU info","GCC 13.3.0","2025-10-06 15:41:41"
73000000,não simultaneo,random_paired,0,42,0.023019983,0,"","INOVAI-NB-8","CPU info","GCC 13.3.0","2025-10-06 15:41:41"
73000000,simultaneo,random_paired,0,42,0.021240931,0,"","INOVAI-NB-8","CPU info","GCC 13.3.0","2025-10-06 15:41:41"
73000000,não simultaneo,random_paired,1,43,0.023929983,0,"","INOVAI-NB-8","CPU info","GCC 13.3.0","2025-10-06 15:41:41"
73000000,simultaneo,random_paired,1,43,0.021229444,0,"","INOVAI-NB-8","CPU info","GCC 13.3.0","2025-10-06 15:41:41"
73000000,não simultaneo,random_paired,2,44,0.023310968,0,"","INOVAI-NB-8","CPU info","GCC 13.3.0","2025-10-06 15:41:41"
73000000,simultaneo,random_paired,2,44,0.020884171,0,"","INOVAI-NB-8","CPU info","GCC 13.3.0","2025-10-06 15:41:41"
73000000,não simultaneo,random_paired,3,45,0.023512998,0,"","INOVAI-NB-8","CPU info","GCC 13.3.0","2025-10-06 15:41:41"
73000000,simultaneo,random_paired,3,45,0.020276915,0,"","INOVAI-NB-8","CPU info","GCC 13.3.0","2025-10-06 15:41:41"
73000000,não simultaneo,random_paired,4,46,0.022464662,0,"","INOVAI-NB-8","CPU info","GCC 13.3.0","2025-10-06 15:41:41"
73000000,simultaneo,random_paired,4,46,0.019569556,0,"","INOVAI-NB-8","CPU info","GCC 13.3.0","2025-10-06 15:41:41"
74000000,não simultaneo,random_paired,0,42,0.022946638,0,"","INOVAI-NB-8","CPU info","GCC 13.3.0","2025-10-06 15:41:41"
74000000,simultaneo,random_paired,0,42,0.019904585,0,"","INOVAI-NB-8","CPU info","GCC 13.3.0","2025-10-06 15:41:41"
74000000,não simultaneo,random_paired,1,43,0.023500556,0,"","INOVAI-NB-8","CPU info","GCC 13.3.0","2025-10-06 15:41:41"
74000000,simultaneo,random_paired,1,43,0.020885455,0,"","INOVAI-NB-8","CPU info","GCC 13.3.0","2025-10-06 15:41:41"
74000000,não simultaneo,random_paired,2,44,0.022994941,0,"","INOVAI-NB-8","CPU info","GCC 13.3.0","2025-10-06 15:41:41"
74000000,simultaneo,random_paired,2,44,0.021163713,0,"","INOVAI-NB-8","CPU info","GCC 13.3.0","2025-10-06 15:41:41"
74000000,não simultaneo,random_paired,3,45,0.024285492,0,"","INOVAI-NB-8","CPU info","GCC 13.3.0","2025-10-06 15:41:41"
74000000,simultaneo,random_paired,3,45,0.022018530,0,"","INOVAI-NB-8","CPU info","GCC 13.3.0","2025-10-06 15:41:41"
74000000,não simultaneo,random_paired,4,46,0.024867032,0,"","INOVAI-NB-8","CPU info","GCC 13.3.0","2025-10-06 15:41:41"
74000000,simultaneo,random_paired,4,46,0.019761510,0,"","INOVAI-NB-8","CPU info","GCC 13.3.0","2025-10-06 15:41:41"
2050000000,não simultaneo,random_paired,0,42,0.659731422,0,"","INOVAI-NB-8","CPU info","GCC 13.3.0","2025-10-06 15:41:41"
2050000000,simultaneo,random_paired,0,42,0.497200790,0,"","INOVAI-NB-8","CPU info","GCC 13.3.0","2025-10-06 15:41:41"
2050000000,não simultaneo,random_paired,1,43,0.658919112,0,"","INOVAI-NB-8","CPU info","GCC 13.3.0","2025-10-06 15:41:41"
2050000000,simultaneo,random_paired,1,43,0.595329870,0,"","INOVAI-NB-8","CPU info","GCC 13.3.0","2025-10-06 15:41:41"
2050000000,não simultaneo,random_paired,2,44,0.641474917,0,"","INOVAI-NB-8","CPU info","GCC 13.3.0","2025-10-06 15:41:41"
2050000000,simultaneo,random_paired,2,44,0.487479747,0,"","INOVAI-NB-8","CPU info","GCC 13.3.0","2025-10-06 15:41:41"
2050000000,não simultaneo,random_paired,3,45,0.636878381,0,"","INOVAI-NB-8","CPU info","GCC 13.3.0","2025-10-06 15:41:41"
2050000000,simultaneo,random_paired,3,45,0.635409851,0,"","INOVAI-NB-8","CPU info","GCC 13.3.0","2025-10-06 15:41:41"
2050000000,não simultaneo,random_paired,4,46,1.081344515,0,"","INOVAI-NB-8","CPU info","GCC 13.3.0","2025-10-06 15:41:41"
2050000000,simultaneo,random_paired,4,46,0.483296748,0,"","INOVAI-NB-8","CPU info","GCC 13.3.0","2025-10-06 15:41:41"
1000,não simultaneo,sorted,0,42,0.000000417,0,"","INOVAI-NB-8","CPU info","GCC 13.3.0","2025-10-06 15:41:41"
1000,simultaneo,sorted,0,42,0.000000260,0,"","INOVAI-NB-8","CPU info","GCC 13.3.0","2025-10-06 15:41:41"
1000,não simultaneo,sorted,1,43,0.000000076,0,"","INOVAI-NB-8","CPU info","GCC 13.3.0","2025-10-06 15:41:41"
1000,simultaneo,sorted,1,43,0.000000242,0,"","INOVAI-NB-8","CPU info","GCC 13.3.0","2025-10-06 15:41:41"
1000,não simultaneo,sorted,2,44,0.000000074,0,"","INOVAI-NB-8","CPU info","GCC 13.3.0","2025-10-06 15:41:41"
1000,simultaneo,sorted,2,44,0.000000242,0,"","INOVAI-NB-8","CPU info","GCC 13.3.0","2025-10-06 15:41:41"
1000,não simultaneo,sorted,3,45,0.000000075,0,"","INOVAI-NB-8","CPU info","GCC 13.3.0","2025-10-06 15:41:41"
1000,simultaneo,sorted,3,45,0.000000243,0,"","INOVAI-NB-8","CPU info","GCC 13.3.0","2025-10-06 15:41:41"
1000,não simultaneo,sorted,4,46,0.000000074,0,"","INOVAI-NB-8","CPU info","GCC 13.3.0","2025-10-06 15:41:41"
1000,simultaneo,sorted,4,46,0.000000269,0,"","INOVAI-NB-8","CPU info","GCC 13.3.0","2025-10-06 15:41:41"
2000,não simultaneo,sorted,0,42,0.000000153,0,"","INOVAI-NB-8","CPU info","GCC 13.3.0","2025-10-06 15:41:41"
2000,simultaneo,sorted,0,42,0.000000501,0,"","INOVAI-NB-8","CPU info","GCC 13.3.0","2025-10-06 15:41:41"
2000,não simultaneo,sorted,1,43,0.000000127,0,"","INOVAI-NB-8","CPU info","GCC 13.3.0","2025-10-06 15:41:41"
2000,simultaneo,sorted,1,43,0.000000466,0,"","INOVAI-NB-8","CPU info","GCC 13.3.0","2025-10-06 15:41:41"
2000,não simultaneo,sorted,2,44,0.000000130,0,"","INOVAI-NB-8","CPU info","GCC 13.3.0","2025-10-06 15:41:41"
2000,simultaneo,sorted,2,44,0.000000464,0,"","INOVAI-NB-8","CPU info","GCC 13.3.0","2025-10-06 15:41:41"
2000,não simultaneo,sorted,3,45,0.000000127,0,"","INOVAI-NB-8","CPU info","GCC 13.3.0","2025-10-06 15:41:41"
2000,simultaneo,sorted,3,45,0.000000465,0,"","INOVAI-NB-8","CPU info","GCC 13.3.0","2025-10-06 15:41:41"
2000,não simultaneo,sorted,4,46,0.000000128,0,"","INOVAI-NB-8","CPU info","GCC 13.3.0","2025-10-06 15:41:41"
2000,simultaneo,sorted,4,46,0.000000464,0,"","INOVAI-NB-8","CPU info","GCC 13.3.0","2025-10-06 15:41:41"
3000,não simultaneo,sorted,0,42,0.000000204,0,"","INOVAI-NB-8","CPU info","GCC 13.3.0","2025-10-06 15:41:41"
3000,simultaneo,sorted,0,42,0.000000709,0,"","INOVAI-NB-8","CPU info","GCC 13.3.0","2025-10-06 15:41:41"
3000,não simultaneo,sorted,1,43,0.000000192,0,"","INOVAI-NB-8","CPU info","GCC 13.3.0","2025-10-06 15:41:41"
3000,simultaneo,sorted,1,43,0.000000700,0,"","INOVAI-NB-8","CPU info","GCC 13.3.0","2025-10-06 15:41:41"
3000,não simultaneo,sorted,2,44,0.000000182,0,"","INOVAI-NB-8","CPU info","GCC 13.3.0","2025-10-06 15:41:41"
3000,simultaneo,sorted,2,44,0.000000694,0,"","INOVAI-NB-8","CPU info","GCC 13.3.0","2025-10-06 15:41:41"
3000,não simultaneo,sorted,3,45,0.000000180,0,"","INOVAI-NB-8","CPU info","GCC 13.3.0","2025-10-06 15:41:41"
3000,simultaneo,sorted,3,45,0.000000694,0,"","INOVAI-NB-8","CPU info","GCC 13.3.0","2025-10-06 15:41:41"
3000,não simultaneo,sorted,4,46,0.000000180,0,"","INOVAI-NB-8","CPU info","GCC 13.3.0","2025-10-06 15:41:41"
3000,simultaneo,sorted,4,46,0.000000698,0,"","INOVAI-NB-8","CPU info","GCC 13.3.0","2025-10-06 15:41:41"
4000,não simultaneo,sorted,0,42,0.000000246,0,"","INOVAI-NB-8","CPU info","GCC 13.3.0","2025-10-06 15:41:41"
4000,simultaneo,sorted,0,42,0.000000922,0,"","INOVAI-NB-8","CPU info","GCC 13.3.0","2025-10-06 15:41:41"
4000,não simultaneo,sorted,1,43,0.000000233,0,"","INOVAI-NB-8","CPU info","GCC 13.3.0","2025-10-06 15:41:41"
4000,simultaneo,sorted,1,43,0.000000916,0,"","INOVAI-NB-8","CPU info","GCC 13.3.0","2025-10-06 15:41:41"
4000,não simultaneo,sorted,2,44,0.000000231,0,"","INOVAI-NB-8","CPU info","GCC 13.3.0","2025-10-06 15:41:41"
4000,simultaneo,sorted,2,44,0.000000913,0,"","INOVAI-NB-8","CPU info","GCC 13.3.0","2025-10-06 15:41:41"
4000,não simultaneo,sorted,3,45,0.000000237,0,"","INOVAI-NB-8","CPU info","GCC 13.3.0","2025-10-06 15:41:41"
4000,simultaneo,sorted,3,45,0.000000908,0,"","INOVAI-NB-8","CPU info","GCC 13.3.0","2025-10-06 15:41:41"
4000,não simultaneo,sorted,4,46,0.000000235,0,"","INOVAI-NB-8","CPU info","GCC 13.3.0","2025-10-06 15:41:41"
4000,simultaneo,sorted,4,46,0.000000909,0,"","INOVAI-NB-8","CPU info","GCC 13.3.0","2025-10-06 15:41:41"
5000,não simultaneo,sorted,0,42,0.000000296,0,"","INOVAI-NB-8","CPU info","GCC 13.3.0","2025-10-06 15:41:41"
5000,simultaneo,sorted,0,42,0.000001138,0,"","INOVAI-NB-8","CPU info","GCC 13.3.0","2025-10-06 15:41:41"
5000,não simultaneo,sorted,1,43,0.000000285,0,"","INOVAI-NB-8","CPU info","GCC 13.3.0","2025-10-06 15:41:41"
5000,simultaneo,sorted,1,43,0.000001137,0,"","INOVAI-NB-8","CPU info","GCC 13.3.0","2025-10-06 15:41:41"
5000,não simultaneo,sorted,2,44,0.000000288,0,"","INOVAI-NB-8","CPU info","GCC 13.3.0","2025-10-06 15:41:41"
5000,simultaneo,sorted,2,44,0.000001161,0,"","INOVAI-NB-8","CPU info","GCC 13.3.0","2025-10-06 15:41:41"
5000,não simultaneo,sorted,3,45,0.000000297,0,"","INOVAI-NB-8","CPU info","GCC 13.3.0","2025-10-06 15:41:41"
5000,simultaneo,sorted,3,45,0.000001153,0,"","INOVAI-NB-8","CPU info","GCC 13.3.0","2025-10-06 15:41:41"
5000,não simultaneo,sorted,4,46,0.000000288,0,"","INOVAI-NB-8","CPU info","GCC 13.3.0","2025-10-06 15:41:41"
5000,simultaneo,sorted,4,46,0.000001150,0,"","INOVAI-NB-8","CPU info","GCC 13.3.0","2025-10-06 15:41:41"
6000,não simultaneo,sorted,0,42,0.000000378,0,"","INOVAI-NB-8","CPU info","GCC 13.3.0","2025-10-06 15:41:41"
6000,simultaneo,sorted,0,42,0.000001365,0,"","INOVAI-NB-8","CPU info","GCC 13.3.0","2025-10-06 15:41:41"
6000,não simultaneo,sorted,1,43,0.000000358,0,"","INOVAI-NB-8","CPU info","GCC 13.3.0","2025-10-06 15:41:41"
6000,simultaneo,sorted,1,43,0.000001365,0,"","INOVAI-NB-8","CPU info","GCC 13.3.0","2025-10-06 15:41:41"
6000,não simultaneo,sorted,2,44,0.000000351,0,"","INOVAI-NB-8","CPU info","GCC 13.3.0","2025-10-06 15:41:41"
6000,simultaneo,sorted,2,44,0.000001354,0,"","INOVAI-NB-8","CPU info","GCC 13.3.0","2025-10-06 15:41:41"
6000,não simultaneo,sorted,3,45,0.000000342,0,"","INOVAI-NB-8","CPU info","GCC 13.3.0","2025-10-06 15:41:41"
6000,simultaneo,sorted,3,45,0.000001353,0,"","INOVAI-NB-8","CPU info","GCC 13.3.0","2025-10-06 15:41:41"
6000,não simultaneo,sorted,4,46,0.000000341,0,"","INOVAI-NB-8","CPU info","GCC 13.3.0","2025-10-06 15:41:41"
6000,simultaneo,sorted,4,46,0.000001354,0,"","INOVAI-NB-8","CPU info","GCC 13.3.0","2025-10-06 15:41:41"
7000,não simultaneo,sorted,0,42,0.000000405,0,"","INOVAI-NB-8","CPU info","GCC 13.3.0","2025-10-06 15:41:41"
7000,simultaneo,sorted,0,42,0.000001594,0,"","INOVAI-NB-8","CPU info","GCC 13.3.0","2025-10-06 15:41:41"
7000,não simultaneo,sorted,1,43,0.000000390,0,"","INOVAI-NB-8","CPU info","GCC 13.3.0","2025-10-06 15:41:41"
7000,simultaneo,sorted,1,43,0.000001589,0,"","INOVAI-NB-8","CPU info","GCC 13.3.0","2025-10-06 15:41:41"
7000,não simultaneo,sorted,2,44,0.000000397,0,"","INOVAI-NB-8","CPU info","GCC 13.3.0","2025-10-06 15:41:41"
7000,simultaneo,sorted,2,44,0.000001591,0,"","INOVAI-NB-8","CPU info","GCC 13.3.0","2025-10-06 15:41:41"
7000,não simultaneo,sorted,3,45,0.000000392,0,"","INOVAI-NB-8","CPU info","GCC 13.3.0","2025-10-06 15:41:41"
7000,simultaneo,sorted,3,45,0.000001586,0,"","INOVAI-NB-8","CPU info","GCC 13.3.0","2025-10-06 15:41:41"
7000,não simultaneo,sorted,4,46,0.000000391,0,"","INOVAI-NB-8","CPU info","GCC 13.3.0","2025-10-06 15:41:41"
7000,simultaneo,sorted,4,46,0.000001581,0,"","INOVAI-NB-8","CPU info","GCC 13.3.0","2025-10-06 15:41:41"
8000,não simultaneo,sorted,0,42,0.000000481,0,"","INOVAI-NB-8","CPU info","GCC 13.3.0","2025-10-06 15:41:41"
8000,simultaneo,sorted,0,42,0.000001808,0,"","INOVAI-NB-8","CPU info","GCC 13.3.0","2025-10-06 15:41:41"
8000,não simultaneo,sorted,1,43,0.000000464,0,"","INOVAI-NB-8","CPU info","GCC 13.3.0","2025-10-06 15:41:41"
8000,simultaneo,sorted,1,43,0.000001806,0,"","INOVAI-NB-8","CPU info","GCC 13.3.0","2025-10-06 15:41:41"
8000,não simultaneo,sorted,2,44,0.000000454,0,"","INOVAI-NB-8","CPU info","GCC 13.3.0","2025-10-06 15:41:41"
8000,simultaneo,sorted,2,44,0.000001798,0,"","INOVAI-NB-8","CPU info","GCC 13.3.0","2025-10-06 15:41:41"
8000,não simultaneo,sorted,3,45,0.000000446,0,"","INOVAI-NB-8","CPU info","GCC 13.3.0","2025-10-06 15:41:41"
8000,simultaneo,sorted,3,45,0.000001830,0,"","INOVAI-NB-8","CPU info","GCC 13.3.0","2025-10-06 15:41:41"
8000,não simultaneo,sorted,4,46,0.000000462,0,"","INOVAI-NB-8","CPU info","GCC 13.3.0","2025-10-06 15:41:41"
8000,simultaneo,sorted,4,46,0.000001812,0,"","INOVAI-NB-8","CPU info","GCC 13.3.0","2025-10-06 15:41:41"
9000,não simultaneo,sorted,0,42,0.000000518,0,"","INOVAI-NB-8","CPU info","GCC 13.3.0","2025-10-06 15:41:41"
9000,simultaneo,sorted,0,42,0.000002046,0,"","INOVAI-NB-8","CPU info","GCC 13.3.0","2025-10-06 15:41:41"
9000,não simultaneo,sorted,1,43,0.000000509,0,"","INOVAI-NB-8","CPU info","GCC 13.3.0","2025-10-06 15:41:41"
9000,simultaneo,sorted,1,43,0.000002038,0,"","INOVAI-NB-8","CPU info","GCC 13.3.0","2025-10-06 15:41:41"
9000,não simultaneo,sorted,2,44,0.000000499,0,"","INOVAI-NB-8","CPU info","GCC 13.3.0","2025-10-06 15:41:41"
9000,simultaneo,sorted,2,44,0.000002031,0,"","INOVAI-NB-8","CPU info","GCC 13.3.0","2025-10-06 15:41:41"
9000,não simultaneo,sorted,3,45,0.000000493,0,"","INOVAI-NB-8","CPU info","GCC 13.3.0","2025-10-06 15:41:41"
9000,simultaneo,sorted,3,45,0.000002033,0,"","INOVAI-NB-8","CPU info","GCC 13.3.0","2025-10-06 15:41:41"
9000,não simultaneo,sorted,4,46,0.000000494,0,"","INOVAI-NB-8","CPU info","GCC 13.3.0","2025-10-06 15:41:41"
9000,simultaneo,sorted,4,46,0.000002024,0,"","INOVAI-NB-8","CPU info","GCC 13.3.0","2025-10-06 15:41:41"
10000,não simultaneo,sorted,0,42,0.000000556,0,"","INOVAI-NB-8","CPU info","GCC 13.3.0","2025-10-06 15:41:41"
10000,simultaneo,sorted,0,42,0.000002267,0,"","INOVAI-NB-8","CPU info","GCC 13.3.0","2025-10-06 15:41:41"
10000,não simultaneo,sorted,1,43,0.000000553,0,"","INOVAI-NB-8","CPU info","GCC 13.3.0","2025-10-06 15:41:41"
10000,simultaneo,sorted,1,43,0.000002264,0,"","INOVAI-NB-8","CPU info","GCC 13.3.0","2025-10-06 15:41:41"
10000,não simultaneo,sorted,2,44,0.000000546,0,"","INOVAI-NB-8","CPU info","GCC 13.3.0","2025-10-06 15:41:41"
10000,simultaneo,sorted,2,44,0.000002262,0,"","INOVAI-NB-8","CPU info","GCC 13.3.0","2025-10-06 15:41:41"
10000,não simultaneo,sorted,3,45,0.000000554,0,"","INOVAI-NB-8","CPU info","GCC 13.3.0","2025-10-06 15:41:41"
10000,simultaneo,sorted,3,45,0.000002251,0,"","INOVAI-NB-8","CPU info","GCC 13.3.0","2025-10-06 15:41:41"
10000,não simultaneo,sorted,4,46,0.000000544,0,"","INOVAI-NB-8","CPU info","GCC 13.3.0","2025-10-06 15:41:41"
10000,simultaneo,sorted,4,46,0.000002245,0,"","INOVAI-NB-8","CPU info","GCC 13.3.0","2025-10-06 15:41:41"
20000,não simultaneo,sorted,0,42,0.000001577,0,"","INOVAI-NB-8","CPU info","GCC 13.3.0","2025-10-06 15:41:41"
20000,simultaneo,sorted,0,42,0.000004499,0,"","INOVAI-NB-8","CPU info","GCC 13.3.0","2025-10-06 15:41:41"
20000,não simultaneo,sorted,1,43,0.000001569,0,"","INOVAI-NB-8","CPU info","GCC 13.3.0","2025-10-06 15:41:41"
20000,simultaneo,sorted,1,43,0.000004492,0,"","INOVAI-NB-8","CPU info","GCC 13.3.0","2025-10-06 15:41:41"
20000,não simultaneo,sorted,2,44,0.000001574,0,"","INOVAI-NB-8","CPU info","GCC 13.3.0","2025-10-06 15:41:41"
20000,simultaneo,sorted,2,44,0.000004492,0,"","INOVAI-NB-8","CPU info","GCC 13.3.0","2025-10-06 15:41:41"
20000,não simultaneo,sorted,3,45,0.000001578,0,"","INOVAI-NB-8","CPU info","GCC 13.3.0","2025-10-06 15:41:41"
20000,simultaneo,sorted,3,45,0.000004484,0,"","INOVAI-NB-8","CPU info","GCC 13.3.0","2025-10-06 15:41:41"
20000,não simultaneo,sorted,4,46,0.000001565,0,"","INOVAI-NB-8","CPU info","GCC 13.3.0","2025-10-06 15:41:41"
20000,simultaneo,sorted,4,46,0.000004494,0,"","INOVAI-NB-8","CPU info","GCC 13.3.0","2025-10-06 15:41:41"
30000,não simultaneo,sorted,0,42,0.000002246,0,"","INOVAI-NB-8","CPU info","GCC 13.3.0","2025-10-06 15:41:41"
30000,simultaneo,sorted,0,42,0.000006725,0,"","INOVAI-NB-8","CPU info","GCC 13.3.0","2025-10-06 15:41:41"
30000,não simultaneo,sorted,1,43,0.000002239,0,"","INOVAI-NB-8","CPU info","GCC 13.3.0","2025-10-06 15:41:41"
30000,simultaneo,sorted,1,43,0.000006732,0,"","INOVAI-NB-8","CPU info","GCC 13.3.0","2025-10-06 15:41:41"
30000,não simultaneo,sorted,2,44,0.000002214,0,"","INOVAI-NB-8","CPU info","GCC 13.3.0","2025-10-06 15:41:41"
30000,simultaneo,sorted,2,44,0.000006722,0,"","INOVAI-NB-8","CPU info","GCC 13.3.0","2025-10-06 15:41:41"
30000,não simultaneo,sorted,3,45,0.000002227,0,"","INOVAI-NB-8","CPU info","GCC 13.3.0","2025-10-06 15:41:41"
30000,simultaneo,sorted,3,45,0.000006731,0,"","INOVAI-NB-8","CPU info","GCC 13.3.0","2025-10-06 15:41:41"
30000,não simultaneo,sorted,4,46,0.000002194,0,"","INOVAI-NB-8","CPU info","GCC 13.3.0","2025-10-06 15:41:41"
30000,simultaneo,sorted,4,46,0.000006697,0,"","INOVAI-NB-8","CPU info","GCC 13.3.0","2025-10-06 15:41:41"
40000,não simultaneo,sorted,0,42,0.000002882,0,"","INOVAI-NB-8","CPU info","GCC 13.3.0","2025-10-06 15:41:41"
40000,simultaneo,sorted,0,42,0.000008945,0,"","INOVAI-NB-8","CPU info","GCC 13.3.0","2025-10-06 15:41:41"
40000,não simultaneo,sorted,1,43,0.000004002,0,"","INOVAI-NB-8","CPU info","GCC 13.3.0","2025-10-06 15:41:41"
40000,simultaneo,sorted,1,43,0.000008733,0,"","INOVAI-NB-8","CPU info","GCC 13.3.0","2025-10-06 15:41:41"
40000,não simultaneo,sorted,2,44,0.000002805,0,"","INOVAI-NB-8","CPU info","GCC 13.3.0","2025-10-06 15:41:41"
40000,simultaneo,sorted,2,44,0.000008725,0,"","INOVAI-NB-8","CPU info","GCC 13.3.0","2025-10-06 15:41:41"
40000,não simultaneo,sorted,3,45,0.000002803,0,"","INOVAI-NB-8","CPU info","GCC 13.3.0","2025-10-06 15:41:41"
40000,simultaneo,sorted,3,45,0.000008743,0,"","INOVAI-NB-8","CPU info","GCC 13.3.0","2025-10-06 15:41:41"
40000,não simultaneo,sorted,4,46,0.000002804,0,"","INOVAI-NB-8","CPU info","GCC 13.3.0","2025-10-06 15:41:41"
40000,simultaneo,sorted,4,46,0.000008720,0,"","INOVAI-NB-8","CPU info","GCC 13.3.0","2025-10-06 15:41:41"
50000,não simultaneo,sorted,0,42,0.000003459,0,"","INOVAI-NB-8","CPU info","GCC 13.3.0","2025-10-06 15:41:41"
50000,simultaneo,sorted,0,42,0.000010919,0,"","INOVAI-NB-8","CPU info","GCC 13.3.0","2025-10-06 15:41:41"
50000,não simultaneo,sorted,1,43,0.000003427,0,"","INOVAI-NB-8","CPU info","GCC 13.3.0","2025-10-06 15:41:41"
50000,simultaneo,sorted,1,43,0.000010922,0,"","INOVAI-NB-8","CPU info","GCC 13.3.0","2025-10-06 15:41:41"
50000,não simultaneo,sorted,2,44,0.000003433,0,"","INOVAI-NB-8","CPU info","GCC 13.3.0","2025-10-06 15:41:41"
50000,simultaneo,sorted,2,44,0.000010897,0,"","INOVAI-NB-8","CPU info","GCC 13.3.0","2025-10-06 15:41:41"
50000,não simultaneo,sorted,3,45,0.000003442,0,"","INOVAI-NB-8","CPU info","GCC 13.3.0","2025-10-06 15:41:41"
50000,simultaneo,sorted,3,45,0.000010902,0,"","INOVAI-NB-8","CPU info","GCC 13.3.0","2025-10-06 15:41:41"
50000,não simultaneo,sorted,4,46,0.000003446,0,"","INOVAI-NB-8","CPU info","GCC 13.3.0","2025-10-06 15:41:41"
50000,simultaneo,sorted,4,46,0.000010925,0,"","INOVAI-NB-8","CPU info","GCC 13.3.0","2025-10-06 15:41:41"
60000,não simultaneo,sorted,0,42,0.000004096,0,"","INOVAI-NB-8","CPU info","GCC 13.3.0","2025-10-06 15:41:41"
60000,simultaneo,sorted,0,42,0.000013115,0,"","INOVAI-NB-8","CPU info","GCC 13.3.0","2025-10-06 15:41:41"
60000,não simultaneo,sorted,1,43,0.000008244,0,"","INOVAI-NB-8","CPU info","GCC 13.3.0","2025-10-06 15:41:41"
60000,simultaneo,sorted,1,43,0.000013117,0,"","INOVAI-NB-8","CPU info","GCC 13.3.0","2025-10-06 15:41:41"
60000,não simultaneo,sorted,2,44,0.000004080,0,"","INOVAI-NB-8","CPU info","GCC 13.3.0","2025-10-06 15:41:41"
60000,simultaneo,sorted,2,44,0.000013103,0,"","INOVAI-NB-8","CPU info","GCC 13.3.0","2025-10-06 15:41:41"
60000,não simultaneo,sorted,3,45,0.000004080,0,"","INOVAI-NB-8","CPU info","GCC 13.3.0","2025-10-06 15:41:41"
60000,simultaneo,sorted,3,45,0.000013077,0,"","INOVAI-NB-8","CPU info","GCC 13.3.0","2025-10-06 15:41:41"
60000,não simultaneo,sorted,4,46,0.000004105,0,"","INOVAI-NB-8","CPU info","GCC 13.3.0","2025-10-06 15:41:41"
60000,simultaneo,sorted,4,46,0.000013072,0,"","INOVAI-NB-8","CPU info","GCC 13.3.0","2025-10-06 15:41:41"
70000,não simultaneo,sorted,0,42,0.000004703,0,"","INOVAI-NB-8","CPU info","GCC 13.3.0","2025-10-06 15:41:41"
70000,simultaneo,sorted,0,42,0.000015250,0,"","INOVAI-NB-8","CPU info","GCC 13.3.0","2025-10-06 15:41:41"
70000,não simultaneo,sorted,1,43,0.000004724,0,"","INOVAI-NB-8","CPU info","GCC 13.3.0","2025-10-06 15:41:41"
70000,simultaneo,sorted,1,43,0.000015249,0,"","INOVAI-NB-8","CPU info","GCC 13.3.0","2025-10-06 15:41:41"
70000,não simultaneo,sorted,2,44,0.000004730,0,"","INOVAI-NB-8","CPU info","GCC 13.3.0","2025-10-06 15:41:41"
70000,simultaneo,sorted,2,44,0.000015249,0,"","INOVAI-NB-8","CPU info","GCC 13.3.0","2025-10-06 15:41:41"
70000,não simultaneo,sorted,3,45,0.000004721,0,"","INOVAI-NB-8","CPU info","GCC 13.3.0","2025-10-06 15:41:41"
70000,simultaneo,sorted,3,45,0.000015251,0,"","INOVAI-NB-8","CPU info","GCC 13.3.0","2025-10-06 15:41:41"
70000,não simultaneo,sorted,4,46,0.000005920,0,"","INOVAI-NB-8","CPU info","GCC 13.3.0","2025-10-06 15:41:41"
70000,simultaneo,sorted,4,46,0.000015250,0,"","INOVAI-NB-8","CPU info","GCC 13.3.0","2025-10-06 15:41:41"
80000,não simultaneo,sorted,0,42,0.000005373,0,"","INOVAI-NB-8","CPU info","GCC 13.3.0","2025-10-06 15:41:41"
80000,simultaneo,sorted,0,42,0.000017434,0,"","INOVAI-NB-8","CPU info","GCC 13.3.0","2025-10-06 15:41:41"
80000,não simultaneo,sorted,1,43,0.000005341,0,"","INOVAI-NB-8","CPU info","GCC 13.3.0","2025-10-06 15:41:41"
80000,simultaneo,sorted,1,43,0.000017450,0,"","INOVAI-NB-8","CPU info","GCC 13.3.0","2025-10-06 15:41:41"
80000,não simultaneo,sorted,2,44,0.000005341,0,"","INOVAI-NB-8","CPU info","GCC 13.3.0","2025-10-06 15:41:41"
80000,simultaneo,sorted,2,44,0.000017458,0,"","INOVAI-NB-8","CPU info","GCC 13.3.0","2025-10-06 15:41:41"
80000,não simultaneo,sorted,3,45,0.000005362,0,"","INOVAI-NB-8","CPU info","GCC 13.3.0","2025-10-06 15:41:41"
80000,simultaneo,sorted,3,45,0.000017456,0,"","INOVAI-NB-8","CPU info","GCC 13.3.0","2025-10-06 15:41:41"
80000,não simultaneo,sorted,4,46,0.000005360,0,"","INOVAI-NB-8","CPU info","GCC 13.3.0","2025-10-06 15:41:41"
80000,simultaneo,sorted,4,46,0.000017445,0,"","INOVAI-NB-8","CPU info","GCC 13.3.0","2025-10-06 15:41:41"
90000,não simultaneo,sorted,0,42,0.000006003,0,"","INOVAI-NB-8","CPU info","GCC 13.3.0","2025-10-06 15:41:41"
90000,simultaneo,sorted,0,42,0.000020684,0,"","INOVAI-NB-8","CPU info","GCC 13.3.0","2025-10-06 15:41:41"
90000,não simultaneo,sorted,1,43,0.000006139,0,"","INOVAI-NB-8","CPU info","GCC 13.3.0","2025-10-06 15:41:41"
90000,simultaneo,sorted,1,43,0.000019193,0,"","INOVAI-NB-8","CPU info","GCC 13.3.0","2025-10-06 15:41:41"
90000,não simultaneo,sorted,2,44,0.000006975,0,"","INOVAI-NB-8","CPU info","GCC 13.3.0","2025-10-06 15:41:41"
90000,simultaneo,sorted,2,44,0.000018778,0,"","INOVAI-NB-8","CPU info","GCC 13.3.0","2025-10-06 15:41:41"
90000,não simultaneo,sorted,3,45,0.000005742,0,"","INOVAI-NB-8","CPU info","GCC 13.3.0","2025-10-06 15:41:41"
90000,simultaneo,sorted,3,45,0.000018762,0,"","INOVAI-NB-8","CPU info","GCC 13.3.0","2025-10-06 15:41:41"
90000,não simultaneo,sorted,4,46,0.000005739,0,"","INOVAI-NB-8","CPU info","GCC 13.3.0","2025-10-06 15:41:41"
90000,simultaneo,sorted,4,46,0.000022205,0,"","INOVAI-NB-8","CPU info","GCC 13.3.0","2025-10-06 15:41:41"
100000,não simultaneo,sorted,0,42,0.000006400,0,"","INOVAI-NB-8","CPU info","GCC 13.3.0","2025-10-06 15:41:41"
100000,simultaneo,sorted,0,42,0.000020892,0,"","INOVAI-NB-8","CPU info","GCC 13.3.0","2025-10-06 15:41:41"
100000,não simultaneo,sorted,1,43,0.000006383,0,"","INOVAI-NB-8","CPU info","GCC 13.3.0","2025-10-06 15:41:41"
100000,simultaneo,sorted,1,43,0.000020873,0,"","INOVAI-NB-8","CPU info","GCC 13.3.0","2025-10-06 15:41:41"
100000,não simultaneo,sorted,2,44,0.000006353,0,"","INOVAI-NB-8","CPU info","GCC 13.3.0","2025-10-06 15:41:41"
100000,simultaneo,sorted,2,44,0.000021663,0,"","INOVAI-NB-8","CPU info","GCC 13.3.0","2025-10-06 15:41:41"
100000,não simultaneo,sorted,3,45,0.000006211,0,"","INOVAI-NB-8","CPU info","GCC 13.3.0","2025-10-06 15:41:41"
100000,simultaneo,sorted,3,45,0.000020446,0,"","INOVAI-NB-8","CPU info","GCC 13.3.0","2025-10-06 15:41:41"
100000,não simultaneo,sorted,4,46,0.000006243,0,"","INOVAI-NB-8","CPU info","GCC 13.3.0","2025-10-06 15:41:41"
100000,simultaneo,sorted,4,46,0.000020420,0,"","INOVAI-NB-8","CPU info","GCC 13.3.0","2025-10-06 15:41:41"
200000,não simultaneo,sorted,0,42,0.000012317,0,"","INOVAI-NB-8","CPU info","GCC 13.3.0","2025-10-06 15:41:41"
200000,simultaneo,sorted,0,42,0.000040822,0,"","INOVAI-NB-8","CPU info","GCC 13.3.0","2025-10-06 15:41:41"
200000,não simultaneo,sorted,1,43,0.000012210,0,"","INOVAI-NB-8","CPU info","GCC 13.3.0","2025-10-06 15:41:41"
200000,simultaneo,sorted,1,43,0.000041160,0,"","INOVAI-NB-8","CPU info","GCC 13.3.0","2025-10-06 15:41:41"
200000,não simultaneo,sorted,2,44,0.000012908,0,"","INOVAI-NB-8","CPU info","GCC 13.3.0","2025-10-06 15:41:41"
200000,simultaneo,sorted,2,44,0.000040634,0,"","INOVAI-NB-8","CPU info","GCC 13.3.0","2025-10-06 15:41:41"
200000,não simultaneo,sorted,3,45,0.000012699,0,"","INOVAI-NB-8","CPU info","GCC 13.3.0","2025-10-06 15:41:41"
200000,simultaneo,sorted,3,45,0.000040519,0,"","INOVAI-NB-8","CPU info","GCC 13.3.0","2025-10-06 15:41:41"
200000,não simultaneo,sorted,4,46,0.000011937,0,"","INOVAI-NB-8","CPU info","GCC 13.3.0","2025-10-06 15:41:41"
200000,simultaneo,sorted,4,46,0.000039948,0,"","INOVAI-NB-8","CPU info","GCC 13.3.0","2025-10-06 15:41:41"
300000,não simultaneo,sorted,0,42,0.000024508,0,"","INOVAI-NB-8","CPU info","GCC 13.3.0","2025-10-06 15:41:41"
300000,simultaneo,sorted,0,42,0.000061316,0,"","INOVAI-NB-8","CPU info","GCC 13.3.0","2025-10-06 15:41:41"
300000,não simultaneo,sorted,1,43,0.000026687,0,"","INOVAI-NB-8","CPU info","GCC 13.3.0","2025-10-06 15:41:41"
300000,simultaneo,sorted,1,43,0.000059819,0,"","INOVAI-NB-8","CPU info","GCC 13.3.0","2025-10-06 15:41:41"
300000,não simultaneo,sorted,2,44,0.000026665,0,"","INOVAI-NB-8","CPU info","GCC 13.3.0","2025-10-06 15:41:41"
300000,simultaneo,sorted,2,44,0.000059800,0,"","INOVAI-NB-8","CPU info","GCC 13.3.0","2025-10-06 15:41:41"
300000,não simultaneo,sorted,3,45,0.000018095,0,"","INOVAI-NB-8","CPU info","GCC 13.3.0","2025-10-06 15:41:41"
300000,simultaneo,sorted,3,45,0.000058718,0,"","INOVAI-NB-8","CPU info","GCC 13.3.0","2025-10-06 15:41:41"
300000,não simultaneo,sorted,4,46,0.000018040,0,"","INOVAI-NB-8","CPU info","GCC 13.3.0","2025-10-06 15:41:41"
300000,simultaneo,sorted,4,46,0.000058701,0,"","INOVAI-NB-8","CPU info","GCC 13.3.0","2025-10-06 15:41:41"
400000,não simultaneo,sorted,0,42,0.000026761,0,"","INOVAI-NB-8","CPU info","GCC 13.3.0","2025-10-06 15:41:41"
400000,simultaneo,sorted,0,42,0.000078266,0,"","INOVAI-NB-8","CPU info","GCC 13.3.0","2025-10-06 15:41:41"
400000,não simultaneo,sorted,1,43,0.000026160,0,"","INOVAI-NB-8","CPU info","GCC 13.3.0","2025-10-06 15:41:41"
400000,simultaneo,sorted,1,43,0.000078276,0,"","INOVAI-NB-8","CPU info","GCC 13.3.0","2025-10-06 15:41:41"
400000,não simultaneo,sorted,2,44,0.000026125,0,"","INOVAI-NB-8","CPU info","GCC 13.3.0","2025-10-06 15:41:41"
400000,simultaneo,sorted,2,44,0.000082360,0,"","INOVAI-NB-8","CPU info","GCC 13.3.0","2025-10-06 15:41:41"
400000,não simultaneo,sorted,3,45,0.000026191,0,"","INOVAI-NB-8","CPU info","GCC 13.3.0","2025-10-06 15:41:41"
400000,simultaneo,sorted,3,45,0.000078273,0,"","INOVAI-NB-8","CPU info","GCC 13.3.0","2025-10-06 15:41:41"
400000,não simultaneo,sorted,4,46,0.000026084,0,"","INOVAI-NB-8","CPU info","GCC 13.3.0","2025-10-06 15:41:41"
400000,simultaneo,sorted,4,46,0.000078274,0,"","INOVAI-NB-8","CPU info","GCC 13.3.0","2025-10-06 15:41:41"
500000,não simultaneo,sorted,0,42,0.000040241,0,"","INOVAI-NB-8","CPU info","GCC 13.3.0","2025-10-06 15:41:41"
500000,simultaneo,sorted,0,42,0.000102159,0,"","INOVAI-NB-8","CPU info","GCC 13.3.0","2025-10-06 15:41:41"
500000,não simultaneo,sorted,1,43,0.000038900,0,"","INOVAI-NB-8","CPU info","GCC 13.3.0","2025-10-06 15:41:41"
500000,simultaneo,sorted,1,43,0.000101994,0,"","INOVAI-NB-8","CPU info","GCC 13.3.0","2025-10-06 15:41:41"
500000,não simultaneo,sorted,2,44,0.000038778,0,"","INOVAI-NB-8","CPU info","GCC 13.3.0","2025-10-06 15:41:41"
500000,simultaneo,sorted,2,44,0.000101973,0,"","INOVAI-NB-8","CPU info","GCC 13.3.0","2025-10-06 15:41:41"
500000,não simultaneo,sorted,3,45,0.000038883,0,"","INOVAI-NB-8","CPU info","GCC 13.3.0","2025-10-06 15:41:41"
500000,simultaneo,sorted,3,45,0.000101965,0,"","INOVAI-NB-8","CPU info","GCC 13.3.0","2025-10-06 15:41:41"
500000,não simultaneo,sorted,4,46,0.000039772,0,"","INOVAI-NB-8","CPU info","GCC 13.3.0","2025-10-06 15:41:41"
500000,simultaneo,sorted,4,46,0.000104213,0,"","INOVAI-NB-8","CPU info","GCC 13.3.0","2025-10-06 15:41:41"
600000,não simultaneo,sorted,0,42,0.000061368,0,"","INOVAI-NB-8","CPU info","GCC 13.3.0","2025-10-06 15:41:41"
600000,simultaneo,sorted,0,42,0.000122433,0,"","INOVAI-NB-8","CPU info","GCC 13.3.0","2025-10-06 15:41:41"
600000,não simultaneo,sorted,1,43,0.000055632,0,"","INOVAI-NB-8","CPU info","GCC 13.3.0","2025-10-06 15:41:41"
600000,simultaneo,sorted,1,43,0.000125100,0,"","INOVAI-NB-8","CPU info","GCC 13.3.0","2025-10-06 15:41:41"
600000,não simultaneo,sorted,2,44,0.000055190,0,"","INOVAI-NB-8","CPU info","GCC 13.3.0","2025-10-06 15:41:41"
600000,simultaneo,sorted,2,44,0.000125055,0,"","INOVAI-NB-8","CPU info","GCC 13.3.0","2025-10-06 15:41:41"
600000,não simultaneo,sorted,3,45,0.000054842,0,"","INOVAI-NB-8","CPU info","GCC 13.3.0","2025-10-06 15:41:41"
600000,simultaneo,sorted,3,45,0.000125157,0,"","INOVAI-NB-8","CPU info","GCC 13.3.0","2025-10-06 15:41:41"
600000,não simultaneo,sorted,4,46,0.000055139,0,"","INOVAI-NB-8","CPU info","GCC 13.3.0","2025-10-06 15:41:41"
600000,simultaneo,sorted,4,46,0.000125042,0,"","INOVAI-NB-8","CPU info","GCC 13.3.0","2025-10-06 15:41:41"
700000,não simultaneo,sorted,0,42,0.000072972,0,"","INOVAI-NB-8","CPU info","GCC 13.3.0","2025-10-06 15:41:41"
700000,simultaneo,sorted,0,42,0.000142807,0,"","INOVAI-NB-8","CPU info","GCC 13.3.0","2025-10-06 15:41:41"
700000,não simultaneo,sorted,1,43,0.000070728,0,"","INOVAI-NB-8","CPU info","GCC 13.3.0","2025-10-06 15:41:41"
700000,simultaneo,sorted,1,43,0.000145902,0,"","INOVAI-NB-8","CPU info","GCC 13.3.0","2025-10-06 15:41:41"
700000,não simultaneo,sorted,2,44,0.000092902,0,"","INOVAI-NB-8","CPU info","GCC 13.3.0","2025-10-06 15:41:41"
700000,simultaneo,sorted,2,44,0.000145994,0,"","INOVAI-NB-8","CPU info","GCC 13.3.0","2025-10-06 15:41:41"
700000,não simultaneo,sorted,3,45,0.000078515,0,"","INOVAI-NB-8","CPU info","GCC 13.3.0","2025-10-06 15:41:41"
700000,simultaneo,sorted,3,45,0.000145897,0,"","INOVAI-NB-8","CPU info","GCC 13.3.0","2025-10-06 15:41:41"
700000,não simultaneo,sorted,4,46,0.000084002,0,"","INOVAI-NB-8","CPU info","GCC 13.3.0","2025-10-06 15:41:41"
700000,simultaneo,sorted,4,46,0.000153833,0,"","INOVAI-NB-8","CPU info","GCC 13.3.0","2025-10-06 15:41:41"
800000,não simultaneo,sorted,0,42,0.000086144,0,"","INOVAI-NB-8","CPU info","GCC 13.3.0","2025-10-06 15:41:41"
800000,simultaneo,sorted,0,42,0.000166749,0,"","INOVAI-NB-8","CPU info","GCC 13.3.0","2025-10-06 15:41:41"
800000,não simultaneo,sorted,1,43,0.000087524,0,"","INOVAI-NB-8","CPU info","GCC 13.3.0","2025-10-06 15:41:41"
800000,simultaneo,sorted,1,43,0.000166208,0,"","INOVAI-NB-8","CPU info","GCC 13.3.0","2025-10-06 15:41:41"
800000,não simultaneo,sorted,2,44,0.000091055,0,"","INOVAI-NB-8","CPU info","GCC 13.3.0","2025-10-06 15:41:41"
800000,simultaneo,sorted,2,44,0.000166721,0,"","INOVAI-NB-8","CPU info","GCC 13.3.0","2025-10-06 15:41:41"
800000,não simultaneo,sorted,3,45,0.000088631,0,"","INOVAI-NB-8","CPU info","GCC 13.3.0","2025-10-06 15:41:41"
800000,simultaneo,sorted,3,45,0.000172651,0,"","INOVAI-NB-8","CPU info","GCC 13.3.0","2025-10-06 15:41:41"
800000,não simultaneo,sorted,4,46,0.000094425,0,"","INOVAI-NB-8","CPU info","GCC 13.3.0","2025-10-06 15:41:41"
800000,simultaneo,sorted,4,46,0.000166606,0,"","INOVAI-NB-8","CPU info","GCC 13.3.0","2025-10-06 15:41:41"
900000,não simultaneo,sorted,0,42,0.000099643,0,"","INOVAI-NB-8","CPU info","GCC 13.3.0","2025-10-06 15:41:41"
900000,simultaneo,sorted,0,42,0.000183600,0,"","INOVAI-NB-8","CPU info","GCC 13.3.0","2025-10-06 15:41:41"
900000,não simultaneo,sorted,1,43,0.000096660,0,"","INOVAI-NB-8","CPU info","GCC 13.3.0","2025-10-06 15:41:41"
900000,simultaneo,sorted,1,43,0.000183602,0,"","INOVAI-NB-8","CPU info","GCC 13.3.0","2025-10-06 15:41:41"
900000,não simultaneo,sorted,2,44,0.000098632,0,"","INOVAI-NB-8","CPU info","GCC 13.3.0","2025-10-06 15:41:41"
900000,simultaneo,sorted,2,44,0.000193701,0,"","INOVAI-NB-8","CPU info","GCC 13.3.0","2025-10-06 15:41:41"
900000,não simultaneo,sorted,3,45,0.000096842,0,"","INOVAI-NB-8","CPU info","GCC 13.3.0","2025-10-06 15:41:41"
900000,simultaneo,sorted,3,45,0.000183599,0,"","INOVAI-NB-8","CPU info","GCC 13.3.0","2025-10-06 15:41:41"
900000,não simultaneo,sorted,4,46,0.000130675,0,"","INOVAI-NB-8","CPU info","GCC 13.3.0","2025-10-06 15:41:41"
900000,simultaneo,sorted,4,46,0.000187065,0,"","INOVAI-NB-8","CPU info","GCC 13.3.0","2025-10-06 15:41:41"
1000000,não simultaneo,sorted,0,42,0.000108189,0,"","INOVAI-NB-8","CPU info","GCC 13.3.0","2025-10-06 15:41:41"
1000000,simultaneo,sorted,0,42,0.000204009,0,"","INOVAI-NB-8","CPU info","GCC 13.3.0","2025-10-06 15:41:41"
1000000,não simultaneo,sorted,1,43,0.000112613,0,"","INOVAI-NB-8","CPU info","GCC 13.3.0","2025-10-06 15:41:41"
1000000,simultaneo,sorted,1,43,0.000204757,0,"","INOVAI-NB-8","CPU info","GCC 13.3.0","2025-10-06 15:41:41"
1000000,não simultaneo,sorted,2,44,0.000539796,0,"","INOVAI-NB-8","CPU info","GCC 13.3.0","2025-10-06 15:41:41"
1000000,simultaneo,sorted,2,44,0.000208445,0,"","INOVAI-NB-8","CPU info","GCC 13.3.0","2025-10-06 15:41:41"
1000000,não simultaneo,sorted,3,45,0.000110072,0,"","INOVAI-NB-8","CPU info","GCC 13.3.0","2025-10-06 15:41:41"
1000000,simultaneo,sorted,3,45,0.000208425,0,"","INOVAI-NB-8","CPU info","GCC 13.3.0","2025-10-06 15:41:41"
1000000,não simultaneo,sorted,4,46,0.000111695,0,"","INOVAI-NB-8","CPU info","GCC 13.3.0","2025-10-06 15:41:41"
1000000,simultaneo,sorted,4,46,0.000210670,0,"","INOVAI-NB-8","CPU info","GCC 13.3.0","2025-10-06 15:41:41"
2000000,não simultaneo,sorted,0,42,0.000241579,0,"","INOVAI-NB-8","CPU info","GCC 13.3.0","2025-10-06 15:41:41"
2000000,simultaneo,sorted,0,42,0.000409318,0,"","INOVAI-NB-8","CPU info","GCC 13.3.0","2025-10-06 15:41:41"
2000000,não simultaneo,sorted,1,43,0.000223320,0,"","INOVAI-NB-8","CPU info","GCC 13.3.0","2025-10-06 15:41:41"
2000000,simultaneo,sorted,1,43,0.000413873,0,"","INOVAI-NB-8","CPU info","GCC 13.3.0","2025-10-06 15:41:41"
2000000,não simultaneo,sorted,2,44,0.000236023,0,"","INOVAI-NB-8","CPU info","GCC 13.3.0","2025-10-06 15:41:41"
2000000,simultaneo,sorted,2,44,0.000431538,0,"","INOVAI-NB-8","CPU info","GCC 13.3.0","2025-10-06 15:41:41"
2000000,não simultaneo,sorted,3,45,0.000219912,0,"","INOVAI-NB-8","CPU info","GCC 13.3.0","2025-10-06 15:41:41"
2000000,simultaneo,sorted,3,45,0.000404249,0,"","INOVAI-NB-8","CPU info","GCC 13.3.0","2025-10-06 15:41:41"
2000000,não simultaneo,sorted,4,46,0.000223384,0,"","INOVAI-NB-8","CPU info","GCC 13.3.0","2025-10-06 15:41:41"
2000000,simultaneo,sorted,4,46,0.000425048,0,"","INOVAI-NB-8","CPU info","GCC 13.3.0","2025-10-06 15:41:41"
3000000,não simultaneo,sorted,0,42,0.000355302,0,"","INOVAI-NB-8","CPU info","GCC 13.3.0","2025-10-06 15:41:41"
3000000,simultaneo,sorted,0,42,0.000674560,0,"","INOVAI-NB-8","CPU info","GCC 13.3.0","2025-10-06 15:41:41"
3000000,não simultaneo,sorted,1,43,0.000387454,0,"","INOVAI-NB-8","CPU info","GCC 13.3.0","2025-10-06 15:41:41"
3000000,simultaneo,sorted,1,43,0.000661170,0,"","INOVAI-NB-8","CPU info","GCC 13.3.0","2025-10-06 15:41:41"
3000000,não simultaneo,sorted,2,44,0.000369512,0,"","INOVAI-NB-8","CPU info","GCC 13.3.0","2025-10-06 15:41:41"
3000000,simultaneo,sorted,2,44,0.000650040,0,"","INOVAI-NB-8","CPU info","GCC 13.3.0","2025-10-06 15:41:41"
3000000,não simultaneo,sorted,3,45,0.000376301,0,"","INOVAI-NB-8","CPU info","GCC 13.3.0","2025-10-06 15:41:41"
3000000,simultaneo,sorted,3,45,0.000646918,0,"","INOVAI-NB-8","CPU info","GCC 13.3.0","2025-10-06 15:41:41"
3000000,não simultaneo,sorted,4,46,0.000378840,0,"","INOVAI-NB-8","CPU info","GCC 13.3.0","2025-10-06 15:41:41"
3000000,simultaneo,sorted,4,46,0.000647974,0,"","INOVAI-NB-8","CPU info","GCC 13.3.0","2025-10-06 15:41:41"
4000000,não simultaneo,sorted,0,42,0.000606838,0,"","INOVAI-NB-8","CPU info","GCC 13.3.0","2025-10-06 15:41:41"
4000000,simultaneo,sorted,0,42,0.000916214,0,"","INOVAI-NB-8","CPU info","GCC 13.3.0","2025-10-06 15:41:41"
4000000,não simultaneo,sorted,1,43,0.000566091,0,"","INOVAI-NB-8","CPU info","GCC 13.3.0","2025-10-06 15:41:41"
4000000,simultaneo,sorted,1,43,0.000899720,0,"","INOVAI-NB-8","CPU info","GCC 13.3.0","2025-10-06 15:41:41"
4000000,não simultaneo,sorted,2,44,0.000627453,0,"","INOVAI-NB-8","CPU info","GCC 13.3.0","2025-10-06 15:41:41"
4000000,simultaneo,sorted,2,44,0.000977012,0,"","INOVAI-NB-8","CPU info","GCC 13.3.0","2025-10-06 15:41:41"
4000000,não simultaneo,sorted,3,45,0.000670731,0,"","INOVAI-NB-8","CPU info","GCC 13.3.0","2025-10-06 15:41:41"
4000000,simultaneo,sorted,3,45,0.001018913,0,"","INOVAI-NB-8","CPU info","GCC 13.3.0","2025-10-06 15:41:41"
4000000,não simultaneo,sorted,4,46,0.000647285,0,"","INOVAI-NB-8","CPU info","GCC 13.3.0","2025-10-06 15:41:41"
4000000,simultaneo,sorted,4,46,0.000930222,0,"","INOVAI-NB-8","CPU info","GCC 13.3.0","2025-10-06 15:41:41"
5000000,não simultaneo,sorted,0,42,0.000932187,0,"","INOVAI-NB-8","CPU info","GCC 13.3.0","2025-10-06 15:41:41"
5000000,simultaneo,sorted,0,42,0.001233084,0,"","INOVAI-NB-8","CPU info","GCC 13.3.0","2025-10-06 15:41:41"
5000000,não simultaneo,sorted,1,43,0.000887480,0,"","INOVAI-NB-8","CPU info","GCC 13.3.0","2025-10-06 15:41:41"
5000000,simultaneo,sorted,1,43,0.001223224,0,"","INOVAI-NB-8","CPU info","GCC 13.3.0","2025-10-06 15:41:41"
5000000,não simultaneo,sorted,2,44,0.001001230,0,"","INOVAI-NB-8","CPU info","GCC 13.3.0","2025-10-06 15:41:41"
5000000,simultaneo,sorted,2,44,0.001266304,0,"","INOVAI-NB-8","CPU info","GCC 13.3.0","2025-10-06 15:41:41"
5000000,não simultaneo,sorted,3,45,0.000820934,0,"","INOVAI-NB-8","CPU info","GCC 13.3.0","2025-10-06 15:41:41"
5000000,simultaneo,sorted,3,45,0.001207900,0,"","INOVAI-NB-8","CPU info","GCC 13.3.0","2025-10-06 15:41:41"
5000000,não simultaneo,sorted,4,46,0.000897211,0,"","INOVAI-NB-8","CPU info","GCC 13.3.0","2025-10-06 15:41:41"
5000000,simultaneo,sorted,4,46,0.001288629,0,"","INOVAI-NB-8","CPU info","GCC 13.3.0","2025-10-06 15:41:41"
6000000,não simultaneo,sorted,0,42,0.001421617,0,"","INOVAI-NB-8","CPU info","GCC 13.3.0","2025-10-06 15:41:41"
6000000,simultaneo,sorted,0,42,0.001669179,0,"","INOVAI-NB-8","CPU info","GCC 13.3.0","2025-10-06 15:41:41"
6000000,não simultaneo,sorted,1,43,0.001340952,0,"","INOVAI-NB-8","CPU info","GCC 13.3.0","2025-10-06 15:41:41"
6000000,simultaneo,sorted,1,43,0.001653128,0,"","INOVAI-NB-8","CPU info","GCC 13.3.0","2025-10-06 15:41:41"
6000000,não simultaneo,sorted,2,44,0.001308535,0,"","INOVAI-NB-8","CPU info","GCC 13.3.0","2025-10-06 15:41:41"
6000000,simultaneo,sorted,2,44,0.001629978,0,"","INOVAI-NB-8","CPU info","GCC 13.3.0","2025-10-06 15:41:41"
6000000,não simultaneo,sorted,3,45,0.001438356,0,"","INOVAI-NB-8","CPU info","GCC 13.3.0","2025-10-06 15:41:41"
6000000,simultaneo,sorted,3,45,0.001630854,0,"","INOVAI-NB-8","CPU info","GCC 13.3.0","2025-10-06 15:41:41"
6000000,não simultaneo,sorted,4,46,0.001326700,0,"","INOVAI-NB-8","CPU info","GCC 13.3.0","2025-10-06 15:41:41"
6000000,simultaneo,sorted,4,46,0.001611860,0,"","INOVAI-NB-8","CPU info","GCC 13.3.0","2025-10-06 15:41:41"
7000000,não simultaneo,sorted,0,42,0.001810909,0,"","INOVAI-NB-8","CPU info","GCC 13.3.0","2025-10-06 15:41:41"
7000000,simultaneo,sorted,0,42,0.002152465,0,"","INOVAI-NB-8","CPU info","GCC 13.3.0","2025-10-06 15:41:41"
7000000,não simultaneo,sorted,1,43,0.001712497,0,"","INOVAI-NB-8","CPU info","GCC 13.3.0","2025-10-06 15:41:41"
7000000,simultaneo,sorted,1,43,0.002013352,0,"","INOVAI-NB-8","CPU info","GCC 13.3.0","2025-10-06 15:41:41"
7000000,não simultaneo,sorted,2,44,0.001664606,0,"","INOVAI-NB-8","CPU info","GCC 13.3.0","2025-10-06 15:41:41"
7000000,simultaneo,sorted,2,44,0.002062660,0,"","INOVAI-NB-8","CPU info","GCC 13.3.0","2025-10-06 15:41:41"
7000000,não simultaneo,sorted,3,45,0.002341907,0,"","INOVAI-NB-8","CPU info","GCC 13.3.0","2025-10-06 15:41:41"
7000000,simultaneo,sorted,3,45,0.002621207,0,"","INOVAI-NB-8","CPU info","GCC 13.3.0","2025-10-06 15:41:41"
7000000,não simultaneo,sorted,4,46,0.001875228,0,"","INOVAI-NB-8","CPU info","GCC 13.3.0","2025-10-06 15:41:41"
7000000,simultaneo,sorted,4,46,0.002313977,0,"","INOVAI-NB-8","CPU info","GCC 13.3.0","2025-10-06 15:41:41"
8000000,não simultaneo,sorted,0,42,0.002357214,0,"","INOVAI-NB-8","CPU info","GCC 13.3.0","2025-10-06 15:41:41"
8000000,simultaneo,sorted,0,42,0.002895027,0,"","INOVAI-NB-8","CPU info","GCC 13.3.0","2025-10-06 15:41:41"
8000000,não simultaneo,sorted,1,43,0.002304528,0,"","INOVAI-NB-8","CPU info","GCC 13.3.0","2025-10-06 15:41:41"
8000000,simultaneo,sorted,1,43,0.003759578,0,"","INOVAI-NB-8","CPU info","GCC 13.3.0","2025-10-06 15:41:41"
8000000,não simultaneo,sorted,2,44,0.002405630,0,"","INOVAI-NB-8","CPU info","GCC 13.3.0","2025-10-06 15:41:41"
8000000,simultaneo,sorted,2,44,0.002607211,0,"","INOVAI-NB-8","CPU info","GCC 13.3.0","2025-10-06 15:41:41"
8000000,não simultaneo,sorted,3,45,0.002288968,0,"","INOVAI-NB-8","CPU info","GCC 13.3.0","2025-10-06 15:41:41"
8000000,simultaneo,sorted,3,45,0.002484834,0,"","INOVAI-NB-8","CPU info","GCC 13.3.0","2025-10-06 15:41:41"
8000000,não simultaneo,sorted,4,46,0.002271289,0,"","INOVAI-NB-8","CPU info","GCC 13.3.0","2025-10-06 15:41:41"
8000000,simultaneo,sorted,4,46,0.002464210,0,"","INOVAI-NB-8","CPU info","GCC 13.3.0","2025-10-06 15:41:41"
9000000,não simultaneo,sorted,0,42,0.002837278,0,"","INOVAI-NB-8","CPU info","GCC 13.3.0","2025-10-06 15:41:41"
9000000,simultaneo,sorted,0,42,0.003491078,0,"","INOVAI-NB-8","CPU info","GCC 13.3.0","2025-10-06 15:41:41"
9000000,não simultaneo,sorted,1,43,0.002578409,0,"","INOVAI-NB-8","CPU info","GCC 13.3.0","2025-10-06 15:41:41"
9000000,simultaneo,sorted,1,43,0.002807085,0,"","INOVAI-NB-8","CPU info","GCC 13.3.0","2025-10-06 15:41:41"
9000000,não simultaneo,sorted,2,44,0.002538955,0,"","INOVAI-NB-8","CPU info","GCC 13.3.0","2025-10-06 15:41:41"
9000000,simultaneo,sorted,2,44,0.002766812,0,"","INOVAI-NB-8","CPU info","GCC 13.3.0","2025-10-06 15:41:41"
9000000,não simultaneo,sorted,3,45,0.002579612,0,"","INOVAI-NB-8","CPU info","GCC 13.3.0","2025-10-06 15:41:41"
9000000,simultaneo,sorted,3,45,0.002809538,0,"","INOVAI-NB-8","CPU info","GCC 13.3.0","2025-10-06 15:41:41"
9000000,não simultaneo,sorted,4,46,0.002863751,0,"","INOVAI-NB-8","CPU info","GCC 13.3.0","2025-10-06 15:41:41"
9000000,simultaneo,sorted,4,46,0.002865756,0,"","INOVAI-NB-8","CPU info","GCC 13.3.0","2025-10-06 15:41:41"
10000000,não simultaneo,sorted,0,42,0.002875647,0,"","INOVAI-NB-8","CPU info","GCC 13.3.0","2025-10-06 15:41:41"
10000000,simultaneo,sorted,0,42,0.003159680,0,"","INOVAI-NB-8","CPU info","GCC 13.3.0","2025-10-06 15:41:41"
10000000,não simultaneo,sorted,1,43,0.002872753,0,"","INOVAI-NB-8","CPU info","GCC 13.3.0","2025-10-06 15:41:41"
10000000,simultaneo,sorted,1,43,0.003106949,0,"","INOVAI-NB-8","CPU info","GCC 13.3.0","2025-10-06 15:41:41"
10000000,não simultaneo,sorted,2,44,0.002907041,0,"","INOVAI-NB-8","CPU info","GCC 13.3.0","2025-10-06 15:41:41"
10000000,simultaneo,sorted,2,44,0.003168336,0,"","INOVAI-NB-8","CPU info","GCC 13.3.0","2025-10-06 15:41:41"
10000000,não simultaneo,sorted,3,45,0.002919993,0,"","INOVAI-NB-8","CPU info","GCC 13.3.0","2025-10-06 15:41:41"
10000000,simultaneo,sorted,3,45,0.003143969,0,"","INOVAI-NB-8","CPU info","GCC 13.3.0","2025-10-06 15:41:41"
10000000,não simultaneo,sorted,4,46,0.002985169,0,"","INOVAI-NB-8","CPU info","GCC 13.3.0","2025-10-06 15:41:41"
10000000,simultaneo,sorted,4,46,0.003244179,0,"","INOVAI-NB-8","CPU info","GCC 13.3.0","2025-10-06 15:41:41"
11000000,não simultaneo,sorted,0,42,0.003171970,0,"","INOVAI-NB-8","CPU info","GCC 13.3.0","2025-10-06 15:41:41"
11000000,simultaneo,sorted,0,42,0.003370955,0,"","INOVAI-NB-8","CPU info","GCC 13.3.0","2025-10-06 15:41:41"
11000000,não simultaneo,sorted,1,43,0.003197273,0,"","INOVAI-NB-8","CPU info","GCC 13.3.0","2025-10-06 15:41:41"
11000000,simultaneo,sorted,1,43,0.003592388,0,"","INOVAI-NB-8","CPU info","GCC 13.3.0","2025-10-06 15:41:41"
11000000,não simultaneo,sorted,2,44,0.003281793,0,"","INOVAI-NB-8","CPU info","GCC 13.3.0","2025-10-06 15:41:41"
11000000,simultaneo,sorted,2,44,0.003535308,0,"","INOVAI-NB-8","CPU info","GCC 13.3.0","2025-10-06 15:41:41"
11000000,não simultaneo,sorted,3,45,0.003314126,0,"","INOVAI-NB-8","CPU info","GCC 13.3.0","2025-10-06 15:41:41"
11000000,simultaneo,sorted,3,45,0.003605846,0,"","INOVAI-NB-8","CPU info","GCC 13.3.0","2025-10-06 15:41:41"
11000000,não simultaneo,sorted,4,46,0.003280297,0,"","INOVAI-NB-8","CPU info","GCC 13.3.0","2025-10-06 15:41:41"
11000000,simultaneo,sorted,4,46,0.003513552,0,"","INOVAI-NB-8","CPU info","GCC 13.3.0","2025-10-06 15:41:41"
12000000,não simultaneo,sorted,0,42,0.003509739,0,"","INOVAI-NB-8","CPU info","GCC 13.3.0","2025-10-06 15:41:41"
12000000,simultaneo,sorted,0,42,0.003807969,0,"","INOVAI-NB-8","CPU info","GCC 13.3.0","2025-10-06 15:41:41"
12000000,não simultaneo,sorted,1,43,0.003505469,0,"","INOVAI-NB-8","CPU info","GCC 13.3.0","2025-10-06 15:41:41"
12000000,simultaneo,sorted,1,43,0.003775087,0,"","INOVAI-NB-8","CPU info","GCC 13.3.0","2025-10-06 15:41:41"
12000000,não simultaneo,sorted,2,44,0.003536009,0,"","INOVAI-NB-8","CPU info","GCC 13.3.0","2025-10-06 15:41:41"
12000000,simultaneo,sorted,2,44,0.003806607,0,"","INOVAI-NB-8","CPU info","GCC 13.3.0","2025-10-06 15:41:41"
12000000,não simultaneo,sorted,3,45,0.003511905,0,"","INOVAI-NB-8","CPU info","GCC 13.3.0","2025-10-06 15:41:41"
12000000,simultaneo,sorted,3,45,0.003922087,0,"","INOVAI-NB-8","CPU info","GCC 13.3.0","2025-10-06 15:41:41"
12000000,não simultaneo,sorted,4,46,0.003574644,0,"","INOVAI-NB-8","CPU info","GCC 13.3.0","2025-10-06 15:41:41"
12000000,simultaneo,sorted,4,46,0.003845993,0,"","INOVAI-NB-8","CPU info","GCC 13.3.0","2025-10-06 15:41:41"
13000000,não simultaneo,sorted,0,42,0.003793380,0,"","INOVAI-NB-8","CPU info","GCC 13.3.0","2025-10-06 15:41:41"
13000000,simultaneo,sorted,0,42,0.004164352,0,"","INOVAI-NB-8","CPU info","GCC 13.3.0","2025-10-06 15:41:41"
13000000,não simultaneo,sorted,1,43,0.003846416,0,"","INOVAI-NB-8","CPU info","GCC 13.3.0","2025-10-06 15:41:41"
13000000,simultaneo,sorted,1,43,0.004255552,0,"","INOVAI-NB-8","CPU info","GCC 13.3.0","2025-10-06 15:41:41"
13000000,não simultaneo,sorted,2,44,0.004589963,0,"","INOVAI-NB-8","CPU info","GCC 13.3.0","2025-10-06 15:41:41"
13000000,simultaneo,sorted,2,44,0.004177680,0,"","INOVAI-NB-8","CPU info","GCC 13.3.0","2025-10-06 15:41:41"
13000000,não simultaneo,sorted,3,45,0.003839086,0,"","INOVAI-NB-8","CPU info","GCC 13.3.0","2025-10-06 15:41:41"
13000000,simultaneo,sorted,3,45,0.004131834,0,"","INOVAI-NB-8","CPU info","GCC 13.3.0","2025-10-06 15:41:41"
13000000,não simultaneo,sorted,4,46,0.003890914,0,"","INOVAI-NB-8","CPU info","GCC 13.3.0","2025-10-06 15:41:41"
13000000,simultaneo,sorted,4,46,0.004125926,0,"","INOVAI-NB-8","CPU info","GCC 13.3.0","2025-10-06 15:41:41"
14000000,não simultaneo,sorted,0,42,0.004329044,0,"","INOVAI-NB-8","CPU info","GCC 13.3.0","2025-10-06 15:41:41"
14000000,simultaneo,sorted,0,42,0.004538710,0,"","INOVAI-NB-8","CPU info","GCC 13.3.0","2025-10-06 15:41:41"
14000000,não simultaneo,sorted,1,43,0.004148581,0,"","INOVAI-NB-8","CPU info","GCC 13.3.0","2025-10-06 15:41:41"
14000000,simultaneo,sorted,1,43,0.004439142,0,"","INOVAI-NB-8","CPU info","GCC 13.3.0","2025-10-06 15:41:41"
14000000,não simultaneo,sorted,2,44,0.004108363,0,"","INOVAI-NB-8","CPU info","GCC 13.3.0","2025-10-06 15:41:41"
14000000,simultaneo,sorted,2,44,0.004421026,0,"","INOVAI-NB-8","CPU info","GCC 13.3.0","2025-10-06 15:41:41"
14000000,não simultaneo,sorted,3,45,0.004182170,0,"","INOVAI-NB-8","CPU info","GCC 13.3.0","2025-10-06 15:41:41"
14000000,simultaneo,sorted,3,45,0.004445659,0,"","INOVAI-NB-8","CPU info","GCC 13.3.0","2025-10-06 15:41:41"
14000000,não simultaneo,sorted,4,46,0.005870492,0,"","INOVAI-NB-8","CPU info","GCC 13.3.0","2025-10-06 15:41:41"
14000000,simultaneo,sorted,4,46,0.004595003,0,"","INOVAI-NB-8","CPU info","GCC 13.3.0","2025-10-06 15:41:41"
15000000,não simultaneo,sorted,0,42,0.004669482,0,"","INOVAI-NB-8","CPU info","GCC 13.3.0","2025-10-06 15:41:41"
15000000,simultaneo,sorted,0,42,0.004892645,0,"","INOVAI-NB-8","CPU info","GCC 13.3.0","2025-10-06 15:41:41"
15000000,não simultaneo,sorted,1,43,0.004496807,0,"","INOVAI-NB-8","CPU info","GCC 13.3.0","2025-10-06 15:41:41"
15000000,simultaneo,sorted,1,43,0.004781540,0,"","INOVAI-NB-8","CPU info","GCC 13.3.0","2025-10-06 15:41:41"
15000000,não simultaneo,sorted,2,44,0.004576231,0,"","INOVAI-NB-8","CPU info","GCC 13.3.0","2025-10-06 15:41:41"
15000000,simultaneo,sorted,2,44,0.004818469,0,"","INOVAI-NB-8","CPU info","GCC 13.3.0","2025-10-06 15:41:41"
15000000,não simultaneo,sorted,3,45,0.004445413,0,"","INOVAI-NB-8","CPU info","GCC 13.3.0","2025-10-06 15:41:41"
15000000,simultaneo,sorted,3,45,0.004906090,0,"","INOVAI-NB-8","CPU info","GCC 13.3.0","2025-10-06 15:41:41"
15000000,não simultaneo,sorted,4,46,0.004478883,0,"","INOVAI-NB-8","CPU info","GCC 13.3.0","2025-10-06 15:41:41"
15000000,simultaneo,sorted,4,46,0.004771715,0,"","INOVAI-NB-8","CPU info","GCC 13.3.0","2025-10-06 15:41:41"
16000000,não simultaneo,sorted,0,42,0.005477863,0,"","INOVAI-NB-8","CPU info","GCC 13.3.0","2025-10-06 15:41:41"
16000000,simultaneo,sorted,0,42,0.007161076,0,"","INOVAI-NB-8","CPU info","GCC 13.3.0","2025-10-06 15:41:41"
16000000,não simultaneo,sorted,1,43,0.004999343,0,"","INOVAI-NB-8","CPU info","GCC 13.3.0","2025-10-06 15:41:41"
16000000,simultaneo,sorted,1,43,0.005259732,0,"","INOVAI-NB-8","CPU info","GCC 13.3.0","2025-10-06 15:41:41"
16000000,não simultaneo,sorted,2,44,0.005018929,0,"","INOVAI-NB-8","CPU info","GCC 13.3.0","2025-10-06 15:41:41"
16000000,simultaneo,sorted,2,44,0.005120938,0,"","INOVAI-NB-8","CPU info","GCC 13.3.0","2025-10-06 15:41:41"
16000000,não simultaneo,sorted,3,45,0.004795012,0,"","INOVAI-NB-8","CPU info","GCC 13.3.0","2025-10-06 15:41:41"
16000000,simultaneo,sorted,3,45,0.005636862,0,"","INOVAI-NB-8","CPU info","GCC 13.3.0","2025-10-06 15:41:41"
16000000,não simultaneo,sorted,4,46,0.004739302,0,"","INOVAI-NB-8","CPU info","GCC 13.3.0","2025-10-06 15:41:41"
16000000,simultaneo,sorted,4,46,0.005169864,0,"","INOVAI-NB-8","CPU info","GCC 13.3.0","2025-10-06 15:41:41"
17000000,não simultaneo,sorted,0,42,0.005066663,0,"","INOVAI-NB-8","CPU info","GCC 13.3.0","2025-10-06 15:41:41"
17000000,simultaneo,sorted,0,42,0.005529154,0,"","INOVAI-NB-8","CPU info","GCC 13.3.0","2025-10-06 15:41:41"
17000000,não simultaneo,sorted,1,43,0.005067862,0,"","INOVAI-NB-8","CPU info","GCC 13.3.0","2025-10-06 15:41:41"
17000000,simultaneo,sorted,1,43,0.007399384,0,"","INOVAI-NB-8","CPU info","GCC 13.3.0","2025-10-06 15:41:41"
17000000,não simultaneo,sorted,2,44,0.005124808,0,"","INOVAI-NB-8","CPU info","GCC 13.3.0","2025-10-06 15:41:41"
17000000,simultaneo,sorted,2,44,0.005436223,0,"","INOVAI-NB-8","CPU info","GCC 13.3.0","2025-10-06 15:41:41"
17000000,não simultaneo,sorted,3,45,0.005168834,0,"","INOVAI-NB-8","CPU info","GCC 13.3.0","2025-10-06 15:41:41"
17000000,simultaneo,sorted,3,45,0.005377910,0,"","INOVAI-NB-8","CPU info","GCC 13.3.0","2025-10-06 15:41:41"
17000000,não simultaneo,sorted,4,46,0.005326335,0,"","INOVAI-NB-8","CPU info","GCC 13.3.0","2025-10-06 15:41:41"
17000000,simultaneo,sorted,4,46,0.005440144,0,"","INOVAI-NB-8","CPU info","GCC 13.3.0","2025-10-06 15:41:41"
18000000,não simultaneo,sorted,0,42,0.005747719,0,"","INOVAI-NB-8","CPU info","GCC 13.3.0","2025-10-06 15:41:41"
18000000,simultaneo,sorted,0,42,0.006020077,0,"","INOVAI-NB-8","CPU info","GCC 13.3.0","2025-10-06 15:41:41"
18000000,não simultaneo,sorted,1,43,0.005454554,0,"","INOVAI-NB-8","CPU info","GCC 13.3.0","2025-10-06 15:41:41"
18000000,simultaneo,sorted,1,43,0.005794592,0,"","INOVAI-NB-8","CPU info","GCC 13.3.0","2025-10-06 15:41:41"
18000000,não simultaneo,sorted,2,44,0.005535160,0,"","INOVAI-NB-8","CPU info","GCC 13.3.0","2025-10-06 15:41:41"
18000000,simultaneo,sorted,2,44,0.005803307,0,"","INOVAI-NB-8","CPU info","GCC 13.3.0","2025-10-06 15:41:41"
18000000,não simultaneo,sorted,3,45,0.005370295,0,"","INOVAI-NB-8","CPU info","GCC 13.3.0","2025-10-06 15:41:41"
18000000,simultaneo,sorted,3,45,0.005597555,0,"","INOVAI-NB-8","CPU info","GCC 13.3.0","2025-10-06 15:41:41"
18000000,não simultaneo,sorted,4,46,0.005462413,0,"","INOVAI-NB-8","CPU info","GCC 13.3.0","2025-10-06 15:41:41"
18000000,simultaneo,sorted,4,46,0.005851826,0,"","INOVAI-NB-8","CPU info","GCC 13.3.0","2025-10-06 15:41:41"
19000000,não simultaneo,sorted,0,42,0.006569929,0,"","INOVAI-NB-8","CPU info","GCC 13.3.0","2025-10-06 15:41:41"
19000000,simultaneo,sorted,0,42,0.006533733,0,"","INOVAI-NB-8","CPU info","GCC 13.3.0","2025-10-06 15:41:41"
19000000,não simultaneo,sorted,1,43,0.005747085,0,"","INOVAI-NB-8","CPU info","GCC 13.3.0","2025-10-06 15:41:41"
19000000,simultaneo,sorted,1,43,0.006083970,0,"","INOVAI-NB-8","CPU info","GCC 13.3.0","2025-10-06 15:41:41"
19000000,não simultaneo,sorted,2,44,0.005804395,0,"","INOVAI-NB-8","CPU info","GCC 13.3.0","2025-10-06 15:41:41"
19000000,simultaneo,sorted,2,44,0.006035162,0,"","INOVAI-NB-8","CPU info","GCC 13.3.0","2025-10-06 15:41:41"
19000000,não simultaneo,sorted,3,45,0.005693847,0,"","INOVAI-NB-8","CPU info","GCC 13.3.0","2025-10-06 15:41:41"
19000000,simultaneo,sorted,3,45,0.006062775,0,"","INOVAI-NB-8","CPU info","GCC 13.3.0","2025-10-06 15:41:41"
19000000,não simultaneo,sorted,4,46,0.005731661,0,"","INOVAI-NB-8","CPU info","GCC 13.3.0","2025-10-06 15:41:41"
19000000,simultaneo,sorted,4,46,0.006078504,0,"","INOVAI-NB-8","CPU info","GCC 13.3.0","2025-10-06 15:41:41"
20000000,não simultaneo,sorted,0,42,0.006714883,0,"","INOVAI-NB-8","CPU info","GCC 13.3.0","2025-10-06 15:41:41"
20000000,simultaneo,sorted,0,42,0.006777259,0,"","INOVAI-NB-8","CPU info","GCC 13.3.0","2025-10-06 15:41:41"
20000000,não simultaneo,sorted,1,43,0.006495493,0,"","INOVAI-NB-8","CPU info","GCC 13.3.0","2025-10-06 15:41:41"
20000000,simultaneo,sorted,1,43,0.006473639,0,"","INOVAI-NB-8","CPU info","GCC 13.3.0","2025-10-06 15:41:41"
20000000,não simultaneo,sorted,2,44,0.006324246,0,"","INOVAI-NB-8","CPU info","GCC 13.3.0","2025-10-06 15:41:41"
20000000,simultaneo,sorted,2,44,0.006415408,0,"","INOVAI-NB-8","CPU info","GCC 13.3.0","2025-10-06 15:41:41"
20000000,não simultaneo,sorted,3,45,0.006695085,0,"","INOVAI-NB-8","CPU info","GCC 13.3.0","2025-10-06 15:41:41"
20000000,simultaneo,sorted,3,45,0.006671168,0,"","INOVAI-NB-8","CPU info","GCC 13.3.0","2025-10-06 15:41:41"
20000000,não simultaneo,sorted,4,46,0.006992196,0,"","INOVAI-NB-8","CPU info","GCC 13.3.0","2025-10-06 15:41:41"
20000000,simultaneo,sorted,4,46,0.006508250,0,"","INOVAI-NB-8","CPU info","GCC 13.3.0","2025-10-06 15:41:41"
21000000,não simultaneo,sorted,0,42,0.006669456,0,"","INOVAI-NB-8","CPU info","GCC 13.3.0","2025-10-06 15:41:41"
21000000,simultaneo,sorted,0,42,0.007002753,0,"","INOVAI-NB-8","CPU info","GCC 13.3.0","2025-10-06 15:41:41"
21000000,não simultaneo,sorted,1,43,0.006433474,0,"","INOVAI-NB-8","CPU info","GCC 13.3.0","2025-10-06 15:41:41"
21000000,simultaneo,sorted,1,43,0.006806636,0,"","INOVAI-NB-8","CPU info","GCC 13.3.0","2025-10-06 15:41:41"
21000000,não simultaneo,sorted,2,44,0.006510415,0,"","INOVAI-NB-8","CPU info","GCC 13.3.0","2025-10-06 15:41:41"
21000000,simultaneo,sorted,2,44,0.006671462,0,"","INOVAI-NB-8","CPU info","GCC 13.3.0","2025-10-06 15:41:41"
21000000,não simultaneo,sorted,3,45,0.006373278,0,"","INOVAI-NB-8","CPU info","GCC 13.3.0","2025-10-06 15:41:41"
21000000,simultaneo,sorted,3,45,0.006973429,0,"","INOVAI-NB-8","CPU info","GCC 13.3.0","2025-10-06 15:41:41"
21000000,não simultaneo,sorted,4,46,0.006427379,0,"","INOVAI-NB-8","CPU info","GCC 13.3.0","2025-10-06 15:41:41"
21000000,simultaneo,sorted,4,46,0.006716562,0,"","INOVAI-NB-8","CPU info","GCC 13.3.0","2025-10-06 15:41:41"
22000000,não simultaneo,sorted,0,42,0.007125162,0,"","INOVAI-NB-8","CPU info","GCC 13.3.0","2025-10-06 15:41:41"
22000000,simultaneo,sorted,0,42,0.007123479,0,"","INOVAI-NB-8","CPU info","GCC 13.3.0","2025-10-06 15:41:41"
22000000,não simultaneo,sorted,1,43,0.006892018,0,"","INOVAI-NB-8","CPU info","GCC 13.3.0","2025-10-06 15:41:41"
22000000,simultaneo,sorted,1,43,0.007092664,0,"","INOVAI-NB-8","CPU info","GCC 13.3.0","2025-10-06 15:41:41"
22000000,não simultaneo,sorted,2,44,0.006877748,0,"","INOVAI-NB-8","CPU info","GCC 13.3.0","2025-10-06 15:41:41"
22000000,simultaneo,sorted,2,44,0.007073433,0,"","INOVAI-NB-8","CPU info","GCC 13.3.0","2025-10-06 15:41:41"
22000000,não simultaneo,sorted,3,45,0.006696150,0,"","INOVAI-NB-8","CPU info","GCC 13.3.0","2025-10-06 15:41:41"
22000000,simultaneo,sorted,3,45,0.007014449,0,"","INOVAI-NB-8","CPU info","GCC 13.3.0","2025-10-06 15:41:41"
22000000,não simultaneo,sorted,4,46,0.006545086,0,"","INOVAI-NB-8","CPU info","GCC 13.3.0","2025-10-06 15:41:41"
22000000,simultaneo,sorted,4,46,0.006678759,0,"","INOVAI-NB-8","CPU info","GCC 13.3.0","2025-10-06 15:41:41"
23000000,não simultaneo,sorted,0,42,0.007001716,0,"","INOVAI-NB-8","CPU info","GCC 13.3.0","2025-10-06 15:41:41"
23000000,simultaneo,sorted,0,42,0.007353693,0,"","INOVAI-NB-8","CPU info","GCC 13.3.0","2025-10-06 15:41:41"
23000000,não simultaneo,sorted,1,43,0.007033597,0,"","INOVAI-NB-8","CPU info","GCC 13.3.0","2025-10-06 15:41:41"
23000000,simultaneo,sorted,1,43,0.007339615,0,"","INOVAI-NB-8","CPU info","GCC 13.3.0","2025-10-06 15:41:41"
23000000,não simultaneo,sorted,2,44,0.007301213,0,"","INOVAI-NB-8","CPU info","GCC 13.3.0","2025-10-06 15:41:41"
23000000,simultaneo,sorted,2,44,0.007586937,0,"","INOVAI-NB-8","CPU info","GCC 13.3.0","2025-10-06 15:41:41"
23000000,não simultaneo,sorted,3,45,0.007068335,0,"","INOVAI-NB-8","CPU info","GCC 13.3.0","2025-10-06 15:41:41"
23000000,simultaneo,sorted,3,45,0.007301630,0,"","INOVAI-NB-8","CPU info","GCC 13.3.0","2025-10-06 15:41:41"
23000000,não simultaneo,sorted,4,46,0.007829677,0,"","INOVAI-NB-8","CPU info","GCC 13.3.0","2025-10-06 15:41:41"
23000000,simultaneo,sorted,4,46,0.007189604,0,"","INOVAI-NB-8","CPU info","GCC 13.3.0","2025-10-06 15:41:41"
24000000,não simultaneo,sorted,0,42,0.007416485,0,"","INOVAI-NB-8","CPU info","GCC 13.3.0","2025-10-06 15:41:41"
24000000,simultaneo,sorted,0,42,0.007673054,0,"","INOVAI-NB-8","CPU info","GCC 13.3.0","2025-10-06 15:41:41"
24000000,não simultaneo,sorted,1,43,0.007588730,0,"","INOVAI-NB-8","CPU info","GCC 13.3.0","2025-10-06 15:41:41"
24000000,simultaneo,sorted,1,43,0.007439002,0,"","INOVAI-NB-8","CPU info","GCC 13.3.0","2025-10-06 15:41:41"
24000000,não simultaneo,sorted,2,44,0.007389614,0,"","INOVAI-NB-8","CPU info","GCC 13.3.0","2025-10-06 15:41:41"
24000000,simultaneo,sorted,2,44,0.007644655,0,"","INOVAI-NB-8","CPU info","GCC 13.3.0","2025-10-06 15:41:41"
24000000,não simultaneo,sorted,3,45,0.007342176,0,"","INOVAI-NB-8","CPU info","GCC 13.3.0","2025-10-06 15:41:41"
24000000,simultaneo,sorted,3,45,0.007738383,0,"","INOVAI-NB-8","CPU info","GCC 13.3.0","2025-10-06 15:41:41"
24000000,não simultaneo,sorted,4,46,0.007810121,0,"","INOVAI-NB-8","CPU info","GCC 13.3.0","2025-10-06 15:41:41"
24000000,simultaneo,sorted,4,46,0.007757550,0,"","INOVAI-NB-8","CPU info","GCC 13.3.0","2025-10-06 15:41:41"
25000000,não simultaneo,sorted,0,42,0.007852184,0,"","INOVAI-NB-8","CPU info","GCC 13.3.0","2025-10-06 15:41:41"
25000000,simultaneo,sorted,0,42,0.007863475,0,"","INOVAI-NB-8","CPU info","GCC 13.3.0","2025-10-06 15:41:41"
25000000,não simultaneo,sorted,1,43,0.007843168,0,"","INOVAI-NB-8","CPU info","GCC 13.3.0","2025-10-06 15:41:41"
25000000,simultaneo,sorted,1,43,0.007985281,0,"","INOVAI-NB-8","CPU info","GCC 13.3.0","2025-10-06 15:41:41"
25000000,não simultaneo,sorted,2,44,0.008384116,0,"","INOVAI-NB-8","CPU info","GCC 13.3.0","2025-10-06 15:41:41"
25000000,simultaneo,sorted,2,44,0.007880576,0,"","INOVAI-NB-8","CPU info","GCC 13.3.0","2025-10-06 15:41:41"
25000000,não simultaneo,sorted,3,45,0.007954904,0,"","INOVAI-NB-8","CPU info","GCC 13.3.0","2025-10-06 15:41:41"
25000000,simultaneo,sorted,3,45,0.007800867,0,"","INOVAI-NB-8","CPU info","GCC 13.3.0","2025-10-06 15:41:41"
25000000,não simultaneo,sorted,4,46,0.007702957,0,"","INOVAI-NB-8","CPU info","GCC 13.3.0","2025-10-06 15:41:41"
25000000,simultaneo,sorted,4,46,0.007899563,0,"","INOVAI-NB-8","CPU info","GCC 13.3.0","2025-10-06 15:41:41"
26000000,não simultaneo,sorted,0,42,0.007832375,0,"","INOVAI-NB-8","CPU info","GCC 13.3.0","2025-10-06 15:41:41"
26000000,simultaneo,sorted,0,42,0.008015542,0,"","INOVAI-NB-8","CPU info","GCC 13.3.0","2025-10-06 15:41:41"
26000000,não simultaneo,sorted,1,43,0.008417270,0,"","INOVAI-NB-8","CPU info","GCC 13.3.0","2025-10-06 15:41:41"
26000000,simultaneo,sorted,1,43,0.008822969,0,"","INOVAI-NB-8","CPU info","GCC 13.3.0","2025-10-06 15:41:41"
26000000,não simultaneo,sorted,2,44,0.008241626,0,"","INOVAI-NB-8","CPU info","GCC 13.3.0","2025-10-06 15:41:41"
26000000,simultaneo,sorted,2,44,0.008468122,0,"","INOVAI-NB-8","CPU info","GCC 13.3.0","2025-10-06 15:41:41"
26000000,não simultaneo,sorted,3,45,0.008583051,0,"","INOVAI-NB-8","CPU info","GCC 13.3.0","2025-10-06 15:41:41"
26000000,simultaneo,sorted,3,45,0.008392421,0,"","INOVAI-NB-8","CPU info","GCC 13.3.0","2025-10-06 15:41:41"
26000000,não simultaneo,sorted,4,46,0.008217080,0,"","INOVAI-NB-8","CPU info","GCC 13.3.0","2025-10-06 15:41:41"
26000000,simultaneo,sorted,4,46,0.008625203,0,"","INOVAI-NB-8","CPU info","GCC 13.3.0","2025-10-06 15:41:41"
27000000,não simultaneo,sorted,0,42,0.008619197,0,"","INOVAI-NB-8","CPU info","GCC 13.3.0","2025-10-06 15:41:41"
27000000,simultaneo,sorted,0,42,0.008539414,0,"","INOVAI-NB-8","CPU info","GCC 13.3.0","2025-10-06 15:41:41"
27000000,não simultaneo,sorted,1,43,0.008858782,0,"","INOVAI-NB-8","CPU info","GCC 13.3.0","2025-10-06 15:41:41"
27000000,simultaneo,sorted,1,43,0.008788189,0,"","INOVAI-NB-8","CPU info","GCC 13.3.0","2025-10-06 15:41:41"
27000000,não simultaneo,sorted,2,44,0.008618470,0,"","INOVAI-NB-8","CPU info","GCC 13.3.0","2025-10-06 15:41:41"
27000000,simultaneo,sorted,2,44,0.009086103,0,"","INOVAI-NB-8","CPU info","GCC 13.3.0","2025-10-06 15:41:41"
27000000,não simultaneo,sorted,3,45,0.008961572,0,"","INOVAI-NB-8","CPU info","GCC 13.3.0","2025-10-06 15:41:41"
27000000,simultaneo,sorted,3,45,0.008765635,0,"","INOVAI-NB-8","CPU info","GCC 13.3.0","2025-10-06 15:41:41"
27000000,não simultaneo,sorted,4,46,0.008680910,0,"","INOVAI-NB-8","CPU info","GCC 13.3.0","2025-10-06 15:41:41"
27000000,simultaneo,sorted,4,46,0.008493639,0,"","INOVAI-NB-8","CPU info","GCC 13.3.0","2025-10-06 15:41:41"
28000000,não simultaneo,sorted,0,42,0.010295129,0,"","INOVAI-NB-8","CPU info","GCC 13.3.0","2025-10-06 15:41:41"
28000000,simultaneo,sorted,0,42,0.009169068,0,"","INOVAI-NB-8","CPU info","GCC 13.3.0","2025-10-06 15:41:41"
28000000,não simultaneo,sorted,1,43,0.008947777,0,"","INOVAI-NB-8","CPU info","GCC 13.3.0","2025-10-06 15:41:41"
28000000,simultaneo,sorted,1,43,0.009014268,0,"","INOVAI-NB-8","CPU info","GCC 13.3.0","2025-10-06 15:41:41"
28000000,não simultaneo,sorted,2,44,0.008911219,0,"","INOVAI-NB-8","CPU info","GCC 13.3.0","2025-10-06 15:41:41"
28000000,simultaneo,sorted,2,44,0.009048315,0,"","INOVAI-NB-8","CPU info","GCC 13.3.0","2025-10-06 15:41:41"
28000000,não simultaneo,sorted,3,45,0.008897034,0,"","INOVAI-NB-8","CPU info","GCC 13.3.0","2025-10-06 15:41:41"
28000000,simultaneo,sorted,3,45,0.009179947,0,"","INOVAI-NB-8","CPU info","GCC 13.3.0","2025-10-06 15:41:41"
28000000,não simultaneo,sorted,4,46,0.008889020,0,"","INOVAI-NB-8","CPU info","GCC 13.3.0","2025-10-06 15:41:41"
28000000,simultaneo,sorted,4,46,0.008761476,0,"","INOVAI-NB-8","CPU info","GCC 13.3.0","2025-10-06 15:41:41"
29000000,não simultaneo,sorted,0,42,0.009743491,0,"","INOVAI-NB-8","CPU info","GCC 13.3.0","2025-10-06 15:41:41"
29000000,simultaneo,sorted,0,42,0.009172619,0,"","INOVAI-NB-8","CPU info","GCC 13.3.0","2025-10-06 15:41:41"
29000000,não simultaneo,sorted,1,43,0.009183356,0,"","INOVAI-NB-8","CPU info","GCC 13.3.0","2025-10-06 15:41:41"
29000000,simultaneo,sorted,1,43,0.008962604,0,"","INOVAI-NB-8","CPU info","GCC 13.3.0","2025-10-06 15:41:41"
29000000,não simultaneo,sorted,2,44,0.009371920,0,"","INOVAI-NB-8","CPU info","GCC 13.3.0","2025-10-06 15:41:41"
29000000,simultaneo,sorted,2,44,0.009183896,0,"","INOVAI-NB-8","CPU info","GCC 13.3.0","2025-10-06 15:41:41"
29000000,não simultaneo,sorted,3,45,0.009339769,0,"","INOVAI-NB-8","CPU info","GCC 13.3.0","2025-10-06 15:41:41"
29000000,simultaneo,sorted,3,45,0.010704891,0,"","INOVAI-NB-8","CPU info","GCC 13.3.0","2025-10-06 15:41:41"
29000000,não simultaneo,sorted,4,46,0.009398455,0,"","INOVAI-NB-8","CPU info","GCC 13.3.0","2025-10-06 15:41:41"
29000000,simultaneo,sorted,4,46,0.009107620,0,"","INOVAI-NB-8","CPU info","GCC 13.3.0","2025-10-06 15:41:41"
30000000,não simultaneo,sorted,0,42,0.010882652,0,"","INOVAI-NB-8","CPU info","GCC 13.3.0","2025-10-06 15:41:41"
30000000,simultaneo,sorted,0,42,0.009526869,0,"","INOVAI-NB-8","CPU info","GCC 13.3.0","2025-10-06 15:41:41"
30000000,não simultaneo,sorted,1,43,0.010025371,0,"","INOVAI-NB-8","CPU info","GCC 13.3.0","2025-10-06 15:41:41"
30000000,simultaneo,sorted,1,43,0.009563112,0,"","INOVAI-NB-8","CPU info","GCC 13.3.0","2025-10-06 15:41:41"
30000000,não simultaneo,sorted,2,44,0.009655994,0,"","INOVAI-NB-8","CPU info","GCC 13.3.0","2025-10-06 15:41:41"
30000000,simultaneo,sorted,2,44,0.009431449,0,"","INOVAI-NB-8","CPU info","GCC 13.3.0","2025-10-06 15:41:41"
30000000,não simultaneo,sorted,3,45,0.009721999,0,"","INOVAI-NB-8","CPU info","GCC 13.3.0","2025-10-06 15:41:41"
30000000,simultaneo,sorted,3,45,0.009836003,0,"","INOVAI-NB-8","CPU info","GCC 13.3.0","2025-10-06 15:41:41"
30000000,não simultaneo,sorted,4,46,0.010460551,0,"","INOVAI-NB-8","CPU info","GCC 13.3.0","2025-10-06 15:41:41"
30000000,simultaneo,sorted,4,46,0.009494073,0,"","INOVAI-NB-8","CPU info","GCC 13.3.0","2025-10-06 15:41:41"
31000000,não simultaneo,sorted,0,42,0.010043537,0,"","INOVAI-NB-8","CPU info","GCC 13.3.0","2025-10-06 15:41:41"
31000000,simultaneo,sorted,0,42,0.009853848,0,"","INOVAI-NB-8","CPU info","GCC 13.3.0","2025-10-06 15:41:41"
31000000,não simultaneo,sorted,1,43,0.009927732,0,"","INOVAI-NB-8","CPU info","GCC 13.3.0","2025-10-06 15:41:41"
31000000,simultaneo,sorted,1,43,0.010444373,0,"","INOVAI-NB-8","CPU info","GCC 13.3.0","2025-10-06 15:41:41"
31000000,não simultaneo,sorted,2,44,0.010099467,0,"","INOVAI-NB-8","CPU info","GCC 13.3.0","2025-10-06 15:41:41"
31000000,simultaneo,sorted,2,44,0.010025340,0,"","INOVAI-NB-8","CPU info","GCC 13.3.0","2025-10-06 15:41:41"
31000000,não simultaneo,sorted,3,45,0.010313091,0,"","INOVAI-NB-8","CPU info","GCC 13.3.0","2025-10-06 15:41:41"
31000000,simultaneo,sorted,3,45,0.010155450,0,"","INOVAI-NB-8","CPU info","GCC 13.3.0","2025-10-06 15:41:41"
31000000,não simultaneo,sorted,4,46,0.009907216,0,"","INOVAI-NB-8","CPU info","GCC 13.3.0","2025-10-06 15:41:41"
31000000,simultaneo,sorted,4,46,0.010019234,0,"","INOVAI-NB-8","CPU info","GCC 13.3.0","2025-10-06 15:41:41"
32000000,não simultaneo,sorted,0,42,0.010083070,0,"","INOVAI-NB-8","CPU info","GCC 13.3.0","2025-10-06 15:41:41"
32000000,simultaneo,sorted,0,42,0.009696845,0,"","INOVAI-NB-8","CPU info","GCC 13.3.0","2025-10-06 15:41:41"
32000000,não simultaneo,sorted,1,43,0.010461131,0,"","INOVAI-NB-8","CPU info","GCC 13.3.0","2025-10-06 15:41:41"
32000000,simultaneo,sorted,1,43,0.009882829,0,"","INOVAI-NB-8","CPU info","GCC 13.3.0","2025-10-06 15:41:41"
32000000,não simultaneo,sorted,2,44,0.010057494,0,"","INOVAI-NB-8","CPU info","GCC 13.3.0","2025-10-06 15:41:41"
32000000,simultaneo,sorted,2,44,0.010928233,0,"","INOVAI-NB-8","CPU info","GCC 13.3.0","2025-10-06 15:41:41"
32000000,não simultaneo,sorted,3,45,0.010122160,0,"","INOVAI-NB-8","CPU info","GCC 13.3.0","2025-10-06 15:41:41"
32000000,simultaneo,sorted,3,45,0.009935888,0,"","INOVAI-NB-8","CPU info","GCC 13.3.0","2025-10-06 15:41:41"
32000000,não simultaneo,sorted,4,46,0.010113194,0,"","INOVAI-NB-8","CPU info","GCC 13.3.0","2025-10-06 15:41:41"
32000000,simultaneo,sorted,4,46,0.010105427,0,"","INOVAI-NB-8","CPU info","GCC 13.3.0","2025-10-06 15:41:41"
33000000,não simultaneo,sorted,0,42,0.011134121,0,"","INOVAI-NB-8","CPU info","GCC 13.3.0","2025-10-06 15:41:41"
33000000,simultaneo,sorted,0,42,0.010935304,0,"","INOVAI-NB-8","CPU info","GCC 13.3.0","2025-10-06 15:41:41"
33000000,não simultaneo,sorted,1,43,0.010722328,0,"","INOVAI-NB-8","CPU info","GCC 13.3.0","2025-10-06 15:41:41"
33000000,simultaneo,sorted,1,43,0.010418818,0,"","INOVAI-NB-8","CPU info","GCC 13.3.0","2025-10-06 15:41:41"
33000000,não simultaneo,sorted,2,44,0.010925503,0,"","INOVAI-NB-8","CPU info","GCC 13.3.0","2025-10-06 15:41:41"
33000000,simultaneo,sorted,2,44,0.010245740,0,"","INOVAI-NB-8","CPU info","GCC 13.3.0","2025-10-06 15:41:41"
33000000,não simultaneo,sorted,3,45,0.010419123,0,"","INOVAI-NB-8","CPU info","GCC 13.3.0","2025-10-06 15:41:41"
33000000,simultaneo,sorted,3,45,0.009803139,0,"","INOVAI-NB-8","CPU info","GCC 13.3.0","2025-10-06 15:41:41"
33000000,não simultaneo,sorted,4,46,0.009805487,0,"","INOVAI-NB-8","CPU info","GCC 13.3.0","2025-10-06 15:41:41"
33000000,simultaneo,sorted,4,46,0.009723355,0,"","INOVAI-NB-8","CPU info","GCC 13.3.0","2025-10-06 15:41:41"
34000000,não simultaneo,sorted,0,42,0.010410219,0,"","INOVAI-NB-8","CPU info","GCC 13.3.0","2025-10-06 15:41:41"
34000000,simultaneo,sorted,0,42,0.009986318,0,"","INOVAI-NB-8","CPU info","GCC 13.3.0","2025-10-06 15:41:41"
34000000,não simultaneo,sorted,1,43,0.010184459,0,"","INOVAI-NB-8","CPU info","GCC 13.3.0","2025-10-06 15:41:41"
34000000,simultaneo,sorted,1,43,0.010398783,0,"","INOVAI-NB-8","CPU info","GCC 13.3.0","2025-10-06 15:41:41"
34000000,não simultaneo,sorted,2,44,0.010383533,0,"","INOVAI-NB-8","CPU info","GCC 13.3.0","2025-10-06 15:41:41"
34000000,simultaneo,sorted,2,44,0.010603427,0,"","INOVAI-NB-8","CPU info","GCC 13.3.0","2025-10-06 15:41:41"
34000000,não simultaneo,sorted,3,45,0.010435552,0,"","INOVAI-NB-8","CPU info","GCC 13.3.0","2025-10-06 15:41:41"
34000000,simultaneo,sorted,3,45,0.010477982,0,"","INOVAI-NB-8","CPU info","GCC 13.3.0","2025-10-06 15:41:41"
34000000,não simultaneo,sorted,4,46,0.010252491,0,"","INOVAI-NB-8","CPU info","GCC 13.3.0","2025-10-06 15:41:41"
34000000,simultaneo,sorted,4,46,0.010089089,0,"","INOVAI-NB-8","CPU info","GCC 13.3.0","2025-10-06 15:41:41"
35000000,não simultaneo,sorted,0,42,0.010715380,0,"","INOVAI-NB-8","CPU info","GCC 13.3.0","2025-10-06 15:41:41"
35000000,simultaneo,sorted,0,42,0.010583427,0,"","INOVAI-NB-8","CPU info","GCC 13.3.0","2025-10-06 15:41:41"
35000000,não simultaneo,sorted,1,43,0.010649089,0,"","INOVAI-NB-8","CPU info","GCC 13.3.0","2025-10-06 15:41:41"
35000000,simultaneo,sorted,1,43,0.010719191,0,"","INOVAI-NB-8","CPU info","GCC 13.3.0","2025-10-06 15:41:41"
35000000,não simultaneo,sorted,2,44,0.010959113,0,"","INOVAI-NB-8","CPU info","GCC 13.3.0","2025-10-06 15:41:41"
35000000,simultaneo,sorted,2,44,0.010575247,0,"","INOVAI-NB-8","CPU info","GCC 13.3.0","2025-10-06 15:41:41"
35000000,não simultaneo,sorted,3,45,0.010612909,0,"","INOVAI-NB-8","CPU info","GCC 13.3.0","2025-10-06 15:41:41"
35000000,simultaneo,sorted,3,45,0.011042836,0,"","INOVAI-NB-8","CPU info","GCC 13.3.0","2025-10-06 15:41:41"
35000000,não simultaneo,sorted,4,46,0.010973490,0,"","INOVAI-NB-8","CPU info","GCC 13.3.0","2025-10-06 15:41:41"
35000000,simultaneo,sorted,4,46,0.010656739,0,"","INOVAI-NB-8","CPU info","GCC 13.3.0","2025-10-06 15:41:41"
36000000,não simultaneo,sorted,0,42,0.011149119,0,"","INOVAI-NB-8","CPU info","GCC 13.3.0","2025-10-06 15:41:41"
36000000,simultaneo,sorted,0,42,0.010863462,0,"","INOVAI-NB-8","CPU info","GCC 13.3.0","2025-10-06 15:41:41"
36000000,não simultaneo,sorted,1,43,0.010984099,0,"","INOVAI-NB-8","CPU info","GCC 13.3.0","2025-10-06 15:41:41"
36000000,simultaneo,sorted,1,43,0.010895970,0,"","INOVAI-NB-8","CPU info","GCC 13.3.0","2025-10-06 15:41:41"
36000000,não simultaneo,sorted,2,44,0.010761451,0,"","INOVAI-NB-8","CPU info","GCC 13.3.0","2025-10-06 15:41:41"
36000000,simultaneo,sorted,2,44,0.010894357,0,"","INOVAI-NB-8","CPU info","GCC 13.3.0","2025-10-06 15:41:41"
36000000,não simultaneo,sorted,3,45,0.010962903,0,"","INOVAI-NB-8","CPU info","GCC 13.3.0","2025-10-06 15:41:41"
36000000,simultaneo,sorted,3,45,0.011057207,0,"","INOVAI-NB-8","CPU info","GCC 13.3.0","2025-10-06 15:41:41"
36000000,não simultaneo,sorted,4,46,0.011515244,0,"","INOVAI-NB-8","CPU info","GCC 13.3.0","2025-10-06 15:41:41"
36000000,simultaneo,sorted,4,46,0.011519640,0,"","INOVAI-NB-8","CPU info","GCC 13.3.0","2025-10-06 15:41:41"
37000000,não simultaneo,sorted,0,42,0.012796588,0,"","INOVAI-NB-8","CPU info","GCC 13.3.0","2025-10-06 15:41:41"
37000000,simultaneo,sorted,0,42,0.012975667,0,"","INOVAI-NB-8","CPU info","GCC 13.3.0","2025-10-06 15:41:41"
37000000,não simultaneo,sorted,1,43,0.012155659,0,"","INOVAI-NB-8","CPU info","GCC 13.3.0","2025-10-06 15:41:41"
37000000,simultaneo,sorted,1,43,0.011392542,0,"","INOVAI-NB-8","CPU info","GCC 13.3.0","2025-10-06 15:41:41"
37000000,não simultaneo,sorted,2,44,0.011766502,0,"","INOVAI-NB-8","CPU info","GCC 13.3.0","2025-10-06 15:41:41"
37000000,simultaneo,sorted,2,44,0.012125242,0,"","INOVAI-NB-8","CPU info","GCC 13.3.0","2025-10-06 15:41:41"
37000000,não simultaneo,sorted,3,45,0.011756172,0,"","INOVAI-NB-8","CPU info","GCC 13.3.0","2025-10-06 15:41:41"
37000000,simultaneo,sorted,3,45,0.011338042,0,"","INOVAI-NB-8","CPU info","GCC 13.3.0","2025-10-06 15:41:41"
37000000,não simultaneo,sorted,4,46,0.012019701,0,"","INOVAI-NB-8","CPU info","GCC 13.3.0","2025-10-06 15:41:41"
37000000,simultaneo,sorted,4,46,0.011732171,0,"","INOVAI-NB-8","CPU info","GCC 13.3.0","2025-10-06 15:41:41"
38000000,não simultaneo,sorted,0,42,0.012444981,0,"","INOVAI-NB-8","CPU info","GCC 13.3.0","2025-10-06 15:41:41"
38000000,simultaneo,sorted,0,42,0.011850936,0,"","INOVAI-NB-8","CPU info","GCC 13.3.0","2025-10-06 15:41:41"
38000000,não simultaneo,sorted,1,43,0.012379832,0,"","INOVAI-NB-8","CPU info","GCC 13.3.0","2025-10-06 15:41:41"
38000000,simultaneo,sorted,1,43,0.013463573,0,"","INOVAI-NB-8","CPU info","GCC 13.3.0","2025-10-06 15:41:41"
38000000,não simultaneo,sorted,2,44,0.012419017,0,"","INOVAI-NB-8","CPU info","GCC 13.3.0","2025-10-06 15:41:41"
38000000,simultaneo,sorted,2,44,0.011809199,0,"","INOVAI-NB-8","CPU info","GCC 13.3.0","2025-10-06 15:41:41"
38000000,não simultaneo,sorted,3,45,0.011952109,0,"","INOVAI-NB-8","CPU info","GCC 13.3.0","2025-10-06 15:41:41"
38000000,simultaneo,sorted,3,45,0.011604764,0,"","INOVAI-NB-8","CPU info","GCC 13.3.0","2025-10-06 15:41:41"
38000000,não simultaneo,sorted,4,46,0.012038606,0,"","INOVAI-NB-8","CPU info","GCC 13.3.0","2025-10-06 15:41:41"
38000000,simultaneo,sorted,4,46,0.011667611,0,"","INOVAI-NB-8","CPU info","GCC 13.3.0","2025-10-06 15:41:41"
39000000,não simultaneo,sorted,0,42,0.012628130,0,"","INOVAI-NB-8","CPU info","GCC 13.3.0","2025-10-06 15:41:41"
39000000,simultaneo,sorted,0,42,0.011903082,0,"","INOVAI-NB-8","CPU info","GCC 13.3.0","2025-10-06 15:41:41"
39000000,não simultaneo,sorted,1,43,0.012344233,0,"","INOVAI-NB-8","CPU info","GCC 13.3.0","2025-10-06 15:41:41"
39000000,simultaneo,sorted,1,43,0.012626743,0,"","INOVAI-NB-8","CPU info","GCC 13.3.0","2025-10-06 15:41:41"
39000000,não simultaneo,sorted,2,44,0.012432477,0,"","INOVAI-NB-8","CPU info","GCC 13.3.0","2025-10-06 15:41:41"
39000000,simultaneo,sorted,2,44,0.012124113,0,"","INOVAI-NB-8","CPU info","GCC 13.3.0","2025-10-06 15:41:41"
39000000,não simultaneo,sorted,3,45,0.012497506,0,"","INOVAI-NB-8","CPU info","GCC 13.3.0","2025-10-06 15:41:41"
39000000,simultaneo,sorted,3,45,0.012461865,0,"","INOVAI-NB-8","CPU info","GCC 13.3.0","2025-10-06 15:41:41"
39000000,não simultaneo,sorted,4,46,0.011875778,0,"","INOVAI-NB-8","CPU info","GCC 13.3.0","2025-10-06 15:41:41"
39000000,simultaneo,sorted,4,46,0.011735438,0,"","INOVAI-NB-8","CPU info","GCC 13.3.0","2025-10-06 15:41:41"
40000000,não simultaneo,sorted,0,42,0.012334573,0,"","INOVAI-NB-8","CPU info","GCC 13.3.0","2025-10-06 15:41:41"
40000000,simultaneo,sorted,0,42,0.012084170,0,"","INOVAI-NB-8","CPU info","GCC 13.3.0","2025-10-06 15:41:41"
40000000,não simultaneo,sorted,1,43,0.012293158,0,"","INOVAI-NB-8","CPU info","GCC 13.3.0","2025-10-06 15:41:41"
40000000,simultaneo,sorted,1,43,0.012041752,0,"","INOVAI-NB-8","CPU info","GCC 13.3.0","2025-10-06 15:41:41"
40000000,não simultaneo,sorted,2,44,0.013875916,0,"","INOVAI-NB-8","CPU info","GCC 13.3.0","2025-10-06 15:41:41"
40000000,simultaneo,sorted,2,44,0.011924251,0,"","INOVAI-NB-8","CPU info","GCC 13.3.0","2025-10-06 15:41:41"
40000000,não simultaneo,sorted,3,45,0.012340040,0,"","INOVAI-NB-8","CPU info","GCC 13.3.0","2025-10-06 15:41:41"
40000000,simultaneo,sorted,3,45,0.011775245,0,"","INOVAI-NB-8","CPU info","GCC 13.3.0","2025-10-06 15:41:41"
40000000,não simultaneo,sorted,4,46,0.012344620,0,"","INOVAI-NB-8","CPU info","GCC 13.3.0","2025-10-06 15:41:41"
40000000,simultaneo,sorted,4,46,0.011918808,0,"","INOVAI-NB-8","CPU info","GCC 13.3.0","2025-10-06 15:41:41"
41000000,não simultaneo,sorted,0,42,0.012427893,0,"","INOVAI-NB-8","CPU info","GCC 13.3.0","2025-10-06 15:41:41"
41000000,simultaneo,sorted,0,42,0.012754525,0,"","INOVAI-NB-8","CPU info","GCC 13.3.0","2025-10-06 15:41:41"
41000000,não simultaneo,sorted,1,43,0.012812230,0,"","INOVAI-NB-8","CPU info","GCC 13.3.0","2025-10-06 15:41:41"
41000000,simultaneo,sorted,1,43,0.012627703,0,"","INOVAI-NB-8","CPU info","GCC 13.3.0","2025-10-06 15:41:41"
41000000,não simultaneo,sorted,2,44,0.013135700,0,"","INOVAI-NB-8","CPU info","GCC 13.3.0","2025-10-06 15:41:41"
41000000,simultaneo,sorted,2,44,0.012653265,0,"","INOVAI-NB-8","CPU info","GCC 13.3.0","2025-10-06 15:41:41"
41000000,não simultaneo,sorted,3,45,0.012470542,0,"","INOVAI-NB-8","CPU info","GCC 13.3.0","2025-10-06 15:41:41"
41000000,simultaneo,sorted,3,45,0.012928954,0,"","INOVAI-NB-8","CPU info","GCC 13.3.0","2025-10-06 15:41:41"
41000000,não simultaneo,sorted,4,46,0.012527925,0,"","INOVAI-NB-8","CPU info","GCC 13.3.0","2025-10-06 15:41:41"
41000000,simultaneo,sorted,4,46,0.012079907,0,"","INOVAI-NB-8","CPU info","GCC 13.3.0","2025-10-06 15:41:41"
42000000,não simultaneo,sorted,0,42,0.013101839,0,"","INOVAI-NB-8","CPU info","GCC 13.3.0","2025-10-06 15:41:41"
42000000,simultaneo,sorted,0,42,0.012591326,0,"","INOVAI-NB-8","CPU info","GCC 13.3.0","2025-10-06 15:41:41"
42000000,não simultaneo,sorted,1,43,0.013040747,0,"","INOVAI-NB-8","CPU info","GCC 13.3.0","2025-10-06 15:41:41"
42000000,simultaneo,sorted,1,43,0.013155741,0,"","INOVAI-NB-8","CPU info","GCC 13.3.0","2025-10-06 15:41:41"
42000000,não simultaneo,sorted,2,44,0.014403461,0,"","INOVAI-NB-8","CPU info","GCC 13.3.0","2025-10-06 15:41:41"
42000000,simultaneo,sorted,2,44,0.016144555,0,"","INOVAI-NB-8","CPU info","GCC 13.3.0","2025-10-06 15:41:41"
42000000,não simultaneo,sorted,3,45,0.013152343,0,"","INOVAI-NB-8","CPU info","GCC 13.3.0","2025-10-06 15:41:41"
42000000,simultaneo,sorted,3,45,0.012601456,0,"","INOVAI-NB-8","CPU info","GCC 13.3.0","2025-10-06 15:41:41"
42000000,não simultaneo,sorted,4,46,0.013201524,0,"","INOVAI-NB-8","CPU info","GCC 13.3.0","2025-10-06 15:41:41"
42000000,simultaneo,sorted,4,46,0.012890666,0,"","INOVAI-NB-8","CPU info","GCC 13.3.0","2025-10-06 15:41:41"
43000000,não simultaneo,sorted,0,42,0.013501977,0,"","INOVAI-NB-8","CPU info","GCC 13.3.0","2025-10-06 15:41:41"
43000000,simultaneo,sorted,0,42,0.013258501,0,"","INOVAI-NB-8","CPU info","GCC 13.3.0","2025-10-06 15:41:41"
43000000,não simultaneo,sorted,1,43,0.013571207,0,"","INOVAI-NB-8","CPU info","GCC 13.3.0","2025-10-06 15:41:41"
43000000,simultaneo,sorted,1,43,0.013244667,0,"","INOVAI-NB-8","CPU info","GCC 13.3.0","2025-10-06 15:41:41"
43000000,não simultaneo,sorted,2,44,0.012992123,0,"","INOVAI-NB-8","CPU info","GCC 13.3.0","2025-10-06 15:41:41"
43000000,simultaneo,sorted,2,44,0.013971776,0,"","INOVAI-NB-8","CPU info","GCC 13.3.0","2025-10-06 15:41:41"
43000000,não simultaneo,sorted,3,45,0.013029649,0,"","INOVAI-NB-8","CPU info","GCC 13.3.0","2025-10-06 15:41:41"
43000000,simultaneo,sorted,3,45,0.012937019,0,"","INOVAI-NB-8","CPU info","GCC 13.3.0","2025-10-06 15:41:41"
43000000,não simultaneo,sorted,4,46,0.014603054,0,"","INOVAI-NB-8","CPU info","GCC 13.3.0","2025-10-06 15:41:41"
43000000,simultaneo,sorted,4,46,0.012945015,0,"","INOVAI-NB-8","CPU info","GCC 13.3.0","2025-10-06 15:41:41"
44000000,não simultaneo,sorted,0,42,0.013504553,0,"","INOVAI-NB-8","CPU info","GCC 13.3.0","2025-10-06 15:41:41"
44000000,simultaneo,sorted,0,42,0.012929521,0,"","INOVAI-NB-8","CPU info","GCC 13.3.0","2025-10-06 15:41:41"
44000000,não simultaneo,sorted,1,43,0.013439375,0,"","INOVAI-NB-8","CPU info","GCC 13.3.0","2025-10-06 15:41:41"
44000000,simultaneo,sorted,1,43,0.012965981,0,"","INOVAI-NB-8","CPU info","GCC 13.3.0","2025-10-06 15:41:41"
44000000,não simultaneo,sorted,2,44,0.014614521,0,"","INOVAI-NB-8","CPU info","GCC 13.3.0","2025-10-06 15:41:41"
44000000,simultaneo,sorted,2,44,0.013295598,0,"","INOVAI-NB-8","CPU info","GCC 13.3.0","2025-10-06 15:41:41"
44000000,não simultaneo,sorted,3,45,0.013396335,0,"","INOVAI-NB-8","CPU info","GCC 13.3.0","2025-10-06 15:41:41"
44000000,simultaneo,sorted,3,45,0.012718109,0,"","INOVAI-NB-8","CPU info","GCC 13.3.0","2025-10-06 15:41:41"
44000000,não simultaneo,sorted,4,46,0.014440133,0,"","INOVAI-NB-8","CPU info","GCC 13.3.0","2025-10-06 15:41:41"
44000000,simultaneo,sorted,4,46,0.013746582,0,"","INOVAI-NB-8","CPU info","GCC 13.3.0","2025-10-06 15:41:41"
45000000,não simultaneo,sorted,0,42,0.014801679,0,"","INOVAI-NB-8","CPU info","GCC 13.3.0","2025-10-06 15:41:41"
45000000,simultaneo,sorted,0,42,0.014415433,0,"","INOVAI-NB-8","CPU info","GCC 13.3.0","2025-10-06 15:41:41"
45000000,não simultaneo,sorted,1,43,0.014525701,0,"","INOVAI-NB-8","CPU info","GCC 13.3.0","2025-10-06 15:41:41"
45000000,simultaneo,sorted,1,43,0.014464359,0,"","INOVAI-NB-8","CPU info","GCC 13.3.0","2025-10-06 15:41:41"
45000000,não simultaneo,sorted,2,44,0.014979155,0,"","INOVAI-NB-8","CPU info","GCC 13.3.0","2025-10-06 15:41:41"
45000000,simultaneo,sorted,2,44,0.014759615,0,"","INOVAI-NB-8","CPU info","GCC 13.3.0","2025-10-06 15:41:41"
45000000,não simultaneo,sorted,3,45,0.014830688,0,"","INOVAI-NB-8","CPU info","GCC 13.3.0","2025-10-06 15:41:41"
45000000,simultaneo,sorted,3,45,0.014349630,0,"","INOVAI-NB-8","CPU info","GCC 13.3.0","2025-10-06 15:41:41"
45000000,não simultaneo,sorted,4,46,0.015561180,0,"","INOVAI-NB-8","CPU info","GCC 13.3.0","2025-10-06 15:41:41"
45000000,simultaneo,sorted,4,46,0.015017716,0,"","INOVAI-NB-8","CPU info","GCC 13.3.0","2025-10-06 15:41:41"
46000000,não simultaneo,sorted,0,42,0.015577721,0,"","INOVAI-NB-8","CPU info","GCC 13.3.0","2025-10-06 15:41:41"
46000000,simultaneo,sorted,0,42,0.014880628,0,"","INOVAI-NB-8","CPU info","GCC 13.3.0","2025-10-06 15:41:41"
46000000,não simultaneo,sorted,1,43,0.015845657,0,"","INOVAI-NB-8","CPU info","GCC 13.3.0","2025-10-06 15:41:41"
46000000,simultaneo,sorted,1,43,0.014573191,0,"","INOVAI-NB-8","CPU info","GCC 13.3.0","2025-10-06 15:41:41"
46000000,não simultaneo,sorted,2,44,0.015620932,0,"","INOVAI-NB-8","CPU info","GCC 13.3.0","2025-10-06 15:41:41"
46000000,simultaneo,sorted,2,44,0.014029051,0,"","INOVAI-NB-8","CPU info","GCC 13.3.0","2025-10-06 15:41:41"
46000000,não simultaneo,sorted,3,45,0.015125604,0,"","INOVAI-NB-8","CPU info","GCC 13.3.0","2025-10-06 15:41:41"
46000000,simultaneo,sorted,3,45,0.015575534,0,"","INOVAI-NB-8","CPU info","GCC 13.3.0","2025-10-06 15:41:41"
46000000,não simultaneo,sorted,4,46,0.015652430,0,"","INOVAI-NB-8","CPU info","GCC 13.3.0","2025-10-06 15:41:41"
46000000,simultaneo,sorted,4,46,0.015302139,0,"","INOVAI-NB-8","CPU info","GCC 13.3.0","2025-10-06 15:41:41"
47000000,não simultaneo,sorted,0,42,0.016268398,0,"","INOVAI-NB-8","CPU info","GCC 13.3.0","2025-10-06 15:41:41"
47000000,simultaneo,sorted,0,42,0.015443859,0,"","INOVAI-NB-8","CPU info","GCC 13.3.0","2025-10-06 15:41:41"
47000000,não simultaneo,sorted,1,43,0.015423033,0,"","INOVAI-NB-8","CPU info","GCC 13.3.0","2025-10-06 15:41:41"
47000000,simultaneo,sorted,1,43,0.014731765,0,"","INOVAI-NB-8","CPU info","GCC 13.3.0","2025-10-06 15:41:41"
47000000,não simultaneo,sorted,2,44,0.015326513,0,"","INOVAI-NB-8","CPU info","GCC 13.3.0","2025-10-06 15:41:41"
47000000,simultaneo,sorted,2,44,0.014738342,0,"","INOVAI-NB-8","CPU info","GCC 13.3.0","2025-10-06 15:41:41"
47000000,não simultaneo,sorted,3,45,0.014957758,0,"","INOVAI-NB-8","CPU info","GCC 13.3.0","2025-10-06 15:41:41"
47000000,simultaneo,sorted,3,45,0.013960078,0,"","INOVAI-NB-8","CPU info","GCC 13.3.0","2025-10-06 15:41:41"
47000000,não simultaneo,sorted,4,46,0.014962836,0,"","INOVAI-NB-8","CPU info","GCC 13.3.0","2025-10-06 15:41:41"
47000000,simultaneo,sorted,4,46,0.014712035,0,"","INOVAI-NB-8","CPU info","GCC 13.3.0","2025-10-06 15:41:41"
48000000,não simultaneo,sorted,0,42,0.015320587,0,"","INOVAI-NB-8","CPU info","GCC 13.3.0","2025-10-06 15:41:41"
48000000,simultaneo,sorted,0,42,0.015863221,0,"","INOVAI-NB-8","CPU info","GCC 13.3.0","2025-10-06 15:41:41"
48000000,não simultaneo,sorted,1,43,0.015357156,0,"","INOVAI-NB-8","CPU info","GCC 13.3.0","2025-10-06 15:41:41"
48000000,simultaneo,sorted,1,43,0.014840627,0,"","INOVAI-NB-8","CPU info","GCC 13.3.0","2025-10-06 15:41:41"
48000000,não simultaneo,sorted,2,44,0.015054883,0,"","INOVAI-NB-8","CPU info","GCC 13.3.0","2025-10-06 15:41:41"
48000000,simultaneo,sorted,2,44,0.014623213,0,"","INOVAI-NB-8","CPU info","GCC 13.3.0","2025-10-06 15:41:41"
48000000,não simultaneo,sorted,3,45,0.015269178,0,"","INOVAI-NB-8","CPU info","GCC 13.3.0","2025-10-06 15:41:41"
48000000,simultaneo,sorted,3,45,0.014939749,0,"","INOVAI-NB-8","CPU info","GCC 13.3.0","2025-10-06 15:41:41"
48000000,não simultaneo,sorted,4,46,0.015525952,0,"","INOVAI-NB-8","CPU info","GCC 13.3.0","2025-10-06 15:41:41"
48000000,simultaneo,sorted,4,46,0.015339569,0,"","INOVAI-NB-8","CPU info","GCC 13.3.0","2025-10-06 15:41:41"
49000000,não simultaneo,sorted,0,42,0.015423151,0,"","INOVAI-NB-8","CPU info","GCC 13.3.0","2025-10-06 15:41:41"
49000000,simultaneo,sorted,0,42,0.014966435,0,"","INOVAI-NB-8","CPU info","GCC 13.3.0","2025-10-06 15:41:41"
49000000,não simultaneo,sorted,1,43,0.015489191,0,"","INOVAI-NB-8","CPU info","GCC 13.3.0","2025-10-06 15:41:41"
49000000,simultaneo,sorted,1,43,0.014772951,0,"","INOVAI-NB-8","CPU info","GCC 13.3.0","2025-10-06 15:41:41"
49000000,não simultaneo,sorted,2,44,0.015446088,0,"","INOVAI-NB-8","CPU info","GCC 13.3.0","2025-10-06 15:41:41"
49000000,simultaneo,sorted,2,44,0.014641700,0,"","INOVAI-NB-8","CPU info","GCC 13.3.0","2025-10-06 15:41:41"
49000000,não simultaneo,sorted,3,45,0.015329831,0,"","INOVAI-NB-8","CPU info","GCC 13.3.0","2025-10-06 15:41:41"
49000000,simultaneo,sorted,3,45,0.015169336,0,"","INOVAI-NB-8","CPU info","GCC 13.3.0","2025-10-06 15:41:41"
49000000,não simultaneo,sorted,4,46,0.023389892,0,"","INOVAI-NB-8","CPU info","GCC 13.3.0","2025-10-06 15:41:41"
49000000,simultaneo,sorted,4,46,0.017033746,0,"","INOVAI-NB-8","CPU info","GCC 13.3.0","2025-10-06 15:41:41"
50000000,não simultaneo,sorted,0,42,0.015807498,0,"","INOVAI-NB-8","CPU info","GCC 13.3.0","2025-10-06 15:41:41"
50000000,simultaneo,sorted,0,42,0.015307341,0,"","INOVAI-NB-8","CPU info","GCC 13.3.0","2025-10-06 15:41:41"
50000000,não simultaneo,sorted,1,43,0.015782855,0,"","INOVAI-NB-8","CPU info","GCC 13.3.0","2025-10-06 15:41:41"
50000000,simultaneo,sorted,1,43,0.015365626,0,"","INOVAI-NB-8","CPU info","GCC 13.3.0","2025-10-06 15:41:41"
50000000,não simultaneo,sorted,2,44,0.016179565,0,"","INOVAI-NB-8","CPU info","GCC 13.3.0","2025-10-06 15:41:41"
50000000,simultaneo,sorted,2,44,0.016244194,0,"","INOVAI-NB-8","CPU info","GCC 13.3.0","2025-10-06 15:41:41"
50000000,não simultaneo,sorted,3,45,0.017192663,0,"","INOVAI-NB-8","CPU info","GCC 13.3.0","2025-10-06 15:41:41"
50000000,simultaneo,sorted,3,45,0.016279574,0,"","INOVAI-NB-8","CPU info","GCC 13.3.0","2025-10-06 15:41:41"
50000000,não simultaneo,sorted,4,46,0.016740870,0,"","INOVAI-NB-8","CPU info","GCC 13.3.0","2025-10-06 15:41:41"
50000000,simultaneo,sorted,4,46,0.015268137,0,"","INOVAI-NB-8","CPU info","GCC 13.3.0","2025-10-06 15:41:41"
51000000,não simultaneo,sorted,0,42,0.017146474,0,"","INOVAI-NB-8","CPU info","GCC 13.3.0","2025-10-06 15:41:41"
51000000,simultaneo,sorted,0,42,0.016123088,0,"","INOVAI-NB-8","CPU info","GCC 13.3.0","2025-10-06 15:41:41"
51000000,não simultaneo,sorted,1,43,0.016619495,0,"","INOVAI-NB-8","CPU info","GCC 13.3.0","2025-10-06 15:41:41"
51000000,simultaneo,sorted,1,43,0.015683666,0,"","INOVAI-NB-8","CPU info","GCC 13.3.0","2025-10-06 15:41:41"
51000000,não simultaneo,sorted,2,44,0.016850421,0,"","INOVAI-NB-8","CPU info","GCC 13.3.0","2025-10-06 15:41:41"
51000000,simultaneo,sorted,2,44,0.015749484,0,"","INOVAI-NB-8","CPU info","GCC 13.3.0","2025-10-06 15:41:41"
51000000,não simultaneo,sorted,3,45,0.018788643,0,"","INOVAI-NB-8","CPU info","GCC 13.3.0","2025-10-06 15:41:41"
51000000,simultaneo,sorted,3,45,0.017002088,0,"","INOVAI-NB-8","CPU info","GCC 13.3.0","2025-10-06 15:41:41"
51000000,não simultaneo,sorted,4,46,0.016767669,0,"","INOVAI-NB-8","CPU info","GCC 13.3.0","2025-10-06 15:41:41"
51000000,simultaneo,sorted,4,46,0.015860960,0,"","INOVAI-NB-8","CPU info","GCC 13.3.0","2025-10-06 15:41:41"
52000000,não simultaneo,sorted,0,42,0.017022649,0,"","INOVAI-NB-8","CPU info","GCC 13.3.0","2025-10-06 15:41:41"
52000000,simultaneo,sorted,0,42,0.015981618,0,"","INOVAI-NB-8","CPU info","GCC 13.3.0","2025-10-06 15:41:41"
52000000,não simultaneo,sorted,1,43,0.017014238,0,"","INOVAI-NB-8","CPU info","GCC 13.3.0","2025-10-06 15:41:41"
52000000,simultaneo,sorted,1,43,0.015952488,0,"","INOVAI-NB-8","CPU info","GCC 13.3.0","2025-10-06 15:41:41"
52000000,não simultaneo,sorted,2,44,0.017068924,0,"","INOVAI-NB-8","CPU info","GCC 13.3.0","2025-10-06 15:41:41"
52000000,simultaneo,sorted,2,44,0.016858237,0,"","INOVAI-NB-8","CPU info","GCC 13.3.0","2025-10-06 15:41:41"
52000000,não simultaneo,sorted,3,45,0.018458629,0,"","INOVAI-NB-8","CPU info","GCC 13.3.0","2025-10-06 15:41:41"
52000000,simultaneo,sorted,3,45,0.017728668,0,"","INOVAI-NB-8","CPU info","GCC 13.3.0","2025-10-06 15:41:41"
52000000,não simultaneo,sorted,4,46,0.017969556,0,"","INOVAI-NB-8","CPU info","GCC 13.3.0","2025-10-06 15:41:41"
52000000,simultaneo,sorted,4,46,0.016201498,0,"","INOVAI-NB-8","CPU info","GCC 13.3.0","2025-10-06 15:41:41"
53000000,não simultaneo,sorted,0,42,0.017372279,0,"","INOVAI-NB-8","CPU info","GCC 13.3.0","2025-10-06 15:41:41"
53000000,simultaneo,sorted,0,42,0.016384539,0,"","INOVAI-NB-8","CPU info","GCC 13.3.0","2025-10-06 15:41:41"
53000000,não simultaneo,sorted,1,43,0.017330574,0,"","INOVAI-NB-8","CPU info","GCC 13.3.0","2025-10-06 15:41:41"
53000000,simultaneo,sorted,1,43,0.018532851,0,"","INOVAI-NB-8","CPU info","GCC 13.3.0","2025-10-06 15:41:41"
53000000,não simultaneo,sorted,2,44,0.017407941,0,"","INOVAI-NB-8","CPU info","GCC 13.3.0","2025-10-06 15:41:41"
53000000,simultaneo,sorted,2,44,0.016052392,0,"","INOVAI-NB-8","CPU info","GCC 13.3.0","2025-10-06 15:41:41"
53000000,não simultaneo,sorted,3,45,0.017334376,0,"","INOVAI-NB-8","CPU info","GCC 13.3.0","2025-10-06 15:41:41"
53000000,simultaneo,sorted,3,45,0.015763927,0,"","INOVAI-NB-8","CPU info","GCC 13.3.0","2025-10-06 15:41:41"
53000000,não simultaneo,sorted,4,46,0.017523855,0,"","INOVAI-NB-8","CPU info","GCC 13.3.0","2025-10-06 15:41:41"
53000000,simultaneo,sorted,4,46,0.016063851,0,"","INOVAI-NB-8","CPU info","GCC 13.3.0","2025-10-06 15:41:41"
54000000,não simultaneo,sorted,0,42,0.017589035,0,"","INOVAI-NB-8","CPU info","GCC 13.3.0","2025-10-06 15:41:41"
54000000,simultaneo,sorted,0,42,0.016627502,0,"","INOVAI-NB-8","CPU info","GCC 13.3.0","2025-10-06 15:41:41"
54000000,não simultaneo,sorted,1,43,0.017620219,0,"","INOVAI-NB-8","CPU info","GCC 13.3.0","2025-10-06 15:41:41"
54000000,simultaneo,sorted,1,43,0.016530864,0,"","INOVAI-NB-8","CPU info","GCC 13.3.0","2025-10-06 15:41:41"
54000000,não simultaneo,sorted,2,44,0.017962067,0,"","INOVAI-NB-8","CPU info","GCC 13.3.0","2025-10-06 15:41:41"
54000000,simultaneo,sorted,2,44,0.016435961,0,"","INOVAI-NB-8","CPU info","GCC 13.3.0","2025-10-06 15:41:41"
54000000,não simultaneo,sorted,3,45,0.018314201,0,"","INOVAI-NB-8","CPU info","GCC 13.3.0","2025-10-06 15:41:41"
54000000,simultaneo,sorted,3,45,0.016474181,0,"","INOVAI-NB-8","CPU info","GCC 13.3.0","2025-10-06 15:41:41"
54000000,não simultaneo,sorted,4,46,0.017247333,0,"","INOVAI-NB-8","CPU info","GCC 13.3.0","2025-10-06 15:41:41"
54000000,simultaneo,sorted,4,46,0.016269719,0,"","INOVAI-NB-8","CPU info","GCC 13.3.0","2025-10-06 15:41:41"
55000000,não simultaneo,sorted,0,42,0.017699574,0,"","INOVAI-NB-8","CPU info","GCC 13.3.0","2025-10-06 15:41:41"
55000000,simultaneo,sorted,0,42,0.016361085,0,"","INOVAI-NB-8","CPU info","GCC 13.3.0","2025-10-06 15:41:41"
55000000,não simultaneo,sorted,1,43,0.017350453,0,"","INOVAI-NB-8","CPU info","GCC 13.3.0","2025-10-06 15:41:41"
55000000,simultaneo,sorted,1,43,0.016244985,0,"","INOVAI-NB-8","CPU info","GCC 13.3.0","2025-10-06 15:41:41"
55000000,não simultaneo,sorted,2,44,0.018024219,0,"","INOVAI-NB-8","CPU info","GCC 13.3.0","2025-10-06 15:41:41"
55000000,simultaneo,sorted,2,44,0.017190023,0,"","INOVAI-NB-8","CPU info","GCC 13.3.0","2025-10-06 15:41:41"
55000000,não simultaneo,sorted,3,45,0.018674545,0,"","INOVAI-NB-8","CPU info","GCC 13.3.0","2025-10-06 15:41:41"
55000000,simultaneo,sorted,3,45,0.015636991,0,"","INOVAI-NB-8","CPU info","GCC 13.3.0","2025-10-06 15:41:41"
55000000,não simultaneo,sorted,4,46,0.017683345,0,"","INOVAI-NB-8","CPU info","GCC 13.3.0","2025-10-06 15:41:41"
55000000,simultaneo,sorted,4,46,0.016419766,0,"","INOVAI-NB-8","CPU info","GCC 13.3.0","2025-10-06 15:41:41"
56000000,não simultaneo,sorted,0,42,0.017726872,0,"","INOVAI-NB-8","CPU info","GCC 13.3.0","2025-10-06 15:41:41"
56000000,simultaneo,sorted,0,42,0.016688758,0,"","INOVAI-NB-8","CPU info","GCC 13.3.0","2025-10-06 15:41:41"
56000000,não simultaneo,sorted,1,43,0.017951893,0,"","INOVAI-NB-8","CPU info","GCC 13.3.0","2025-10-06 15:41:41"
56000000,simultaneo,sorted,1,43,0.016492649,0,"","INOVAI-NB-8","CPU info","GCC 13.3.0","2025-10-06 15:41:41"
56000000,não simultaneo,sorted,2,44,0.017646911,0,"","INOVAI-NB-8","CPU info","GCC 13.3.0","2025-10-06 15:41:41"
56000000,simultaneo,sorted,2,44,0.016599563,0,"","INOVAI-NB-8","CPU info","GCC 13.3.0","2025-10-06 15:41:41"
56000000,não simultaneo,sorted,3,45,0.018105198,0,"","INOVAI-NB-8","CPU info","GCC 13.3.0","2025-10-06 15:41:41"
56000000,simultaneo,sorted,3,45,0.016420612,0,"","INOVAI-NB-8","CPU info","GCC 13.3.0","2025-10-06 15:41:41"
56000000,não simultaneo,sorted,4,46,0.017563249,0,"","INOVAI-NB-8","CPU info","GCC 13.3.0","2025-10-06 15:41:41"
56000000,simultaneo,sorted,4,46,0.016609770,0,"","INOVAI-NB-8","CPU info","GCC 13.3.0","2025-10-06 15:41:41"
57000000,não simultaneo,sorted,0,42,0.019199905,0,"","INOVAI-NB-8","CPU info","GCC 13.3.0","2025-10-06 15:41:41"
57000000,simultaneo,sorted,0,42,0.018076435,0,"","INOVAI-NB-8","CPU info","GCC 13.3.0","2025-10-06 15:41:41"
57000000,não simultaneo,sorted,1,43,0.018593872,0,"","INOVAI-NB-8","CPU info","GCC 13.3.0","2025-10-06 15:41:41"
57000000,simultaneo,sorted,1,43,0.017349168,0,"","INOVAI-NB-8","CPU info","GCC 13.3.0","2025-10-06 15:41:41"
57000000,não simultaneo,sorted,2,44,0.018430635,0,"","INOVAI-NB-8","CPU info","GCC 13.3.0","2025-10-06 15:41:41"
57000000,simultaneo,sorted,2,44,0.017233792,0,"","INOVAI-NB-8","CPU info","GCC 13.3.0","2025-10-06 15:41:41"
57000000,não simultaneo,sorted,3,45,0.017987196,0,"","INOVAI-NB-8","CPU info","GCC 13.3.0","2025-10-06 15:41:41"
57000000,simultaneo,sorted,3,45,0.018164757,0,"","INOVAI-NB-8","CPU info","GCC 13.3.0","2025-10-06 15:41:41"
57000000,não simultaneo,sorted,4,46,0.018527118,0,"","INOVAI-NB-8","CPU info","GCC 13.3.0","2025-10-06 15:41:41"
57000000,simultaneo,sorted,4,46,0.017524423,0,"","INOVAI-NB-8","CPU info","GCC 13.3.0","2025-10-06 15:41:41"
58000000,não simultaneo,sorted,0,42,0.019004252,0,"","INOVAI-NB-8","CPU info","GCC 13.3.0","2025-10-06 15:41:41"
58000000,simultaneo,sorted,0,42,0.020241044,0,"","INOVAI-NB-8","CPU info","GCC 13.3.0","2025-10-06 15:41:41"
58000000,não simultaneo,sorted,1,43,0.019792122,0,"","INOVAI-NB-8","CPU info","GCC 13.3.0","2025-10-06 15:41:41"
58000000,simultaneo,sorted,1,43,0.017526357,0,"","INOVAI-NB-8","CPU info","GCC 13.3.0","2025-10-06 15:41:41"
58000000,não simultaneo,sorted,2,44,0.018451451,0,"","INOVAI-NB-8","CPU info","GCC 13.3.0","2025-10-06 15:41:41"
58000000,simultaneo,sorted,2,44,0.017368573,0,"","INOVAI-NB-8","CPU info","GCC 13.3.0","2025-10-06 15:41:41"
58000000,não simultaneo,sorted,3,45,0.019218461,0,"","INOVAI-NB-8","CPU info","GCC 13.3.0","2025-10-06 15:41:41"
58000000,simultaneo,sorted,3,45,0.017568506,0,"","INOVAI-NB-8","CPU info","GCC 13.3.0","2025-10-06 15:41:41"
58000000,não simultaneo,sorted,4,46,0.020694570,0,"","INOVAI-NB-8","CPU info","GCC 13.3.0","2025-10-06 15:41:41"
58000000,simultaneo,sorted,4,46,0.017536308,0,"","INOVAI-NB-8","CPU info","GCC 13.3.0","2025-10-06 15:41:41"
59000000,não simultaneo,sorted,0,42,0.018704819,0,"","INOVAI-NB-8","CPU info","GCC 13.3.0","2025-10-06 15:41:41"
59000000,simultaneo,sorted,0,42,0.017750148,0,"","INOVAI-NB-8","CPU info","GCC 13.3.0","2025-10-06 15:41:41"
59000000,não simultaneo,sorted,1,43,0.019763545,0,"","INOVAI-NB-8","CPU info","GCC 13.3.0","2025-10-06 15:41:41"
59000000,simultaneo,sorted,1,43,0.018698973,0,"","INOVAI-NB-8","CPU info","GCC 13.3.0","2025-10-06 15:41:41"
59000000,não simultaneo,sorted,2,44,0.019595184,0,"","INOVAI-NB-8","CPU info","GCC 13.3.0","2025-10-06 15:41:41"
59000000,simultaneo,sorted,2,44,0.017910963,0,"","INOVAI-NB-8","CPU info","GCC 13.3.0","2025-10-06 15:41:41"
59000000,não simultaneo,sorted,3,45,0.020111124,0,"","INOVAI-NB-8","CPU info","GCC 13.3.0","2025-10-06 15:41:41"
59000000,simultaneo,sorted,3,45,0.018025069,0,"","INOVAI-NB-8","CPU info","GCC 13.3.0","2025-10-06 15:41:41"
59000000,não simultaneo,sorted,4,46,0.018532154,0,"","INOVAI-NB-8","CPU info","GCC 13.3.0","2025-10-06 15:41:41"
59000000,simultaneo,sorted,4,46,0.017680628,0,"","INOVAI-NB-8","CPU info","GCC 13.3.0","2025-10-06 15:41:41"
60000000,não simultaneo,sorted,0,42,0.019062857,0,"","INOVAI-NB-8","CPU info","GCC 13.3.0","2025-10-06 15:41:41"
60000000,simultaneo,sorted,0,42,0.019344933,0,"","INOVAI-NB-8","CPU info","GCC 13.3.0","2025-10-06 15:41:41"
60000000,não simultaneo,sorted,1,43,0.019946535,0,"","INOVAI-NB-8","CPU info","GCC 13.3.0","2025-10-06 15:41:41"
60000000,simultaneo,sorted,1,43,0.017981918,0,"","INOVAI-NB-8","CPU info","GCC 13.3.0","2025-10-06 15:41:41"
60000000,não simultaneo,sorted,2,44,0.019421810,0,"","INOVAI-NB-8","CPU info","GCC 13.3.0","2025-10-06 15:41:41"
60000000,simultaneo,sorted,2,44,0.017911414,0,"","INOVAI-NB-8","CPU info","GCC 13.3.0","2025-10-06 15:41:41"
60000000,não simultaneo,sorted,3,45,0.019477443,0,"","INOVAI-NB-8","CPU info","GCC 13.3.0","2025-10-06 15:41:41"
60000000,simultaneo,sorted,3,45,0.019257862,0,"","INOVAI-NB-8","CPU info","GCC 13.3.0","2025-10-06 15:41:41"
60000000,não simultaneo,sorted,4,46,0.019244337,0,"","INOVAI-NB-8","CPU info","GCC 13.3.0","2025-10-06 15:41:41"
60000000,simultaneo,sorted,4,46,0.018149960,0,"","INOVAI-NB-8","CPU info","GCC 13.3.0","2025-10-06 15:41:41"
61000000,não simultaneo,sorted,0,42,0.020731476,0,"","INOVAI-NB-8","CPU info","GCC 13.3.0","2025-10-06 15:41:41"
61000000,simultaneo,sorted,0,42,0.018491380,0,"","INOVAI-NB-8","CPU info","GCC 13.3.0","2025-10-06 15:41:41"
61000000,não simultaneo,sorted,1,43,0.019160631,0,"","INOVAI-NB-8","CPU info","GCC 13.3.0","2025-10-06 15:41:41"
61000000,simultaneo,sorted,1,43,0.017984417,0,"","INOVAI-NB-8","CPU info","GCC 13.3.0","2025-10-06 15:41:41"
61000000,não simultaneo,sorted,2,44,0.019884177,0,"","INOVAI-NB-8","CPU info","GCC 13.3.0","2025-10-06 15:41:41"
61000000,simultaneo,sorted,2,44,0.018461303,0,"","INOVAI-NB-8","CPU info","GCC 13.3.0","2025-10-06 15:41:41"
61000000,não simultaneo,sorted,3,45,0.019550926,0,"","INOVAI-NB-8","CPU info","GCC 13.3.0","2025-10-06 15:41:41"
61000000,simultaneo,sorted,3,45,0.018355802,0,"","INOVAI-NB-8","CPU info","GCC 13.3.0","2025-10-06 15:41:41"
61000000,não simultaneo,sorted,4,46,0.022043074,0,"","INOVAI-NB-8","CPU info","GCC 13.3.0","2025-10-06 15:41:41"
61000000,simultaneo,sorted,4,46,0.017756453,0,"","INOVAI-NB-8","CPU info","GCC 13.3.0","2025-10-06 15:41:41"
62000000,não simultaneo,sorted,0,42,0.020229513,0,"","INOVAI-NB-8","CPU info","GCC 13.3.0","2025-10-06 15:41:41"
62000000,simultaneo,sorted,0,42,0.018560589,0,"","INOVAI-NB-8","CPU info","GCC 13.3.0","2025-10-06 15:41:41"
62000000,não simultaneo,sorted,1,43,0.020051746,0,"","INOVAI-NB-8","CPU info","GCC 13.3.0","2025-10-06 15:41:41"
62000000,simultaneo,sorted,1,43,0.019046341,0,"","INOVAI-NB-8","CPU info","GCC 13.3.0","2025-10-06 15:41:41"
62000000,não simultaneo,sorted,2,44,0.019783100,0,"","INOVAI-NB-8","CPU info","GCC 13.3.0","2025-10-06 15:41:41"
62000000,simultaneo,sorted,2,44,0.018069618,0,"","INOVAI-NB-8","CPU info","GCC 13.3.0","2025-10-06 15:41:41"
62000000,não simultaneo,sorted,3,45,0.020422971,0,"","INOVAI-NB-8","CPU info","GCC 13.3.0","2025-10-06 15:41:41"
62000000,simultaneo,sorted,3,45,0.019856288,0,"","INOVAI-NB-8","CPU info","GCC 13.3.0","2025-10-06 15:41:41"
62000000,não simultaneo,sorted,4,46,0.024585054,0,"","INOVAI-NB-8","CPU info","GCC 13.3.0","2025-10-06 15:41:41"
62000000,simultaneo,sorted,4,46,0.018921346,0,"","INOVAI-NB-8","CPU info","GCC 13.3.0","2025-10-06 15:41:41"
63000000,não simultaneo,sorted,0,42,0.021610514,0,"","INOVAI-NB-8","CPU info","GCC 13.3.0","2025-10-06 15:41:41"
63000000,simultaneo,sorted,0,42,0.018931521,0,"","INOVAI-NB-8","CPU info","GCC 13.3.0","2025-10-06 15:41:41"
63000000,não simultaneo,sorted,1,43,0.020208641,0,"","INOVAI-NB-8","CPU info","GCC 13.3.0","2025-10-06 15:41:41"
63000000,simultaneo,sorted,1,43,0.018919696,0,"","INOVAI-NB-8","CPU info","GCC 13.3.0","2025-10-06 15:41:41"
63000000,não simultaneo,sorted,2,44,0.020407421,0,"","INOVAI-NB-8","CPU info","GCC 13.3.0","2025-10-06 15:41:41"
63000000,simultaneo,sorted,2,44,0.019089543,0,"","INOVAI-NB-8","CPU info","GCC 13.3.0","2025-10-06 15:41:41"
63000000,não simultaneo,sorted,3,45,0.020552116,0,"","INOVAI-NB-8","CPU info","GCC 13.3.0","2025-10-06 15:41:41"
63000000,simultaneo,sorted,3,45,0.019338005,0,"","INOVAI-NB-8","CPU info","GCC 13.3.0","2025-10-06 15:41:41"
63000000,não simultaneo,sorted,4,46,0.020561232,0,"","INOVAI-NB-8","CPU info","GCC 13.3.0","2025-10-06 15:41:41"
63000000,simultaneo,sorted,4,46,0.018877627,0,"","INOVAI-NB-8","CPU info","GCC 13.3.0","2025-10-06 15:41:41"
64000000,não simultaneo,sorted,0,42,0.020947975,0,"","INOVAI-NB-8","CPU info","GCC 13.3.0","2025-10-06 15:41:41"
64000000,simultaneo,sorted,0,42,0.019232385,0,"","INOVAI-NB-8","CPU info","GCC 13.3.0","2025-10-06 15:41:41"
64000000,não simultaneo,sorted,1,43,0.020856685,0,"","INOVAI-NB-8","CPU info","GCC 13.3.0","2025-10-06 15:41:41"
64000000,simultaneo,sorted,1,43,0.021217946,0,"","INOVAI-NB-8","CPU info","GCC 13.3.0","2025-10-06 15:41:41"
64000000,não simultaneo,sorted,2,44,0.021159289,0,"","INOVAI-NB-8","CPU info","GCC 13.3.0","2025-10-06 15:41:41"
64000000,simultaneo,sorted,2,44,0.019938829,0,"","INOVAI-NB-8","CPU info","GCC 13.3.0","2025-10-06 15:41:41"
64000000,não simultaneo,sorted,3,45,0.020790402,0,"","INOVAI-NB-8","CPU info","GCC 13.3.0","2025-10-06 15:41:41"
64000000,simultaneo,sorted,3,45,0.019873304,0,"","INOVAI-NB-8","CPU info","GCC 13.3.0","2025-10-06 15:41:41"
64000000,não simultaneo,sorted,4,46,0.027922689,0,"","INOVAI-NB-8","CPU info","GCC 13.3.0","2025-10-06 15:41:41"
64000000,simultaneo,sorted,4,46,0.018292956,0,"","INOVAI-NB-8","CPU info","GCC 13.3.0","2025-10-06 15:41:41"
65000000,não simultaneo,sorted,0,42,0.021718147,0,"","INOVAI-NB-8","CPU info","GCC 13.3.0","2025-10-06 15:41:41"
65000000,simultaneo,sorted,0,42,0.019637332,0,"","INOVAI-NB-8","CPU info","GCC 13.3.0","2025-10-06 15:41:41"
65000000,não simultaneo,sorted,1,43,0.020981197,0,"","INOVAI-NB-8","CPU info","GCC 13.3.0","2025-10-06 15:41:41"
65000000,simultaneo,sorted,1,43,0.021709304,0,"","INOVAI-NB-8","CPU info","GCC 13.3.0","2025-10-06 15:41:41"
65000000,não simultaneo,sorted,2,44,0.021194557,0,"","INOVAI-NB-8","CPU info","GCC 13.3.0","2025-10-06 15:41:41"
65000000,simultaneo,sorted,2,44,0.019722572,0,"","INOVAI-NB-8","CPU info","GCC 13.3.0","2025-10-06 15:41:41"
65000000,não simultaneo,sorted,3,45,0.021575841,0,"","INOVAI-NB-8","CPU info","GCC 13.3.0","2025-10-06 15:41:41"
65000000,simultaneo,sorted,3,45,0.019679832,0,"","INOVAI-NB-8","CPU info","GCC 13.3.0","2025-10-06 15:41:41"
65000000,não simultaneo,sorted,4,46,0.021207322,0,"","INOVAI-NB-8","CPU info","GCC 13.3.0","2025-10-06 15:41:41"
65000000,simultaneo,sorted,4,46,0.019732271,0,"","INOVAI-NB-8","CPU info","GCC 13.3.0","2025-10-06 15:41:41"
66000000,não simultaneo,sorted,0,42,0.021633530,0,"","INOVAI-NB-8","CPU info","GCC 13.3.0","2025-10-06 15:41:41"
66000000,simultaneo,sorted,0,42,0.019639479,0,"","INOVAI-NB-8","CPU info","GCC 13.3.0","2025-10-06 15:41:41"
66000000,não simultaneo,sorted,1,43,0.021637985,0,"","INOVAI-NB-8","CPU info","GCC 13.3.0","2025-10-06 15:41:41"
66000000,simultaneo,sorted,1,43,0.020309901,0,"","INOVAI-NB-8","CPU info","GCC 13.3.0","2025-10-06 15:41:41"
66000000,não simultaneo,sorted,2,44,0.021805846,0,"","INOVAI-NB-8","CPU info","GCC 13.3.0","2025-10-06 15:41:41"
66000000,simultaneo,sorted,2,44,0.019789739,0,"","INOVAI-NB-8","CPU info","GCC 13.3.0","2025-10-06 15:41:41"
66000000,não simultaneo,sorted,3,45,0.021277831,0,"","INOVAI-NB-8","CPU info","GCC 13.3.0","2025-10-06 15:41:41"
66000000,simultaneo,sorted,3,45,0.021715087,0,"","INOVAI-NB-8","CPU info","GCC 13.3.0","2025-10-06 15:41:41"
66000000,não simultaneo,sorted,4,46,0.021376717,0,"","INOVAI-NB-8","CPU info","GCC 13.3.0","2025-10-06 15:41:41"
66000000,simultaneo,sorted,4,46,0.020013443,0,"","INOVAI-NB-8","CPU info","GCC 13.3.0","2025-10-06 15:41:41"
67000000,não simultaneo,sorted,0,42,0.021971640,0,"","INOVAI-NB-8","CPU info","GCC 13.3.0","2025-10-06 15:41:41"
67000000,simultaneo,sorted,0,42,0.020269724,0,"","INOVAI-NB-8","CPU info","GCC 13.3.0","2025-10-06 15:41:41"
67000000,não simultaneo,sorted,1,43,0.023494168,0,"","INOVAI-NB-8","CPU info","GCC 13.3.0","2025-10-06 15:41:41"
67000000,simultaneo,sorted,1,43,0.019452158,0,"","INOVAI-NB-8","CPU info","GCC 13.3.0","2025-10-06 15:41:41"
67000000,não simultaneo,sorted,2,44,0.022661388,0,"","INOVAI-NB-8","CPU info","GCC 13.3.0","2025-10-06 15:41:41"
67000000,simultaneo,sorted,2,44,0.020551800,0,"","INOVAI-NB-8","CPU info","GCC 13.3.0","2025-10-06 15:41:41"
67000000,não simultaneo,sorted,3,45,0.021910442,0,"","INOVAI-NB-8","CPU info","GCC 13.3.0","2025-10-06 15:41:41"
67000000,simultaneo,sorted,3,45,0.020238802,0,"","INOVAI-NB-8","CPU info","GCC 13.3.0","2025-10-06 15:41:41"
67000000,não simultaneo,sorted,4,46,0.021606686,0,"","INOVAI-NB-8","CPU info","GCC 13.3.0","2025-10-06 15:41:41"
67000000,simultaneo,sorted,4,46,0.020038716,0,"","INOVAI-NB-8","CPU info","GCC 13.3.0","2025-10-06 15:41:41"
68000000,não simultaneo,sorted,0,42,0.024397757,0,"","INOVAI-NB-8","CPU info","GCC 13.3.0","2025-10-06 15:41:41"
68000000,simultaneo,sorted,0,42,0.021093544,0,"","INOVAI-NB-8","CPU info","GCC 13.3.0","2025-10-06 15:41:41"
68000000,não simultaneo,sorted,1,43,0.022394994,0,"","INOVAI-NB-8","CPU info","GCC 13.3.0","2025-10-06 15:41:41"
68000000,simultaneo,sorted,1,43,0.020159090,0,"","INOVAI-NB-8","CPU info","GCC 13.3.0","2025-10-06 15:41:41"
68000000,não simultaneo,sorted,2,44,0.028271819,0,"","INOVAI-NB-8","CPU info","GCC 13.3.0","2025-10-06 15:41:41"
68000000,simultaneo,sorted,2,44,0.020778095,0,"","INOVAI-NB-8","CPU info","GCC 13.3.0","2025-10-06 15:41:41"
68000000,não simultaneo,sorted,3,45,0.022699609,0,"","INOVAI-NB-8","CPU info","GCC 13.3.0","2025-10-06 15:41:41"
68000000,simultaneo,sorted,3,45,0.020446593,0,"","INOVAI-NB-8","CPU info","GCC 13.3.0","2025-10-06 15:41:41"
68000000,não simultaneo,sorted,4,46,0.023000947,0,"","INOVAI-NB-8","CPU info","GCC 13.3.0","2025-10-06 15:41:41"
68000000,simultaneo,sorted,4,46,0.020958713,0,"","INOVAI-NB-8","CPU info","GCC 13.3.0","2025-10-06 15:41:41"
69000000,não simultaneo,sorted,0,42,0.024676512,0,"","INOVAI-NB-8","CPU info","GCC 13.3.0","2025-10-06 15:41:41"
69000000,simultaneo,sorted,0,42,0.020965458,0,"","INOVAI-NB-8","CPU info","GCC 13.3.0","2025-10-06 15:41:41"
69000000,não simultaneo,sorted,1,43,0.022831767,0,"","INOVAI-NB-8","CPU info","GCC 13.3.0","2025-10-06 15:41:41"
69000000,simultaneo,sorted,1,43,0.021080484,0,"","INOVAI-NB-8","CPU info","GCC 13.3.0","2025-10-06 15:41:41"
69000000,não simultaneo,sorted,2,44,0.023766895,0,"","INOVAI-NB-8","CPU info","GCC 13.3.0","2025-10-06 15:41:41"
69000000,simultaneo,sorted,2,44,0.020748688,0,"","INOVAI-NB-8","CPU info","GCC 13.3.0","2025-10-06 15:41:41"
69000000,não simultaneo,sorted,3,45,0.022639849,0,"","INOVAI-NB-8","CPU info","GCC 13.3.0","2025-10-06 15:41:41"
69000000,simultaneo,sorted,3,45,0.020573744,0,"","INOVAI-NB-8","CPU info","GCC 13.3.0","2025-10-06 15:41:41"
69000000,não simultaneo,sorted,4,46,0.022778413,0,"","INOVAI-NB-8","CPU info","GCC 13.3.0","2025-10-06 15:41:41"
69000000,simultaneo,sorted,4,46,0.021468850,0,"","INOVAI-NB-8","CPU info","GCC 13.3.0","2025-10-06 15:41:41"
70000000,não simultaneo,sorted,0,42,0.023348356,0,"","INOVAI-NB-8","CPU info","GCC 13.3.0","2025-10-06 15:41:41"
70000000,simultaneo,sorted,0,42,0.020436640,0,"","INOVAI-NB-8","CPU info","GCC 13.3.0","2025-10-06 15:41:41"
70000000,não simultaneo,sorted,1,43,0.022383757,0,"","INOVAI-NB-8","CPU info","GCC 13.3.0","2025-10-06 15:41:41"
70000000,simultaneo,sorted,1,43,0.020378752,0,"","INOVAI-NB-8","CPU info","GCC 13.3.0","2025-10-06 15:41:41"
70000000,não simultaneo,sorted,2,44,0.022933668,0,"","INOVAI-NB-8","CPU info","GCC 13.3.0","2025-10-06 15:41:41"
70000000,simultaneo,sorted,2,44,0.021035096,0,"","INOVAI-NB-8","CPU info","GCC 13.3.0","2025-10-06 15:41:41"
70000000,não simultaneo,sorted,3,45,0.025800379,0,"","INOVAI-NB-8","CPU info","GCC 13.3.0","2025-10-06 15:41:41"
70000000,simultaneo,sorted,3,45,0.022189820,0,"","INOVAI-NB-8","CPU info","GCC 13.3.0","2025-10-06 15:41:41"
70000000,não simultaneo,sorted,4,46,0.023206658,0,"","INOVAI-NB-8","CPU info","GCC 13.3.0","2025-10-06 15:41:41"
70000000,simultaneo,sorted,4,46,0.020373502,0,"","INOVAI-NB-8","CPU info","GCC 13.3.0","2025-10-06 15:41:41"
71000000,não simultaneo,sorted,0,42,0.022828413,0,"","INOVAI-NB-8","CPU info","GCC 13.3.0","2025-10-06 15:41:41"
71000000,simultaneo,sorted,0,42,0.021205731,0,"","INOVAI-NB-8","CPU info","GCC 13.3.0","2025-10-06 15:41:41"
71000000,não simultaneo,sorted,1,43,0.024270797,0,"","INOVAI-NB-8","CPU info","GCC 13.3.0","2025-10-06 15:41:41"
71000000,simultaneo,sorted,1,43,0.022038378,0,"","INOVAI-NB-8","CPU info","GCC 13.3.0","2025-10-06 15:41:41"
71000000,não simultaneo,sorted,2,44,0.022971852,0,"","INOVAI-NB-8","CPU info","GCC 13.3.0","2025-10-06 15:41:41"
71000000,simultaneo,sorted,2,44,0.020037493,0,"","INOVAI-NB-8","CPU info","GCC 13.3.0","2025-10-06 15:41:41"
71000000,não simultaneo,sorted,3,45,0.023166969,0,"","INOVAI-NB-8","CPU info","GCC 13.3.0","2025-10-06 15:41:41"
71000000,simultaneo,sorted,3,45,0.021077490,0,"","INOVAI-NB-8","CPU info","GCC 13.3.0","2025-10-06 15:41:41"
71000000,não simultaneo,sorted,4,46,0.023334666,0,"","INOVAI-NB-8","CPU info","GCC 13.3.0","2025-10-06 15:41:41"
71000000,simultaneo,sorted,4,46,0.020725791,0,"","INOVAI-NB-8","CPU info","GCC 13.3.0","2025-10-06 15:41:41"
72000000,não simultaneo,sorted,0,42,0.023540356,0,"","INOVAI-NB-8","CPU info","GCC 13.3.0","2025-10-06 15:41:41"
72000000,simultaneo,sorted,0,42,0.020916422,0,"","INOVAI-NB-8","CPU info","GCC 13.3.0","2025-10-06 15:41:41"
72000000,não simultaneo,sorted,1,43,0.023146026,0,"","INOVAI-NB-8","CPU info","GCC 13.3.0","2025-10-06 15:41:41"
72000000,simultaneo,sorted,1,43,0.021756763,0,"","INOVAI-NB-8","CPU info","GCC 13.3.0","2025-10-06 15:41:41"
72000000,não simultaneo,sorted,2,44,0.022820463,0,"","INOVAI-NB-8","CPU info","GCC 13.3.0","2025-10-06 15:41:41"
72000000,simultaneo,sorted,2,44,0.021218754,0,"","INOVAI-NB-8","CPU info","GCC 13.3.0","2025-10-06 15:41:41"
72000000,não simultaneo,sorted,3,45,0.022858208,0,"","INOVAI-NB-8","CPU info","GCC 13.3.0","2025-10-06 15:41:41"
72000000,simultaneo,sorted,3,45,0.020968426,0,"","INOVAI-NB-8","CPU info","GCC 13.3.0","2025-10-06 15:41:41"
72000000,não simultaneo,sorted,4,46,0.023799159,0,"","INOVAI-NB-8","CPU info","GCC 13.3.0","2025-10-06 15:41:41"
72000000,simultaneo,sorted,4,46,0.022436065,0,"","INOVAI-NB-8","CPU info","GCC 13.3.0","2025-10-06 15:41:41"
73000000,não simultaneo,sorted,0,42,0.026168410,0,"","INOVAI-NB-8","CPU info","GCC 13.3.0","2025-10-06 15:41:41"
73000000,simultaneo,sorted,0,42,0.023244961,0,"","INOVAI-NB-8","CPU info","GCC 13.3.0","2025-10-06 15:41:41"
73000000,não simultaneo,sorted,1,43,0.023753691,0,"","INOVAI-NB-8","CPU info","GCC 13.3.0","2025-10-06 15:41:41"
73000000,simultaneo,sorted,1,43,0.020885855,0,"","INOVAI-NB-8","CPU info","GCC 13.3.0","2025-10-06 15:41:41"
73000000,não simultaneo,sorted,2,44,0.023319932,0,"","INOVAI-NB-8","CPU info","GCC 13.3.0","2025-10-06 15:41:41"
73000000,simultaneo,sorted,2,44,0.020140479,0,"","INOVAI-NB-8","CPU info","GCC 13.3.0","2025-10-06 15:41:41"
73000000,não simultaneo,sorted,3,45,0.022796975,0,"","INOVAI-NB-8","CPU info","GCC 13.3.0","2025-10-06 15:41:41"
73000000,simultaneo,sorted,3,45,0.021347356,0,"","INOVAI-NB-8","CPU info","GCC 13.3.0","2025-10-06 15:41:41"
73000000,não simultaneo,sorted,4,46,0.022556080,0,"","INOVAI-NB-8","CPU info","GCC 13.3.0","2025-10-06 15:41:41"
73000000,simultaneo,sorted,4,46,0.021176324,0,"","INOVAI-NB-8","CPU info","GCC 13.3.0","2025-10-06 15:41:41"
74000000,não simultaneo,sorted,0,42,0.023463895,0,"","INOVAI-NB-8","CPU info","GCC 13.3.0","2025-10-06 15:41:41"
74000000,simultaneo,sorted,0,42,0.021891673,0,"","INOVAI-NB-8","CPU info","GCC 13.3.0","2025-10-06 15:41:41"
74000000,não simultaneo,sorted,1,43,0.025185449,0,"","INOVAI-NB-8","CPU info","GCC 13.3.0","2025-10-06 15:41:41"
74000000,simultaneo,sorted,1,43,0.021479527,0,"","INOVAI-NB-8","CPU info","GCC 13.3.0","2025-10-06 15:41:41"
74000000,não simultaneo,sorted,2,44,0.026044694,0,"","INOVAI-NB-8","CPU info","GCC 13.3.0","2025-10-06 15:41:41"
74000000,simultaneo,sorted,2,44,0.021337163,0,"","INOVAI-NB-8","CPU info","GCC 13.3.0","2025-10-06 15:41:41"
74000000,não simultaneo,sorted,3,45,0.023497193,0,"","INOVAI-NB-8","CPU info","GCC 13.3.0","2025-10-06 15:41:41"
74000000,simultaneo,sorted,3,45,0.020498909,0,"","INOVAI-NB-8","CPU info","GCC 13.3.0","2025-10-06 15:41:41"
74000000,não simultaneo,sorted,4,46,0.023260804,0,"","INOVAI-NB-8","CPU info","GCC 13.3.0","2025-10-06 15:41:41"
74000000,simultaneo,sorted,4,46,0.021751567,0,"","INOVAI-NB-8","CPU info","GCC 13.3.0","2025-10-06 15:41:41"
2050000000,não simultaneo,sorted,0,42,0.757246921,0,"","INOVAI-NB-8","CPU info","GCC 13.3.0","2025-10-06 15:41:41"
2050000000,simultaneo,sorted,0,42,0.564676663,0,"","INOVAI-NB-8","CPU info","GCC 13.3.0","2025-10-06 15:41:41"
2050000000,não simultaneo,sorted,1,43,0.628533664,0,"","INOVAI-NB-8","CPU info","GCC 13.3.0","2025-10-06 15:41:41"
2050000000,simultaneo,sorted,1,43,0.479055236,0,"","INOVAI-NB-8","CPU info","GCC 13.3.0","2025-10-06 15:41:41"
2050000000,não simultaneo,sorted,2,44,0.610777539,0,"","INOVAI-NB-8","CPU info","GCC 13.3.0","2025-10-06 15:41:41"
2050000000,simultaneo,sorted,2,44,0.490407867,0,"","INOVAI-NB-8","CPU info","GCC 13.3.0","2025-10-06 15:41:41"
2050000000,não simultaneo,sorted,3,45,0.639587731,0,"","INOVAI-NB-8","CPU info","GCC 13.3.0","2025-10-06 15:41:41"
2050000000,simultaneo,sorted,3,45,0.491375871,0,"","INOVAI-NB-8","CPU info","GCC 13.3.0","2025-10-06 15:41:41"
2050000000,não simultaneo,sorted,4,46,0.631818656,0,"","INOVAI-NB-8","CPU info","GCC 13.3.0","2025-10-06 15:41:41"
2050000000,simultaneo,sorted,4,46,0.491930022,0,"","INOVAI-NB-8","CPU info","GCC 13.3.0","2025-10-06 15:41:41"
1000,não simultaneo,reverse,0,42,0.000000557,0,"","INOVAI-NB-8","CPU info","GCC 13.3.0","2025-10-06 15:41:41"
1000,simultaneo,reverse,0,42,0.000000265,0,"","INOVAI-NB-8","CPU info","GCC 13.3.0","2025-10-06 15:41:41"
1000,não simultaneo,reverse,1,43,0.000000078,0,"","INOVAI-NB-8","CPU info","GCC 13.3.0","2025-10-06 15:41:41"
1000,simultaneo,reverse,1,43,0.000000246,0,"","INOVAI-NB-8","CPU info","GCC 13.3.0","2025-10-06 15:41:41"
1000,não simultaneo,reverse,2,44,0.000000073,0,"","INOVAI-NB-8","CPU info","GCC 13.3.0","2025-10-06 15:41:41"
1000,simultaneo,reverse,2,44,0.000000245,0,"","INOVAI-NB-8","CPU info","GCC 13.3.0","2025-10-06 15:41:41"
1000,não simultaneo,reverse,3,45,0.000000074,0,"","INOVAI-NB-8","CPU info","GCC 13.3.0","2025-10-06 15:41:41"
1000,simultaneo,reverse,3,45,0.000000245,0,"","INOVAI-NB-8","CPU info","GCC 13.3.0","2025-10-06 15:41:41"
1000,não simultaneo,reverse,4,46,0.000000075,0,"","INOVAI-NB-8","CPU info","GCC 13.3.0","2025-10-06 15:41:41"
1000,simultaneo,reverse,4,46,0.000000246,0,"","INOVAI-NB-8","CPU info","GCC 13.3.0","2025-10-06 15:41:41"
2000,não simultaneo,reverse,0,42,0.000000138,0,"","INOVAI-NB-8","CPU info","GCC 13.3.0","2025-10-06 15:41:41"
2000,simultaneo,reverse,0,42,0.000000484,0,"","INOVAI-NB-8","CPU info","GCC 13.3.0","2025-10-06 15:41:41"
2000,não simultaneo,reverse,1,43,0.000000128,0,"","INOVAI-NB-8","CPU info","GCC 13.3.0","2025-10-06 15:41:41"
2000,simultaneo,reverse,1,43,0.000000471,0,"","INOVAI-NB-8","CPU info","GCC 13.3.0","2025-10-06 15:41:41"
2000,não simultaneo,reverse,2,44,0.000000128,0,"","INOVAI-NB-8","CPU info","GCC 13.3.0","2025-10-06 15:41:41"
2000,simultaneo,reverse,2,44,0.000000470,0,"","INOVAI-NB-8","CPU info","GCC 13.3.0","2025-10-06 15:41:41"
2000,não simultaneo,reverse,3,45,0.000000130,0,"","INOVAI-NB-8","CPU info","GCC 13.3.0","2025-10-06 15:41:41"
2000,simultaneo,reverse,3,45,0.000000471,0,"","INOVAI-NB-8","CPU info","GCC 13.3.0","2025-10-06 15:41:41"
2000,não simultaneo,reverse,4,46,0.000000130,0,"","INOVAI-NB-8","CPU info","GCC 13.3.0","2025-10-06 15:41:41"
2000,simultaneo,reverse,4,46,0.000000471,0,"","INOVAI-NB-8","CPU info","GCC 13.3.0","2025-10-06 15:41:41"
3000,não simultaneo,reverse,0,42,0.000000227,0,"","INOVAI-NB-8","CPU info","GCC 13.3.0","2025-10-06 15:41:41"
3000,simultaneo,reverse,0,42,0.000000716,0,"","INOVAI-NB-8","CPU info","GCC 13.3.0","2025-10-06 15:41:41"
3000,não simultaneo,reverse,1,43,0.000000194,0,"","INOVAI-NB-8","CPU info","GCC 13.3.0","2025-10-06 15:41:41"
3000,simultaneo,reverse,1,43,0.000000700,0,"","INOVAI-NB-8","CPU info","GCC 13.3.0","2025-10-06 15:41:41"
3000,não simultaneo,reverse,2,44,0.000000192,0,"","INOVAI-NB-8","CPU info","GCC 13.3.0","2025-10-06 15:41:41"
3000,simultaneo,reverse,2,44,0.000000698,0,"","INOVAI-NB-8","CPU info","GCC 13.3.0","2025-10-06 15:41:41"
3000,não simultaneo,reverse,3,45,0.000000185,0,"","INOVAI-NB-8","CPU info","GCC 13.3.0","2025-10-06 15:41:41"
3000,simultaneo,reverse,3,45,0.000000697,0,"","INOVAI-NB-8","CPU info","GCC 13.3.0","2025-10-06 15:41:41"
3000,não simultaneo,reverse,4,46,0.000000183,0,"","INOVAI-NB-8","CPU info","GCC 13.3.0","2025-10-06 15:41:41"
3000,simultaneo,reverse,4,46,0.000000698,0,"","INOVAI-NB-8","CPU info","GCC 13.3.0","2025-10-06 15:41:41"
4000,não simultaneo,reverse,0,42,0.000000260,0,"","INOVAI-NB-8","CPU info","GCC 13.3.0","2025-10-06 15:41:41"
4000,simultaneo,reverse,0,42,0.000000933,0,"","INOVAI-NB-8","CPU info","GCC 13.3.0","2025-10-06 15:41:41"
4000,não simultaneo,reverse,1,43,0.000000246,0,"","INOVAI-NB-8","CPU info","GCC 13.3.0","2025-10-06 15:41:41"
4000,simultaneo,reverse,1,43,0.000000933,0,"","INOVAI-NB-8","CPU info","GCC 13.3.0","2025-10-06 15:41:41"
4000,não simultaneo,reverse,2,44,0.000000239,0,"","INOVAI-NB-8","CPU info","GCC 13.3.0","2025-10-06 15:41:41"
4000,simultaneo,reverse,2,44,0.000000931,0,"","INOVAI-NB-8","CPU info","GCC 13.3.0","2025-10-06 15:41:41"
4000,não simultaneo,reverse,3,45,0.000000240,0,"","INOVAI-NB-8","CPU info","GCC 13.3.0","2025-10-06 15:41:41"
4000,simultaneo,reverse,3,45,0.000000930,0,"","INOVAI-NB-8","CPU info","GCC 13.3.0","2025-10-06 15:41:41"
4000,não simultaneo,reverse,4,46,0.000000243,0,"","INOVAI-NB-8","CPU info","GCC 13.3.0","2025-10-06 15:41:41"
4000,simultaneo,reverse,4,46,0.000000923,0,"","INOVAI-NB-8","CPU info","GCC 13.3.0","2025-10-06 15:41:41"
5000,não simultaneo,reverse,0,42,0.000000299,0,"","INOVAI-NB-8","CPU info","GCC 13.3.0","2025-10-06 15:41:41"
5000,simultaneo,reverse,0,42,0.000001154,0,"","INOVAI-NB-8","CPU info","GCC 13.3.0","2025-10-06 15:41:41"
5000,não simultaneo,reverse,1,43,0.000000290,0,"","INOVAI-NB-8","CPU info","GCC 13.3.0","2025-10-06 15:41:41"
5000,simultaneo,reverse,1,43,0.000001154,0,"","INOVAI-NB-8","CPU info","GCC 13.3.0","2025-10-06 15:41:41"
5000,não simultaneo,reverse,2,44,0.000000287,0,"","INOVAI-NB-8","CPU info","GCC 13.3.0","2025-10-06 15:41:41"
5000,simultaneo,reverse,2,44,0.000001148,0,"","INOVAI-NB-8","CPU info","GCC 13.3.0","2025-10-06 15:41:41"
5000,não simultaneo,reverse,3,45,0.000000289,0,"","INOVAI-NB-8","CPU info","GCC 13.3.0","2025-10-06 15:41:41"
5000,simultaneo,reverse,3,45,0.000001147,0,"","INOVAI-NB-8","CPU info","GCC 13.3.0","2025-10-06 15:41:41"
5000,não simultaneo,reverse,4,46,0.000000288,0,"","INOVAI-NB-8","CPU info","GCC 13.3.0","2025-10-06 15:41:41"
5000,simultaneo,reverse,4,46,0.000001147,0,"","INOVAI-NB-8","CPU info","GCC 13.3.0","2025-10-06 15:41:41"
6000,não simultaneo,reverse,0,42,0.000000368,0,"","INOVAI-NB-8","CPU info","GCC 13.3.0","2025-10-06 15:41:41"
6000,simultaneo,reverse,0,42,0.000001381,0,"","INOVAI-NB-8","CPU info","GCC 13.3.0","2025-10-06 15:41:41"
6000,não simultaneo,reverse,1,43,0.000000367,0,"","INOVAI-NB-8","CPU info","GCC 13.3.0","2025-10-06 15:41:41"
6000,simultaneo,reverse,1,43,0.000001381,0,"","INOVAI-NB-8","CPU info","GCC 13.3.0","2025-10-06 15:41:41"
6000,não simultaneo,reverse,2,44,0.000000351,0,"","INOVAI-NB-8","CPU info","GCC 13.3.0","2025-10-06 15:41:41"
6000,simultaneo,reverse,2,44,0.000001382,0,"","INOVAI-NB-8","CPU info","GCC 13.3.0","2025-10-06 15:41:41"
6000,não simultaneo,reverse,3,45,0.000000348,0,"","INOVAI-NB-8","CPU info","GCC 13.3.0","2025-10-06 15:41:41"
6000,simultaneo,reverse,3,45,0.000001382,0,"","INOVAI-NB-8","CPU info","GCC 13.3.0","2025-10-06 15:41:41"
6000,não simultaneo,reverse,4,46,0.000000342,0,"","INOVAI-NB-8","CPU info","GCC 13.3.0","2025-10-06 15:41:41"
6000,simultaneo,reverse,4,46,0.000001379,0,"","INOVAI-NB-8","CPU info","GCC 13.3.0","2025-10-06 15:41:41"
7000,não simultaneo,reverse,0,42,0.000000408,0,"","INOVAI-NB-8","CPU info","GCC 13.3.0","2025-10-06 15:41:41"
7000,simultaneo,reverse,0,42,0.000001609,0,"","INOVAI-NB-8","CPU info","GCC 13.3.0","2025-10-06 15:41:41"
7000,não simultaneo,reverse,1,43,0.000000406,0,"","INOVAI-NB-8","CPU info","GCC 13.3.0","2025-10-06 15:41:41"
7000,simultaneo,reverse,1,43,0.000001609,0,"","INOVAI-NB-8","CPU info","GCC 13.3.0","2025-10-06 15:41:41"
7000,não simultaneo,reverse,2,44,0.000000399,0,"","INOVAI-NB-8","CPU info","GCC 13.3.0","2025-10-06 15:41:41"
7000,simultaneo,reverse,2,44,0.000001603,0,"","INOVAI-NB-8","CPU info","GCC 13.3.0","2025-10-06 15:41:41"
7000,não simultaneo,reverse,3,45,0.000000393,0,"","INOVAI-NB-8","CPU info","GCC 13.3.0","2025-10-06 15:41:41"
7000,simultaneo,reverse,3,45,0.000001602,0,"","INOVAI-NB-8","CPU info","GCC 13.3.0","2025-10-06 15:41:41"
7000,não simultaneo,reverse,4,46,0.000000394,0,"","INOVAI-NB-8","CPU info","GCC 13.3.0","2025-10-06 15:41:41"
7000,simultaneo,reverse,4,46,0.000001600,0,"","INOVAI-NB-8","CPU info","GCC 13.3.0","2025-10-06 15:41:41"
8000,não simultaneo,reverse,0,42,0.000000484,0,"","INOVAI-NB-8","CPU info","GCC 13.3.0","2025-10-06 15:41:41"
8000,simultaneo,reverse,0,42,0.000001829,0,"","INOVAI-NB-8","CPU info","GCC 13.3.0","2025-10-06 15:41:41"
8000,não simultaneo,reverse,1,43,0.000000468,0,"","INOVAI-NB-8","CPU info","GCC 13.3.0","2025-10-06 15:41:41"
8000,simultaneo,reverse,1,43,0.000001831,0,"","INOVAI-NB-8","CPU info","GCC 13.3.0","2025-10-06 15:41:41"
8000,não simultaneo,reverse,2,44,0.000000456,0,"","INOVAI-NB-8","CPU info","GCC 13.3.0","2025-10-06 15:41:41"
8000,simultaneo,reverse,2,44,0.000001832,0,"","INOVAI-NB-8","CPU info","GCC 13.3.0","2025-10-06 15:41:41"
8000,não simultaneo,reverse,3,45,0.000000450,0,"","INOVAI-NB-8","CPU info","GCC 13.3.0","2025-10-06 15:41:41"
8000,simultaneo,reverse,3,45,0.000001834,0,"","INOVAI-NB-8","CPU info","GCC 13.3.0","2025-10-06 15:41:41"
8000,não simultaneo,reverse,4,46,0.000000448,0,"","INOVAI-NB-8","CPU info","GCC 13.3.0","2025-10-06 15:41:41"
8000,simultaneo,reverse,4,46,0.000001830,0,"","INOVAI-NB-8","CPU info","GCC 13.3.0","2025-10-06 15:41:41"
9000,não simultaneo,reverse,0,42,0.000000519,0,"","INOVAI-NB-8","CPU info","GCC 13.3.0","2025-10-06 15:41:41"
9000,simultaneo,reverse,0,42,0.000002063,0,"","INOVAI-NB-8","CPU info","GCC 13.3.0","2025-10-06 15:41:41"
9000,não simultaneo,reverse,1,43,0.000000510,0,"","INOVAI-NB-8","CPU info","GCC 13.3.0","2025-10-06 15:41:41"
9000,simultaneo,reverse,1,43,0.000002061,0,"","INOVAI-NB-8","CPU info","GCC 13.3.0","2025-10-06 15:41:41"
9000,não simultaneo,reverse,2,44,0.000000501,0,"","INOVAI-NB-8","CPU info","GCC 13.3.0","2025-10-06 15:41:41"
9000,simultaneo,reverse,2,44,0.000002054,0,"","INOVAI-NB-8","CPU info","GCC 13.3.0","2025-10-06 15:41:41"
9000,não simultaneo,reverse,3,45,0.000000501,0,"","INOVAI-NB-8","CPU info","GCC 13.3.0","2025-10-06 15:41:41"
9000,simultaneo,reverse,3,45,0.000002051,0,"","INOVAI-NB-8","CPU info","GCC 13.3.0","2025-10-06 15:41:41"
9000,não simultaneo,reverse,4,46,0.000000505,0,"","INOVAI-NB-8","CPU info","GCC 13.3.0","2025-10-06 15:41:41"
9000,simultaneo,reverse,4,46,0.000002050,0,"","INOVAI-NB-8","CPU info","GCC 13.3.0","2025-10-06 15:41:41"
10000,não simultaneo,reverse,0,42,0.000000564,0,"","INOVAI-NB-8","CPU info","GCC 13.3.0","2025-10-06 15:41:41"
10000,simultaneo,reverse,0,42,0.000002283,0,"","INOVAI-NB-8","CPU info","GCC 13.3.0","2025-10-06 15:41:41"
10000,não simultaneo,reverse,1,43,0.000000552,0,"","INOVAI-NB-8","CPU info","GCC 13.3.0","2025-10-06 15:41:41"
10000,simultaneo,reverse,1,43,0.000002286,0,"","INOVAI-NB-8","CPU info","GCC 13.3.0","2025-10-06 15:41:41"
10000,não simultaneo,reverse,2,44,0.000000555,0,"","INOVAI-NB-8","CPU info","GCC 13.3.0","2025-10-06 15:41:41"
10000,simultaneo,reverse,2,44,0.000002290,0,"","INOVAI-NB-8","CPU info","GCC 13.3.0","2025-10-06 15:41:41"
10000,não simultaneo,reverse,3,45,0.000000558,0,"","INOVAI-NB-8","CPU info","GCC 13.3.0","2025-10-06 15:41:41"
10000,simultaneo,reverse,3,45,0.000002291,0,"","INOVAI-NB-8","CPU info","GCC 13.3.0","2025-10-06 15:41:41"
10000,não simultaneo,reverse,4,46,0.000000553,0,"","INOVAI-NB-8","CPU info","GCC 13.3.0","2025-10-06 15:41:41"
10000,simultaneo,reverse,4,46,0.000002282,0,"","INOVAI-NB-8","CPU info","GCC 13.3.0","2025-10-06 15:41:41"
20000,não simultaneo,reverse,0,42,0.000001609,0,"","INOVAI-NB-8","CPU info","GCC 13.3.0","2025-10-06 15:41:41"
20000,simultaneo,reverse,0,42,0.000004558,0,"","INOVAI-NB-8","CPU info","GCC 13.3.0","2025-10-06 15:41:41"
20000,não simultaneo,reverse,1,43,0.000001618,0,"","INOVAI-NB-8","CPU info","GCC 13.3.0","2025-10-06 15:41:41"
20000,simultaneo,reverse,1,43,0.000004565,0,"","INOVAI-NB-8","CPU info","GCC 13.3.0","2025-10-06 15:41:41"
20000,não simultaneo,reverse,2,44,0.000001602,0,"","INOVAI-NB-8","CPU info","GCC 13.3.0","2025-10-06 15:41:41"
20000,simultaneo,reverse,2,44,0.000004549,0,"","INOVAI-NB-8","CPU info","GCC 13.3.0","2025-10-06 15:41:41"
20000,não simultaneo,reverse,3,45,0.000001611,0,"","INOVAI-NB-8","CPU info","GCC 13.3.0","2025-10-06 15:41:41"
20000,simultaneo,reverse,3,45,0.000004539,0,"","INOVAI-NB-8","CPU info","GCC 13.3.0","2025-10-06 15:41:41"
20000,não simultaneo,reverse,4,46,0.000001600,0,"","INOVAI-NB-8","CPU info","GCC 13.3.0","2025-10-06 15:41:41"
20000,simultaneo,reverse,4,46,0.000004562,0,"","INOVAI-NB-8","CPU info","GCC 13.3.0","2025-10-06 15:41:41"
30000,não simultaneo,reverse,0,42,0.000002273,0,"","INOVAI-NB-8","CPU info","GCC 13.3.0","2025-10-06 15:41:41"
30000,simultaneo,reverse,0,42,0.000006836,0,"","INOVAI-NB-8","CPU info","GCC 13.3.0","2025-10-06 15:41:41"
30000,não simultaneo,reverse,1,43,0.000002258,0,"","INOVAI-NB-8","CPU info","GCC 13.3.0","2025-10-06 15:41:41"
30000,simultaneo,reverse,1,43,0.000006814,0,"","INOVAI-NB-8","CPU info","GCC 13.3.0","2025-10-06 15:41:41"
30000,não simultaneo,reverse,2,44,0.000002265,0,"","INOVAI-NB-8","CPU info","GCC 13.3.0","2025-10-06 15:41:41"
30000,simultaneo,reverse,2,44,0.000006828,0,"","INOVAI-NB-8","CPU info","GCC 13.3.0","2025-10-06 15:41:41"
30000,não simultaneo,reverse,3,45,0.000002263,0,"","INOVAI-NB-8","CPU info","GCC 13.3.0","2025-10-06 15:41:41"
30000,simultaneo,reverse,3,45,0.000006813,0,"","INOVAI-NB-8","CPU info","GCC 13.3.0","2025-10-06 15:41:41"
30000,não simultaneo,reverse,4,46,0.000002232,0,"","INOVAI-NB-8","CPU info","GCC 13.3.0","2025-10-06 15:41:41"
30000,simultaneo,reverse,4,46,0.000006805,0,"","INOVAI-NB-8","CPU info","GCC 13.3.0","2025-10-06 15:41:41"
40000,não simultaneo,reverse,0,42,0.000002914,0,"","INOVAI-NB-8","CPU info","GCC 13.3.0","2025-10-06 15:41:41"
40000,simultaneo,reverse,0,42,0.000009091,0,"","INOVAI-NB-8","CPU info","GCC 13.3.0","2025-10-06 15:41:41"
40000,não simultaneo,reverse,1,43,0.000002933,0,"","INOVAI-NB-8","CPU info","GCC 13.3.0","2025-10-06 15:41:41"
40000,simultaneo,reverse,1,43,0.000009073,0,"","INOVAI-NB-8","CPU info","GCC 13.3.0","2025-10-06 15:41:41"
40000,não simultaneo,reverse,2,44,0.000002926,0,"","INOVAI-NB-8","CPU info","GCC 13.3.0","2025-10-06 15:41:41"
40000,simultaneo,reverse,2,44,0.000009096,0,"","INOVAI-NB-8","CPU info","GCC 13.3.0","2025-10-06 15:41:41"
40000,não simultaneo,reverse,3,45,0.000002937,0,"","INOVAI-NB-8","CPU info","GCC 13.3.0","2025-10-06 15:41:41"
40000,simultaneo,reverse,3,45,0.000009070,0,"","INOVAI-NB-8","CPU info","GCC 13.3.0","2025-10-06 15:41:41"
40000,não simultaneo,reverse,4,46,0.000002933,0,"","INOVAI-NB-8","CPU info","GCC 13.3.0","2025-10-06 15:41:41"
40000,simultaneo,reverse,4,46,0.000009088,0,"","INOVAI-NB-8","CPU info","GCC 13.3.0","2025-10-06 15:41:41"
50000,não simultaneo,reverse,0,42,0.000003595,0,"","INOVAI-NB-8","CPU info","GCC 13.3.0","2025-10-06 15:41:41"
50000,simultaneo,reverse,0,42,0.000011333,0,"","INOVAI-NB-8","CPU info","GCC 13.3.0","2025-10-06 15:41:41"
50000,não simultaneo,reverse,1,43,0.000003579,0,"","INOVAI-NB-8","CPU info","GCC 13.3.0","2025-10-06 15:41:41"
50000,simultaneo,reverse,1,43,0.000011340,0,"","INOVAI-NB-8","CPU info","GCC 13.3.0","2025-10-06 15:41:41"
50000,não simultaneo,reverse,2,44,0.000003553,0,"","INOVAI-NB-8","CPU info","GCC 13.3.0","2025-10-06 15:41:41"
50000,simultaneo,reverse,2,44,0.000011361,0,"","INOVAI-NB-8","CPU info","GCC 13.3.0","2025-10-06 15:41:41"
50000,não simultaneo,reverse,3,45,0.000003550,0,"","INOVAI-NB-8","CPU info","GCC 13.3.0","2025-10-06 15:41:41"
50000,simultaneo,reverse,3,45,0.000011333,0,"","INOVAI-NB-8","CPU info","GCC 13.3.0","2025-10-06 15:41:41"
50000,não simultaneo,reverse,4,46,0.000003579,0,"","INOVAI-NB-8","CPU info","GCC 13.3.0","2025-10-06 15:41:41"
50000,simultaneo,reverse,4,46,0.000011316,0,"","INOVAI-NB-8","CPU info","GCC 13.3.0","2025-10-06 15:41:41"
60000,não simultaneo,reverse,0,42,0.000004276,0,"","INOVAI-NB-8","CPU info","GCC 13.3.0","2025-10-06 15:41:41"
60000,simultaneo,reverse,0,42,0.000020757,0,"","INOVAI-NB-8","CPU info","GCC 13.3.0","2025-10-06 15:41:41"
60000,não simultaneo,reverse,1,43,0.000004263,0,"","INOVAI-NB-8","CPU info","GCC 13.3.0","2025-10-06 15:41:41"
60000,simultaneo,reverse,1,43,0.000013623,0,"","INOVAI-NB-8","CPU info","GCC 13.3.0","2025-10-06 15:41:41"
60000,não simultaneo,reverse,2,44,0.000004268,0,"","INOVAI-NB-8","CPU info","GCC 13.3.0","2025-10-06 15:41:41"
60000,simultaneo,reverse,2,44,0.000013610,0,"","INOVAI-NB-8","CPU info","GCC 13.3.0","2025-10-06 15:41:41"
60000,não simultaneo,reverse,3,45,0.000004232,0,"","INOVAI-NB-8","CPU info","GCC 13.3.0","2025-10-06 15:41:41"
60000,simultaneo,reverse,3,45,0.000013597,0,"","INOVAI-NB-8","CPU info","GCC 13.3.0","2025-10-06 15:41:41"
60000,não simultaneo,reverse,4,46,0.000004259,0,"","INOVAI-NB-8","CPU info","GCC 13.3.0","2025-10-06 15:41:41"
60000,simultaneo,reverse,4,46,0.000013590,0,"","INOVAI-NB-8","CPU info","GCC 13.3.0","2025-10-06 15:41:41"
70000,não simultaneo,reverse,0,42,0.000004918,0,"","INOVAI-NB-8","CPU info","GCC 13.3.0","2025-10-06 15:41:41"
70000,simultaneo,reverse,0,42,0.000015875,0,"","INOVAI-NB-8","CPU info","GCC 13.3.0","2025-10-06 15:41:41"
70000,não simultaneo,reverse,1,43,0.000004901,0,"","INOVAI-NB-8","CPU info","GCC 13.3.0","2025-10-06 15:41:41"
70000,simultaneo,reverse,1,43,0.000015873,0,"","INOVAI-NB-8","CPU info","GCC 13.3.0","2025-10-06 15:41:41"
70000,não simultaneo,reverse,2,44,0.000004897,0,"","INOVAI-NB-8","CPU info","GCC 13.3.0","2025-10-06 15:41:41"
70000,simultaneo,reverse,2,44,0.000015866,0,"","INOVAI-NB-8","CPU info","GCC 13.3.0","2025-10-06 15:41:41"
70000,não simultaneo,reverse,3,45,0.000004869,0,"","INOVAI-NB-8","CPU info","GCC 13.3.0","2025-10-06 15:41:41"
70000,simultaneo,reverse,3,45,0.000015857,0,"","INOVAI-NB-8","CPU info","GCC 13.3.0","2025-10-06 15:41:41"
70000,não simultaneo,reverse,4,46,0.000004890,0,"","INOVAI-NB-8","CPU info","GCC 13.3.0","2025-10-06 15:41:41"
70000,simultaneo,reverse,4,46,0.000015857,0,"","INOVAI-NB-8","CPU info","GCC 13.3.0","2025-10-06 15:41:41"
80000,não simultaneo,reverse,0,42,0.000005568,0,"","INOVAI-NB-8","CPU info","GCC 13.3.0","2025-10-06 15:41:41"
80000,simultaneo,reverse,0,42,0.000018140,0,"","INOVAI-NB-8","CPU info","GCC 13.3.0","2025-10-06 15:41:41"
80000,não simultaneo,reverse,1,43,0.000005600,0,"","INOVAI-NB-8","CPU info","GCC 13.3.0","2025-10-06 15:41:41"
80000,simultaneo,reverse,1,43,0.000018133,0,"","INOVAI-NB-8","CPU info","GCC 13.3.0","2025-10-06 15:41:41"
80000,não simultaneo,reverse,2,44,0.000005561,0,"","INOVAI-NB-8","CPU info","GCC 13.3.0","2025-10-06 15:41:41"
80000,simultaneo,reverse,2,44,0.000018115,0,"","INOVAI-NB-8","CPU info","GCC 13.3.0","2025-10-06 15:41:41"
80000,não simultaneo,reverse,3,45,0.000005569,0,"","INOVAI-NB-8","CPU info","GCC 13.3.0","2025-10-06 15:41:41"
80000,simultaneo,reverse,3,45,0.000018122,0,"","INOVAI-NB-8","CPU info","GCC 13.3.0","2025-10-06 15:41:41"
80000,não simultaneo,reverse,4,46,0.000005544,0,"","INOVAI-NB-8","CPU info","GCC 13.3.0","2025-10-06 15:41:41"
80000,simultaneo,reverse,4,46,0.000018130,0,"","INOVAI-NB-8","CPU info","GCC 13.3.0","2025-10-06 15:41:41"
90000,não simultaneo,reverse,0,42,0.000006270,0,"","INOVAI-NB-8","CPU info","GCC 13.3.0","2025-10-06 15:41:41"
90000,simultaneo,reverse,0,42,0.000020406,0,"","INOVAI-NB-8","CPU info","GCC 13.3.0","2025-10-06 15:41:41"
90000,não simultaneo,reverse,1,43,0.000006278,0,"","INOVAI-NB-8","CPU info","GCC 13.3.0","2025-10-06 15:41:41"
90000,simultaneo,reverse,1,43,0.000020413,0,"","INOVAI-NB-8","CPU info","GCC 13.3.0","2025-10-06 15:41:41"
90000,não simultaneo,reverse,2,44,0.000006250,0,"","INOVAI-NB-8","CPU info","GCC 13.3.0","2025-10-06 15:41:41"
90000,simultaneo,reverse,2,44,0.000020390,0,"","INOVAI-NB-8","CPU info","GCC 13.3.0","2025-10-06 15:41:41"
90000,não simultaneo,reverse,3,45,0.000006245,0,"","INOVAI-NB-8","CPU info","GCC 13.3.0","2025-10-06 15:41:41"
90000,simultaneo,reverse,3,45,0.000020374,0,"","INOVAI-NB-8","CPU info","GCC 13.3.0","2025-10-06 15:41:41"
90000,não simultaneo,reverse,4,46,0.000006227,0,"","INOVAI-NB-8","CPU info","GCC 13.3.0","2025-10-06 15:41:41"
90000,simultaneo,reverse,4,46,0.000020388,0,"","INOVAI-NB-8","CPU info","GCC 13.3.0","2025-10-06 15:41:41"
100000,não simultaneo,reverse,0,42,0.000006951,0,"","INOVAI-NB-8","CPU info","GCC 13.3.0","2025-10-06 15:41:41"
100000,simultaneo,reverse,0,42,0.000022665,0,"","INOVAI-NB-8","CPU info","GCC 13.3.0","2025-10-06 15:41:41"
100000,não simultaneo,reverse,1,43,0.000006916,0,"","INOVAI-NB-8","CPU info","GCC 13.3.0","2025-10-06 15:41:41"
100000,simultaneo,reverse,1,43,0.000022669,0,"","INOVAI-NB-8","CPU info","GCC 13.3.0","2025-10-06 15:41:41"
100000,não simultaneo,reverse,2,44,0.000006897,0,"","INOVAI-NB-8","CPU info","GCC 13.3.0","2025-10-06 15:41:41"
100000,simultaneo,reverse,2,44,0.000022667,0,"","INOVAI-NB-8","CPU info","GCC 13.3.0","2025-10-06 15:41:41"
100000,não simultaneo,reverse,3,45,0.000006910,0,"","INOVAI-NB-8","CPU info","GCC 13.3.0","2025-10-06 15:41:41"
100000,simultaneo,reverse,3,45,0.000022647,0,"","INOVAI-NB-8","CPU info","GCC 13.3.0","2025-10-06 15:41:41"
100000,não simultaneo,reverse,4,46,0.000006878,0,"","INOVAI-NB-8","CPU info","GCC 13.3.0","2025-10-06 15:41:41"
100000,simultaneo,reverse,4,46,0.000022666,0,"","INOVAI-NB-8","CPU info","GCC 13.3.0","2025-10-06 15:41:41"
200000,não simultaneo,reverse,0,42,0.000013591,0,"","INOVAI-NB-8","CPU info","GCC 13.3.0","2025-10-06 15:41:41"
200000,simultaneo,reverse,0,42,0.000045281,0,"","INOVAI-NB-8","CPU info","GCC 13.3.0","2025-10-06 15:41:41"
200000,não simultaneo,reverse,1,43,0.000013562,0,"","INOVAI-NB-8","CPU info","GCC 13.3.0","2025-10-06 15:41:41"
200000,simultaneo,reverse,1,43,0.000045294,0,"","INOVAI-NB-8","CPU info","GCC 13.3.0","2025-10-06 15:41:41"
200000,não simultaneo,reverse,2,44,0.000013543,0,"","INOVAI-NB-8","CPU info","GCC 13.3.0","2025-10-06 15:41:41"
200000,simultaneo,reverse,2,44,0.000045285,0,"","INOVAI-NB-8","CPU info","GCC 13.3.0","2025-10-06 15:41:41"
200000,não simultaneo,reverse,3,45,0.000013550,0,"","INOVAI-NB-8","CPU info","GCC 13.3.0","2025-10-06 15:41:41"
200000,simultaneo,reverse,3,45,0.000045270,0,"","INOVAI-NB-8","CPU info","GCC 13.3.0","2025-10-06 15:41:41"
200000,não simultaneo,reverse,4,46,0.000013561,0,"","INOVAI-NB-8","CPU info","GCC 13.3.0","2025-10-06 15:41:41"
200000,simultaneo,reverse,4,46,0.000045240,0,"","INOVAI-NB-8","CPU info","GCC 13.3.0","2025-10-06 15:41:41"
300000,não simultaneo,reverse,0,42,0.000035297,0,"","INOVAI-NB-8","CPU info","GCC 13.3.0","2025-10-06 15:41:41"
300000,simultaneo,reverse,0,42,0.000068670,0,"","INOVAI-NB-8","CPU info","GCC 13.3.0","2025-10-06 15:41:41"
300000,não simultaneo,reverse,1,43,0.000022395,0,"","INOVAI-NB-8","CPU info","GCC 13.3.0","2025-10-06 15:41:41"
300000,simultaneo,reverse,1,43,0.000068376,0,"","INOVAI-NB-8","CPU info","GCC 13.3.0","2025-10-06 15:41:41"
300000,não simultaneo,reverse,2,44,0.000021846,0,"","INOVAI-NB-8","CPU info","GCC 13.3.0","2025-10-06 15:41:41"
300000,simultaneo,reverse,2,44,0.000068433,0,"","INOVAI-NB-8","CPU info","GCC 13.3.0","2025-10-06 15:41:41"
300000,não simultaneo,reverse,3,45,0.000021466,0,"","INOVAI-NB-8","CPU info","GCC 13.3.0","2025-10-06 15:41:41"
300000,simultaneo,reverse,3,45,0.000068376,0,"","INOVAI-NB-8","CPU info","GCC 13.3.0","2025-10-06 15:41:41"
300000,não simultaneo,reverse,4,46,0.000021530,0,"","INOVAI-NB-8","CPU info","GCC 13.3.0","2025-10-06 15:41:41"
300000,simultaneo,reverse,4,46,0.000068075,0,"","INOVAI-NB-8","CPU info","GCC 13.3.0","2025-10-06 15:41:41"
400000,não simultaneo,reverse,0,42,0.000038378,0,"","INOVAI-NB-8","CPU info","GCC 13.3.0","2025-10-06 15:41:41"
400000,simultaneo,reverse,0,42,0.000092158,0,"","INOVAI-NB-8","CPU info","GCC 13.3.0","2025-10-06 15:41:41"
400000,não simultaneo,reverse,1,43,0.000034941,0,"","INOVAI-NB-8","CPU info","GCC 13.3.0","2025-10-06 15:41:41"
400000,simultaneo,reverse,1,43,0.000091295,0,"","INOVAI-NB-8","CPU info","GCC 13.3.0","2025-10-06 15:41:41"
400000,não simultaneo,reverse,2,44,0.000032199,0,"","INOVAI-NB-8","CPU info","GCC 13.3.0","2025-10-06 15:41:41"
400000,simultaneo,reverse,2,44,0.000091219,0,"","INOVAI-NB-8","CPU info","GCC 13.3.0","2025-10-06 15:41:41"
400000,não simultaneo,reverse,3,45,0.000032229,0,"","INOVAI-NB-8","CPU info","GCC 13.3.0","2025-10-06 15:41:41"
400000,simultaneo,reverse,3,45,0.000090811,0,"","INOVAI-NB-8","CPU info","GCC 13.3.0","2025-10-06 15:41:41"
400000,não simultaneo,reverse,4,46,0.000032102,0,"","INOVAI-NB-8","CPU info","GCC 13.3.0","2025-10-06 15:41:41"
400000,simultaneo,reverse,4,46,0.000100431,0,"","INOVAI-NB-8","CPU info","GCC 13.3.0","2025-10-06 15:41:41"
500000,não simultaneo,reverse,0,42,0.000064631,0,"","INOVAI-NB-8","CPU info","GCC 13.3.0","2025-10-06 15:41:41"
500000,simultaneo,reverse,0,42,0.000120505,0,"","INOVAI-NB-8","CPU info","GCC 13.3.0","2025-10-06 15:41:41"
500000,não simultaneo,reverse,1,43,0.000052823,0,"","INOVAI-NB-8","CPU info","GCC 13.3.0","2025-10-06 15:41:41"
500000,simultaneo,reverse,1,43,0.000117533,0,"","INOVAI-NB-8","CPU info","GCC 13.3.0","2025-10-06 15:41:41"
500000,não simultaneo,reverse,2,44,0.000050656,0,"","INOVAI-NB-8","CPU info","GCC 13.3.0","2025-10-06 15:41:41"
500000,simultaneo,reverse,2,44,0.000115831,0,"","INOVAI-NB-8","CPU info","GCC 13.3.0","2025-10-06 15:41:41"
500000,não simultaneo,reverse,3,45,0.000047794,0,"","INOVAI-NB-8","CPU info","GCC 13.3.0","2025-10-06 15:41:41"
500000,simultaneo,reverse,3,45,0.000115051,0,"","INOVAI-NB-8","CPU info","GCC 13.3.0","2025-10-06 15:41:41"
500000,não simultaneo,reverse,4,46,0.000046301,0,"","INOVAI-NB-8","CPU info","GCC 13.3.0","2025-10-06 15:41:41"
500000,simultaneo,reverse,4,46,0.000115129,0,"","INOVAI-NB-8","CPU info","GCC 13.3.0","2025-10-06 15:41:41"
600000,não simultaneo,reverse,0,42,0.000082870,0,"","INOVAI-NB-8","CPU info","GCC 13.3.0","2025-10-06 15:41:41"
600000,simultaneo,reverse,0,42,0.000155873,0,"","INOVAI-NB-8","CPU info","GCC 13.3.0","2025-10-06 15:41:41"
600000,não simultaneo,reverse,1,43,0.000066950,0,"","INOVAI-NB-8","CPU info","GCC 13.3.0","2025-10-06 15:41:41"
600000,simultaneo,reverse,1,43,0.000138198,0,"","INOVAI-NB-8","CPU info","GCC 13.3.0","2025-10-06 15:41:41"
600000,não simultaneo,reverse,2,44,0.000063514,0,"","INOVAI-NB-8","CPU info","GCC 13.3.0","2025-10-06 15:41:41"
600000,simultaneo,reverse,2,44,0.000137021,0,"","INOVAI-NB-8","CPU info","GCC 13.3.0","2025-10-06 15:41:41"
600000,não simultaneo,reverse,3,45,0.000063881,0,"","INOVAI-NB-8","CPU info","GCC 13.3.0","2025-10-06 15:41:41"
600000,simultaneo,reverse,3,45,0.000137089,0,"","INOVAI-NB-8","CPU info","GCC 13.3.0","2025-10-06 15:41:41"
600000,não simultaneo,reverse,4,46,0.000062709,0,"","INOVAI-NB-8","CPU info","GCC 13.3.0","2025-10-06 15:41:41"
600000,simultaneo,reverse,4,46,0.000143207,0,"","INOVAI-NB-8","CPU info","GCC 13.3.0","2025-10-06 15:41:41"
700000,não simultaneo,reverse,0,42,0.000094724,0,"","INOVAI-NB-8","CPU info","GCC 13.3.0","2025-10-06 15:41:41"
700000,simultaneo,reverse,0,42,0.000163974,0,"","INOVAI-NB-8","CPU info","GCC 13.3.0","2025-10-06 15:41:41"
700000,não simultaneo,reverse,1,43,0.000096525,0,"","INOVAI-NB-8","CPU info","GCC 13.3.0","2025-10-06 15:41:41"
700000,simultaneo,reverse,1,43,0.000160694,0,"","INOVAI-NB-8","CPU info","GCC 13.3.0","2025-10-06 15:41:41"
700000,não simultaneo,reverse,2,44,0.000081985,0,"","INOVAI-NB-8","CPU info","GCC 13.3.0","2025-10-06 15:41:41"
700000,simultaneo,reverse,2,44,0.000159358,0,"","INOVAI-NB-8","CPU info","GCC 13.3.0","2025-10-06 15:41:41"
700000,não simultaneo,reverse,3,45,0.000087015,0,"","INOVAI-NB-8","CPU info","GCC 13.3.0","2025-10-06 15:41:41"
700000,simultaneo,reverse,3,45,0.000159664,0,"","INOVAI-NB-8","CPU info","GCC 13.3.0","2025-10-06 15:41:41"
700000,não simultaneo,reverse,4,46,0.000079841,0,"","INOVAI-NB-8","CPU info","GCC 13.3.0","2025-10-06 15:41:41"
700000,simultaneo,reverse,4,46,0.000158735,0,"","INOVAI-NB-8","CPU info","GCC 13.3.0","2025-10-06 15:41:41"
800000,não simultaneo,reverse,0,42,0.000099667,0,"","INOVAI-NB-8","CPU info","GCC 13.3.0","2025-10-06 15:41:41"
800000,simultaneo,reverse,0,42,0.000182223,0,"","INOVAI-NB-8","CPU info","GCC 13.3.0","2025-10-06 15:41:41"
800000,não simultaneo,reverse,1,43,0.000109332,0,"","INOVAI-NB-8","CPU info","GCC 13.3.0","2025-10-06 15:41:41"
800000,simultaneo,reverse,1,43,0.000182086,0,"","INOVAI-NB-8","CPU info","GCC 13.3.0","2025-10-06 15:41:41"
800000,não simultaneo,reverse,2,44,0.000094925,0,"","INOVAI-NB-8","CPU info","GCC 13.3.0","2025-10-06 15:41:41"
800000,simultaneo,reverse,2,44,0.000181099,0,"","INOVAI-NB-8","CPU info","GCC 13.3.0","2025-10-06 15:41:41"
800000,não simultaneo,reverse,3,45,0.000094738,0,"","INOVAI-NB-8","CPU info","GCC 13.3.0","2025-10-06 15:41:41"
800000,simultaneo,reverse,3,45,0.000181129,0,"","INOVAI-NB-8","CPU info","GCC 13.3.0","2025-10-06 15:41:41"
800000,não simultaneo,reverse,4,46,0.000095550,0,"","INOVAI-NB-8","CPU info","GCC 13.3.0","2025-10-06 15:41:41"
800000,simultaneo,reverse,4,46,0.000185622,0,"","INOVAI-NB-8","CPU info","GCC 13.3.0","2025-10-06 15:41:41"
900000,não simultaneo,reverse,0,42,0.000109600,0,"","INOVAI-NB-8","CPU info","GCC 13.3.0","2025-10-06 15:41:41"
900000,simultaneo,reverse,0,42,0.000216865,0,"","INOVAI-NB-8","CPU info","GCC 13.3.0","2025-10-06 15:41:41"
900000,não simultaneo,reverse,1,43,0.000107470,0,"","INOVAI-NB-8","CPU info","GCC 13.3.0","2025-10-06 15:41:41"
900000,simultaneo,reverse,1,43,0.000203734,0,"","INOVAI-NB-8","CPU info","GCC 13.3.0","2025-10-06 15:41:41"
900000,não simultaneo,reverse,2,44,0.000107138,0,"","INOVAI-NB-8","CPU info","GCC 13.3.0","2025-10-06 15:41:41"
900000,simultaneo,reverse,2,44,0.000203658,0,"","INOVAI-NB-8","CPU info","GCC 13.3.0","2025-10-06 15:41:41"
900000,não simultaneo,reverse,3,45,0.000107409,0,"","INOVAI-NB-8","CPU info","GCC 13.3.0","2025-10-06 15:41:41"
900000,simultaneo,reverse,3,45,0.000210996,0,"","INOVAI-NB-8","CPU info","GCC 13.3.0","2025-10-06 15:41:41"
900000,não simultaneo,reverse,4,46,0.000107584,0,"","INOVAI-NB-8","CPU info","GCC 13.3.0","2025-10-06 15:41:41"
900000,simultaneo,reverse,4,46,0.000203642,0,"","INOVAI-NB-8","CPU info","GCC 13.3.0","2025-10-06 15:41:41"
1000000,não simultaneo,reverse,0,42,0.000122116,0,"","INOVAI-NB-8","CPU info","GCC 13.3.0","2025-10-06 15:41:41"
1000000,simultaneo,reverse,0,42,0.000227380,0,"","INOVAI-NB-8","CPU info","GCC 13.3.0","2025-10-06 15:41:41"
1000000,não simultaneo,reverse,1,43,0.000122384,0,"","INOVAI-NB-8","CPU info","GCC 13.3.0","2025-10-06 15:41:41"
1000000,simultaneo,reverse,1,43,0.000227241,0,"","INOVAI-NB-8","CPU info","GCC 13.3.0","2025-10-06 15:41:41"
1000000,não simultaneo,reverse,2,44,0.000121114,0,"","INOVAI-NB-8","CPU info","GCC 13.3.0","2025-10-06 15:41:41"
1000000,simultaneo,reverse,2,44,0.000230619,0,"","INOVAI-NB-8","CPU info","GCC 13.3.0","2025-10-06 15:41:41"
1000000,não simultaneo,reverse,3,45,0.000120219,0,"","INOVAI-NB-8","CPU info","GCC 13.3.0","2025-10-06 15:41:41"
1000000,simultaneo,reverse,3,45,0.000226454,0,"","INOVAI-NB-8","CPU info","GCC 13.3.0","2025-10-06 15:41:41"
1000000,não simultaneo,reverse,4,46,0.000130775,0,"","INOVAI-NB-8","CPU info","GCC 13.3.0","2025-10-06 15:41:41"
1000000,simultaneo,reverse,4,46,0.000226418,0,"","INOVAI-NB-8","CPU info","GCC 13.3.0","2025-10-06 15:41:41"
2000000,não simultaneo,reverse,0,42,0.000249737,0,"","INOVAI-NB-8","CPU info","GCC 13.3.0","2025-10-06 15:41:41"
2000000,simultaneo,reverse,0,42,0.000457393,0,"","INOVAI-NB-8","CPU info","GCC 13.3.0","2025-10-06 15:41:41"
2000000,não simultaneo,reverse,1,43,0.000246186,0,"","INOVAI-NB-8","CPU info","GCC 13.3.0","2025-10-06 15:41:41"
2000000,simultaneo,reverse,1,43,0.000465493,0,"","INOVAI-NB-8","CPU info","GCC 13.3.0","2025-10-06 15:41:41"
2000000,não simultaneo,reverse,2,44,0.000245031,0,"","INOVAI-NB-8","CPU info","GCC 13.3.0","2025-10-06 15:41:41"
2000000,simultaneo,reverse,2,44,0.000452685,0,"","INOVAI-NB-8","CPU info","GCC 13.3.0","2025-10-06 15:41:41"
2000000,não simultaneo,reverse,3,45,0.000257561,0,"","INOVAI-NB-8","CPU info","GCC 13.3.0","2025-10-06 15:41:41"
2000000,simultaneo,reverse,3,45,0.000452833,0,"","INOVAI-NB-8","CPU info","GCC 13.3.0","2025-10-06 15:41:41"
2000000,não simultaneo,reverse,4,46,0.000246922,0,"","INOVAI-NB-8","CPU info","GCC 13.3.0","2025-10-06 15:41:41"
2000000,simultaneo,reverse,4,46,0.000457406,0,"","INOVAI-NB-8","CPU info","GCC 13.3.0","2025-10-06 15:41:41"
3000000,não simultaneo,reverse,0,42,0.000415920,0,"","INOVAI-NB-8","CPU info","GCC 13.3.0","2025-10-06 15:41:41"
3000000,simultaneo,reverse,0,42,0.000735994,0,"","INOVAI-NB-8","CPU info","GCC 13.3.0","2025-10-06 15:41:41"
3000000,não simultaneo,reverse,1,43,0.000407646,0,"","INOVAI-NB-8","CPU info","GCC 13.3.0","2025-10-06 15:41:41"
3000000,simultaneo,reverse,1,43,0.000738447,0,"","INOVAI-NB-8","CPU info","GCC 13.3.0","2025-10-06 15:41:41"
3000000,não simultaneo,reverse,2,44,0.000440330,0,"","INOVAI-NB-8","CPU info","GCC 13.3.0","2025-10-06 15:41:41"
3000000,simultaneo,reverse,2,44,0.000725970,0,"","INOVAI-NB-8","CPU info","GCC 13.3.0","2025-10-06 15:41:41"
3000000,não simultaneo,reverse,3,45,0.000410276,0,"","INOVAI-NB-8","CPU info","GCC 13.3.0","2025-10-06 15:41:41"
3000000,simultaneo,reverse,3,45,0.000746371,0,"","INOVAI-NB-8","CPU info","GCC 13.3.0","2025-10-06 15:41:41"
3000000,não simultaneo,reverse,4,46,0.000454036,0,"","INOVAI-NB-8","CPU info","GCC 13.3.0","2025-10-06 15:41:41"
3000000,simultaneo,reverse,4,46,0.000742719,0,"","INOVAI-NB-8","CPU info","GCC 13.3.0","2025-10-06 15:41:41"
4000000,não simultaneo,reverse,0,42,0.000687128,0,"","INOVAI-NB-8","CPU info","GCC 13.3.0","2025-10-06 15:41:41"
4000000,simultaneo,reverse,0,42,0.001040334,0,"","INOVAI-NB-8","CPU info","GCC 13.3.0","2025-10-06 15:41:41"
4000000,não simultaneo,reverse,1,43,0.000608572,0,"","INOVAI-NB-8","CPU info","GCC 13.3.0","2025-10-06 15:41:41"
4000000,simultaneo,reverse,1,43,0.000924766,0,"","INOVAI-NB-8","CPU info","GCC 13.3.0","2025-10-06 15:41:41"
4000000,não simultaneo,reverse,2,44,0.000640561,0,"","INOVAI-NB-8","CPU info","GCC 13.3.0","2025-10-06 15:41:41"
4000000,simultaneo,reverse,2,44,0.000925712,0,"","INOVAI-NB-8","CPU info","GCC 13.3.0","2025-10-06 15:41:41"
4000000,não simultaneo,reverse,3,45,0.000651743,0,"","INOVAI-NB-8","CPU info","GCC 13.3.0","2025-10-06 15:41:41"
4000000,simultaneo,reverse,3,45,0.001005696,0,"","INOVAI-NB-8","CPU info","GCC 13.3.0","2025-10-06 15:41:41"
4000000,não simultaneo,reverse,4,46,0.000630113,0,"","INOVAI-NB-8","CPU info","GCC 13.3.0","2025-10-06 15:41:41"
4000000,simultaneo,reverse,4,46,0.000952262,0,"","INOVAI-NB-8","CPU info","GCC 13.3.0","2025-10-06 15:41:41"
5000000,não simultaneo,reverse,0,42,0.000935506,0,"","INOVAI-NB-8","CPU info","GCC 13.3.0","2025-10-06 15:41:41"
5000000,simultaneo,reverse,0,42,0.001267321,0,"","INOVAI-NB-8","CPU info","GCC 13.3.0","2025-10-06 15:41:41"
5000000,não simultaneo,reverse,1,43,0.001325320,0,"","INOVAI-NB-8","CPU info","GCC 13.3.0","2025-10-06 15:41:41"
5000000,simultaneo,reverse,1,43,0.002589920,0,"","INOVAI-NB-8","CPU info","GCC 13.3.0","2025-10-06 15:41:41"
5000000,não simultaneo,reverse,2,44,0.001087007,0,"","INOVAI-NB-8","CPU info","GCC 13.3.0","2025-10-06 15:41:41"
5000000,simultaneo,reverse,2,44,0.001355267,0,"","INOVAI-NB-8","CPU info","GCC 13.3.0","2025-10-06 15:41:41"
5000000,não simultaneo,reverse,3,45,0.001028768,0,"","INOVAI-NB-8","CPU info","GCC 13.3.0","2025-10-06 15:41:41"
5000000,simultaneo,reverse,3,45,0.001376457,0,"","INOVAI-NB-8","CPU info","GCC 13.3.0","2025-10-06 15:41:41"
5000000,não simultaneo,reverse,4,46,0.001049190,0,"","INOVAI-NB-8","CPU info","GCC 13.3.0","2025-10-06 15:41:41"
5000000,simultaneo,reverse,4,46,0.001346862,0,"","INOVAI-NB-8","CPU info","GCC 13.3.0","2025-10-06 15:41:41"
6000000,não simultaneo,reverse,0,42,0.001534740,0,"","INOVAI-NB-8","CPU info","GCC 13.3.0","2025-10-06 15:41:41"
6000000,simultaneo,reverse,0,42,0.001842562,0,"","INOVAI-NB-8","CPU info","GCC 13.3.0","2025-10-06 15:41:41"
6000000,não simultaneo,reverse,1,43,0.001760632,0,"","INOVAI-NB-8","CPU info","GCC 13.3.0","2025-10-06 15:41:41"
6000000,simultaneo,reverse,1,43,0.002046884,0,"","INOVAI-NB-8","CPU info","GCC 13.3.0","2025-10-06 15:41:41"
6000000,não simultaneo,reverse,2,44,0.001698777,0,"","INOVAI-NB-8","CPU info","GCC 13.3.0","2025-10-06 15:41:41"
6000000,simultaneo,reverse,2,44,0.001941318,0,"","INOVAI-NB-8","CPU info","GCC 13.3.0","2025-10-06 15:41:41"
6000000,não simultaneo,reverse,3,45,0.001506558,0,"","INOVAI-NB-8","CPU info","GCC 13.3.0","2025-10-06 15:41:41"
6000000,simultaneo,reverse,3,45,0.001914322,0,"","INOVAI-NB-8","CPU info","GCC 13.3.0","2025-10-06 15:41:41"
6000000,não simultaneo,reverse,4,46,0.001595624,0,"","INOVAI-NB-8","CPU info","GCC 13.3.0","2025-10-06 15:41:41"
6000000,simultaneo,reverse,4,46,0.001906151,0,"","INOVAI-NB-8","CPU info","GCC 13.3.0","2025-10-06 15:41:41"
7000000,não simultaneo,reverse,0,42,0.001948605,0,"","INOVAI-NB-8","CPU info","GCC 13.3.0","2025-10-06 15:41:41"
7000000,simultaneo,reverse,0,42,0.002306329,0,"","INOVAI-NB-8","CPU info","GCC 13.3.0","2025-10-06 15:41:41"
7000000,não simultaneo,reverse,1,43,0.001923353,0,"","INOVAI-NB-8","CPU info","GCC 13.3.0","2025-10-06 15:41:41"
7000000,simultaneo,reverse,1,43,0.002300454,0,"","INOVAI-NB-8","CPU info","GCC 13.3.0","2025-10-06 15:41:41"
7000000,não simultaneo,reverse,2,44,0.001916011,0,"","INOVAI-NB-8","CPU info","GCC 13.3.0","2025-10-06 15:41:41"
7000000,simultaneo,reverse,2,44,0.002300482,0,"","INOVAI-NB-8","CPU info","GCC 13.3.0","2025-10-06 15:41:41"
7000000,não simultaneo,reverse,3,45,0.001893144,0,"","INOVAI-NB-8","CPU info","GCC 13.3.0","2025-10-06 15:41:41"
7000000,simultaneo,reverse,3,45,0.002384518,0,"","INOVAI-NB-8","CPU info","GCC 13.3.0","2025-10-06 15:41:41"
7000000,não simultaneo,reverse,4,46,0.001897118,0,"","INOVAI-NB-8","CPU info","GCC 13.3.0","2025-10-06 15:41:41"
7000000,simultaneo,reverse,4,46,0.002273187,0,"","INOVAI-NB-8","CPU info","GCC 13.3.0","2025-10-06 15:41:41"
8000000,não simultaneo,reverse,0,42,0.002178460,0,"","INOVAI-NB-8","CPU info","GCC 13.3.0","2025-10-06 15:41:41"
8000000,simultaneo,reverse,0,42,0.002687335,0,"","INOVAI-NB-8","CPU info","GCC 13.3.0","2025-10-06 15:41:41"
8000000,não simultaneo,reverse,1,43,0.002502947,0,"","INOVAI-NB-8","CPU info","GCC 13.3.0","2025-10-06 15:41:41"
8000000,simultaneo,reverse,1,43,0.002777862,0,"","INOVAI-NB-8","CPU info","GCC 13.3.0","2025-10-06 15:41:41"
8000000,não simultaneo,reverse,2,44,0.002390311,0,"","INOVAI-NB-8","CPU info","GCC 13.3.0","2025-10-06 15:41:41"
8000000,simultaneo,reverse,2,44,0.002739531,0,"","INOVAI-NB-8","CPU info","GCC 13.3.0","2025-10-06 15:41:41"
8000000,não simultaneo,reverse,3,45,0.002330974,0,"","INOVAI-NB-8","CPU info","GCC 13.3.0","2025-10-06 15:41:41"
8000000,simultaneo,reverse,3,45,0.002699786,0,"","INOVAI-NB-8","CPU info","GCC 13.3.0","2025-10-06 15:41:41"
8000000,não simultaneo,reverse,4,46,0.002282460,0,"","INOVAI-NB-8","CPU info","GCC 13.3.0","2025-10-06 15:41:41"
8000000,simultaneo,reverse,4,46,0.002740944,0,"","INOVAI-NB-8","CPU info","GCC 13.3.0","2025-10-06 15:41:41"
9000000,não simultaneo,reverse,0,42,0.002997452,0,"","INOVAI-NB-8","CPU info","GCC 13.3.0","2025-10-06 15:41:41"
9000000,simultaneo,reverse,0,42,0.003141565,0,"","INOVAI-NB-8","CPU info","GCC 13.3.0","2025-10-06 15:41:41"
9000000,não simultaneo,reverse,1,43,0.002855362,0,"","INOVAI-NB-8","CPU info","GCC 13.3.0","2025-10-06 15:41:41"
9000000,simultaneo,reverse,1,43,0.003116304,0,"","INOVAI-NB-8","CPU info","GCC 13.3.0","2025-10-06 15:41:41"
9000000,não simultaneo,reverse,2,44,0.002771333,0,"","INOVAI-NB-8","CPU info","GCC 13.3.0","2025-10-06 15:41:41"
9000000,simultaneo,reverse,2,44,0.002962562,0,"","INOVAI-NB-8","CPU info","GCC 13.3.0","2025-10-06 15:41:41"
9000000,não simultaneo,reverse,3,45,0.002779119,0,"","INOVAI-NB-8","CPU info","GCC 13.3.0","2025-10-06 15:41:41"
9000000,simultaneo,reverse,3,45,0.003277842,0,"","INOVAI-NB-8","CPU info","GCC 13.3.0","2025-10-06 15:41:41"
9000000,não simultaneo,reverse,4,46,0.002865045,0,"","INOVAI-NB-8","CPU info","GCC 13.3.0","2025-10-06 15:41:41"
9000000,simultaneo,reverse,4,46,0.003037236,0,"","INOVAI-NB-8","CPU info","GCC 13.3.0","2025-10-06 15:41:41"
10000000,não simultaneo,reverse,0,42,0.003235754,0,"","INOVAI-NB-8","CPU info","GCC 13.3.0","2025-10-06 15:41:41"
10000000,simultaneo,reverse,0,42,0.003395787,0,"","INOVAI-NB-8","CPU info","GCC 13.3.0","2025-10-06 15:41:41"
10000000,não simultaneo,reverse,1,43,0.003592800,0,"","INOVAI-NB-8","CPU info","GCC 13.3.0","2025-10-06 15:41:41"
10000000,simultaneo,reverse,1,43,0.003562398,0,"","INOVAI-NB-8","CPU info","GCC 13.3.0","2025-10-06 15:41:41"
10000000,não simultaneo,reverse,2,44,0.003229725,0,"","INOVAI-NB-8","CPU info","GCC 13.3.0","2025-10-06 15:41:41"
10000000,simultaneo,reverse,2,44,0.003307359,0,"","INOVAI-NB-8","CPU info","GCC 13.3.0","2025-10-06 15:41:41"
10000000,não simultaneo,reverse,3,45,0.003464935,0,"","INOVAI-NB-8","CPU info","GCC 13.3.0","2025-10-06 15:41:41"
10000000,simultaneo,reverse,3,45,0.003811551,0,"","INOVAI-NB-8","CPU info","GCC 13.3.0","2025-10-06 15:41:41"
10000000,não simultaneo,reverse,4,46,0.003226374,0,"","INOVAI-NB-8","CPU info","GCC 13.3.0","2025-10-06 15:41:41"
10000000,simultaneo,reverse,4,46,0.003338685,0,"","INOVAI-NB-8","CPU info","GCC 13.3.0","2025-10-06 15:41:41"
11000000,não simultaneo,reverse,0,42,0.003610069,0,"","INOVAI-NB-8","CPU info","GCC 13.3.0","2025-10-06 15:41:41"
11000000,simultaneo,reverse,0,42,0.005470553,0,"","INOVAI-NB-8","CPU info","GCC 13.3.0","2025-10-06 15:41:41"
11000000,não simultaneo,reverse,1,43,0.003767200,0,"","INOVAI-NB-8","CPU info","GCC 13.3.0","2025-10-06 15:41:41"
11000000,simultaneo,reverse,1,43,0.003832025,0,"","INOVAI-NB-8","CPU info","GCC 13.3.0","2025-10-06 15:41:41"
11000000,não simultaneo,reverse,2,44,0.003645322,0,"","INOVAI-NB-8","CPU info","GCC 13.3.0","2025-10-06 15:41:41"
11000000,simultaneo,reverse,2,44,0.003771868,0,"","INOVAI-NB-8","CPU info","GCC 13.3.0","2025-10-06 15:41:41"
11000000,não simultaneo,reverse,3,45,0.003569811,0,"","INOVAI-NB-8","CPU info","GCC 13.3.0","2025-10-06 15:41:41"
11000000,simultaneo,reverse,3,45,0.003675023,0,"","INOVAI-NB-8","CPU info","GCC 13.3.0","2025-10-06 15:41:41"
11000000,não simultaneo,reverse,4,46,0.003877074,0,"","INOVAI-NB-8","CPU info","GCC 13.3.0","2025-10-06 15:41:41"
11000000,simultaneo,reverse,4,46,0.003634955,0,"","INOVAI-NB-8","CPU info","GCC 13.3.0","2025-10-06 15:41:41"
12000000,não simultaneo,reverse,0,42,0.003921670,0,"","INOVAI-NB-8","CPU info","GCC 13.3.0","2025-10-06 15:41:41"
12000000,simultaneo,reverse,0,42,0.004048958,0,"","INOVAI-NB-8","CPU info","GCC 13.3.0","2025-10-06 15:41:41"
12000000,não simultaneo,reverse,1,43,0.003863947,0,"","INOVAI-NB-8","CPU info","GCC 13.3.0","2025-10-06 15:41:41"
12000000,simultaneo,reverse,1,43,0.004099629,0,"","INOVAI-NB-8","CPU info","GCC 13.3.0","2025-10-06 15:41:41"
12000000,não simultaneo,reverse,2,44,0.004174256,0,"","INOVAI-NB-8","CPU info","GCC 13.3.0","2025-10-06 15:41:41"
12000000,simultaneo,reverse,2,44,0.004834794,0,"","INOVAI-NB-8","CPU info","GCC 13.3.0","2025-10-06 15:41:41"
12000000,não simultaneo,reverse,3,45,0.004059408,0,"","INOVAI-NB-8","CPU info","GCC 13.3.0","2025-10-06 15:41:41"
12000000,simultaneo,reverse,3,45,0.004089999,0,"","INOVAI-NB-8","CPU info","GCC 13.3.0","2025-10-06 15:41:41"
12000000,não simultaneo,reverse,4,46,0.003942433,0,"","INOVAI-NB-8","CPU info","GCC 13.3.0","2025-10-06 15:41:41"
12000000,simultaneo,reverse,4,46,0.004093993,0,"","INOVAI-NB-8","CPU info","GCC 13.3.0","2025-10-06 15:41:41"
13000000,não simultaneo,reverse,0,42,0.004328547,0,"","INOVAI-NB-8","CPU info","GCC 13.3.0","2025-10-06 15:41:41"
13000000,simultaneo,reverse,0,42,0.004506554,0,"","INOVAI-NB-8","CPU info","GCC 13.3.0","2025-10-06 15:41:41"
13000000,não simultaneo,reverse,1,43,0.004284703,0,"","INOVAI-NB-8","CPU info","GCC 13.3.0","2025-10-06 15:41:41"
13000000,simultaneo,reverse,1,43,0.004411356,0,"","INOVAI-NB-8","CPU info","GCC 13.3.0","2025-10-06 15:41:41"
13000000,não simultaneo,reverse,2,44,0.004230353,0,"","INOVAI-NB-8","CPU info","GCC 13.3.0","2025-10-06 15:41:41"
13000000,simultaneo,reverse,2,44,0.004410596,0,"","INOVAI-NB-8","CPU info","GCC 13.3.0","2025-10-06 15:41:41"
13000000,não simultaneo,reverse,3,45,0.004100929,0,"","INOVAI-NB-8","CPU info","GCC 13.3.0","2025-10-06 15:41:41"
13000000,simultaneo,reverse,3,45,0.004289617,0,"","INOVAI-NB-8","CPU info","GCC 13.3.0","2025-10-06 15:41:41"
13000000,não simultaneo,reverse,4,46,0.004063862,0,"","INOVAI-NB-8","CPU info","GCC 13.3.0","2025-10-06 15:41:41"
13000000,simultaneo,reverse,4,46,0.004305161,0,"","INOVAI-NB-8","CPU info","GCC 13.3.0","2025-10-06 15:41:41"
14000000,não simultaneo,reverse,0,42,0.004823751,0,"","INOVAI-NB-8","CPU info","GCC 13.3.0","2025-10-06 15:41:41"
14000000,simultaneo,reverse,0,42,0.004594779,0,"","INOVAI-NB-8","CPU info","GCC 13.3.0","2025-10-06 15:41:41"
14000000,não simultaneo,reverse,1,43,0.004369501,0,"","INOVAI-NB-8","CPU info","GCC 13.3.0","2025-10-06 15:41:41"
14000000,simultaneo,reverse,1,43,0.004614369,0,"","INOVAI-NB-8","CPU info","GCC 13.3.0","2025-10-06 15:41:41"
14000000,não simultaneo,reverse,2,44,0.004392444,0,"","INOVAI-NB-8","CPU info","GCC 13.3.0","2025-10-06 15:41:41"
14000000,simultaneo,reverse,2,44,0.004584393,0,"","INOVAI-NB-8","CPU info","GCC 13.3.0","2025-10-06 15:41:41"
14000000,não simultaneo,reverse,3,45,0.005181531,0,"","INOVAI-NB-8","CPU info","GCC 13.3.0","2025-10-06 15:41:41"
14000000,simultaneo,reverse,3,45,0.005600906,0,"","INOVAI-NB-8","CPU info","GCC 13.3.0","2025-10-06 15:41:41"
14000000,não simultaneo,reverse,4,46,0.004450821,0,"","INOVAI-NB-8","CPU info","GCC 13.3.0","2025-10-06 15:41:41"
14000000,simultaneo,reverse,4,46,0.004672832,0,"","INOVAI-NB-8","CPU info","GCC 13.3.0","2025-10-06 15:41:41"
15000000,não simultaneo,reverse,0,42,0.004834956,0,"","INOVAI-NB-8","CPU info","GCC 13.3.0","2025-10-06 15:41:41"
15000000,simultaneo,reverse,0,42,0.005024297,0,"","INOVAI-NB-8","CPU info","GCC 13.3.0","2025-10-06 15:41:41"
15000000,não simultaneo,reverse,1,43,0.004733253,0,"","INOVAI-NB-8","CPU info","GCC 13.3.0","2025-10-06 15:41:41"
15000000,simultaneo,reverse,1,43,0.004976875,0,"","INOVAI-NB-8","CPU info","GCC 13.3.0","2025-10-06 15:41:41"
15000000,não simultaneo,reverse,2,44,0.004826501,0,"","INOVAI-NB-8","CPU info","GCC 13.3.0","2025-10-06 15:41:41"
15000000,simultaneo,reverse,2,44,0.005133402,0,"","INOVAI-NB-8","CPU info","GCC 13.3.0","2025-10-06 15:41:41"
15000000,não simultaneo,reverse,3,45,0.004844695,0,"","INOVAI-NB-8","CPU info","GCC 13.3.0","2025-10-06 15:41:41"
15000000,simultaneo,reverse,3,45,0.005135276,0,"","INOVAI-NB-8","CPU info","GCC 13.3.0","2025-10-06 15:41:41"
15000000,não simultaneo,reverse,4,46,0.004916349,0,"","INOVAI-NB-8","CPU info","GCC 13.3.0","2025-10-06 15:41:41"
15000000,simultaneo,reverse,4,46,0.005179275,0,"","INOVAI-NB-8","CPU info","GCC 13.3.0","2025-10-06 15:41:41"
16000000,não simultaneo,reverse,0,42,0.005146430,0,"","INOVAI-NB-8","CPU info","GCC 13.3.0","2025-10-06 15:41:41"
16000000,simultaneo,reverse,0,42,0.005385313,0,"","INOVAI-NB-8","CPU info","GCC 13.3.0","2025-10-06 15:41:41"
16000000,não simultaneo,reverse,1,43,0.005275691,0,"","INOVAI-NB-8","CPU info","GCC 13.3.0","2025-10-06 15:41:41"
16000000,simultaneo,reverse,1,43,0.006997314,0,"","INOVAI-NB-8","CPU info","GCC 13.3.0","2025-10-06 15:41:41"
16000000,não simultaneo,reverse,2,44,0.005056016,0,"","INOVAI-NB-8","CPU info","GCC 13.3.0","2025-10-06 15:41:41"
16000000,simultaneo,reverse,2,44,0.005435756,0,"","INOVAI-NB-8","CPU info","GCC 13.3.0","2025-10-06 15:41:41"
16000000,não simultaneo,reverse,3,45,0.005213175,0,"","INOVAI-NB-8","CPU info","GCC 13.3.0","2025-10-06 15:41:41"
16000000,simultaneo,reverse,3,45,0.005581047,0,"","INOVAI-NB-8","CPU info","GCC 13.3.0","2025-10-06 15:41:41"
16000000,não simultaneo,reverse,4,46,0.005079407,0,"","INOVAI-NB-8","CPU info","GCC 13.3.0","2025-10-06 15:41:41"
16000000,simultaneo,reverse,4,46,0.005466523,0,"","INOVAI-NB-8","CPU info","GCC 13.3.0","2025-10-06 15:41:41"
17000000,não simultaneo,reverse,0,42,0.005785059,0,"","INOVAI-NB-8","CPU info","GCC 13.3.0","2025-10-06 15:41:41"
17000000,simultaneo,reverse,0,42,0.005819135,0,"","INOVAI-NB-8","CPU info","GCC 13.3.0","2025-10-06 15:41:41"
17000000,não simultaneo,reverse,1,43,0.006021026,0,"","INOVAI-NB-8","CPU info","GCC 13.3.0","2025-10-06 15:41:41"
17000000,simultaneo,reverse,1,43,0.005818138,0,"","INOVAI-NB-8","CPU info","GCC 13.3.0","2025-10-06 15:41:41"
17000000,não simultaneo,reverse,2,44,0.005462095,0,"","INOVAI-NB-8","CPU info","GCC 13.3.0","2025-10-06 15:41:41"
17000000,simultaneo,reverse,2,44,0.005729879,0,"","INOVAI-NB-8","CPU info","GCC 13.3.0","2025-10-06 15:41:41"
17000000,não simultaneo,reverse,3,45,0.005416239,0,"","INOVAI-NB-8","CPU info","GCC 13.3.0","2025-10-06 15:41:41"
17000000,simultaneo,reverse,3,45,0.006011338,0,"","INOVAI-NB-8","CPU info","GCC 13.3.0","2025-10-06 15:41:41"
17000000,não simultaneo,reverse,4,46,0.005446910,0,"","INOVAI-NB-8","CPU info","GCC 13.3.0","2025-10-06 15:41:41"
17000000,simultaneo,reverse,4,46,0.005760583,0,"","INOVAI-NB-8","CPU info","GCC 13.3.0","2025-10-06 15:41:41"
18000000,não simultaneo,reverse,0,42,0.005901358,0,"","INOVAI-NB-8","CPU info","GCC 13.3.0","2025-10-06 15:41:41"
18000000,simultaneo,reverse,0,42,0.006316585,0,"","INOVAI-NB-8","CPU info","GCC 13.3.0","2025-10-06 15:41:41"
18000000,não simultaneo,reverse,1,43,0.005701449,0,"","INOVAI-NB-8","CPU info","GCC 13.3.0","2025-10-06 15:41:41"
18000000,simultaneo,reverse,1,43,0.006044818,0,"","INOVAI-NB-8","CPU info","GCC 13.3.0","2025-10-06 15:41:41"
18000000,não simultaneo,reverse,2,44,0.007039757,0,"","INOVAI-NB-8","CPU info","GCC 13.3.0","2025-10-06 15:41:41"
18000000,simultaneo,reverse,2,44,0.006113419,0,"","INOVAI-NB-8","CPU info","GCC 13.3.0","2025-10-06 15:41:41"
18000000,não simultaneo,reverse,3,45,0.006048147,0,"","INOVAI-NB-8","CPU info","GCC 13.3.0","2025-10-06 15:41:41"
18000000,simultaneo,reverse,3,45,0.006227748,0,"","INOVAI-NB-8","CPU info","GCC 13.3.0","2025-10-06 15:41:41"
18000000,não simultaneo,reverse,4,46,0.006063910,0,"","INOVAI-NB-8","CPU info","GCC 13.3.0","2025-10-06 15:41:41"
18000000,simultaneo,reverse,4,46,0.007178839,0,"","INOVAI-NB-8","CPU info","GCC 13.3.0","2025-10-06 15:41:41"
19000000,não simultaneo,reverse,0,42,0.006120234,0,"","INOVAI-NB-8","CPU info","GCC 13.3.0","2025-10-06 15:41:41"
19000000,simultaneo,reverse,0,42,0.006538514,0,"","INOVAI-NB-8","CPU info","GCC 13.3.0","2025-10-06 15:41:41"
19000000,não simultaneo,reverse,1,43,0.006068607,0,"","INOVAI-NB-8","CPU info","GCC 13.3.0","2025-10-06 15:41:41"
19000000,simultaneo,reverse,1,43,0.006489742,0,"","INOVAI-NB-8","CPU info","GCC 13.3.0","2025-10-06 15:41:41"
19000000,não simultaneo,reverse,2,44,0.006464806,0,"","INOVAI-NB-8","CPU info","GCC 13.3.0","2025-10-06 15:41:41"
19000000,simultaneo,reverse,2,44,0.006396551,0,"","INOVAI-NB-8","CPU info","GCC 13.3.0","2025-10-06 15:41:41"
19000000,não simultaneo,reverse,3,45,0.006087678,0,"","INOVAI-NB-8","CPU info","GCC 13.3.0","2025-10-06 15:41:41"
19000000,simultaneo,reverse,3,45,0.006443148,0,"","INOVAI-NB-8","CPU info","GCC 13.3.0","2025-10-06 15:41:41"
19000000,não simultaneo,reverse,4,46,0.006035577,0,"","INOVAI-NB-8","CPU info","GCC 13.3.0","2025-10-06 15:41:41"
19000000,simultaneo,reverse,4,46,0.006426337,0,"","INOVAI-NB-8","CPU info","GCC 13.3.0","2025-10-06 15:41:41"
20000000,não simultaneo,reverse,0,42,0.007049436,0,"","INOVAI-NB-8","CPU info","GCC 13.3.0","2025-10-06 15:41:41"
20000000,simultaneo,reverse,0,42,0.006631113,0,"","INOVAI-NB-8","CPU info","GCC 13.3.0","2025-10-06 15:41:41"
20000000,não simultaneo,reverse,1,43,0.006543703,0,"","INOVAI-NB-8","CPU info","GCC 13.3.0","2025-10-06 15:41:41"
20000000,simultaneo,reverse,1,43,0.006952178,0,"","INOVAI-NB-8","CPU info","GCC 13.3.0","2025-10-06 15:41:41"
20000000,não simultaneo,reverse,2,44,0.006791248,0,"","INOVAI-NB-8","CPU info","GCC 13.3.0","2025-10-06 15:41:41"
20000000,simultaneo,reverse,2,44,0.006840592,0,"","INOVAI-NB-8","CPU info","GCC 13.3.0","2025-10-06 15:41:41"
20000000,não simultaneo,reverse,3,45,0.006561465,0,"","INOVAI-NB-8","CPU info","GCC 13.3.0","2025-10-06 15:41:41"
20000000,simultaneo,reverse,3,45,0.006743695,0,"","INOVAI-NB-8","CPU info","GCC 13.3.0","2025-10-06 15:41:41"
20000000,não simultaneo,reverse,4,46,0.006487000,0,"","INOVAI-NB-8","CPU info","GCC 13.3.0","2025-10-06 15:41:41"
20000000,simultaneo,reverse,4,46,0.006480376,0,"","INOVAI-NB-8","CPU info","GCC 13.3.0","2025-10-06 15:41:41"
21000000,não simultaneo,reverse,0,42,0.006725378,0,"","INOVAI-NB-8","CPU info","GCC 13.3.0","2025-10-06 15:41:41"
21000000,simultaneo,reverse,0,42,0.007074079,0,"","INOVAI-NB-8","CPU info","GCC 13.3.0","2025-10-06 15:41:41"
21000000,não simultaneo,reverse,1,43,0.006944797,0,"","INOVAI-NB-8","CPU info","GCC 13.3.0","2025-10-06 15:41:41"
21000000,simultaneo,reverse,1,43,0.007158852,0,"","INOVAI-NB-8","CPU info","GCC 13.3.0","2025-10-06 15:41:41"
21000000,não simultaneo,reverse,2,44,0.006759655,0,"","INOVAI-NB-8","CPU info","GCC 13.3.0","2025-10-06 15:41:41"
21000000,simultaneo,reverse,2,44,0.007135260,0,"","INOVAI-NB-8","CPU info","GCC 13.3.0","2025-10-06 15:41:41"
21000000,não simultaneo,reverse,3,45,0.007924212,0,"","INOVAI-NB-8","CPU info","GCC 13.3.0","2025-10-06 15:41:41"
21000000,simultaneo,reverse,3,45,0.007525638,0,"","INOVAI-NB-8","CPU info","GCC 13.3.0","2025-10-06 15:41:41"
21000000,não simultaneo,reverse,4,46,0.006868685,0,"","INOVAI-NB-8","CPU info","GCC 13.3.0","2025-10-06 15:41:41"
21000000,simultaneo,reverse,4,46,0.007241858,0,"","INOVAI-NB-8","CPU info","GCC 13.3.0","2025-10-06 15:41:41"
22000000,não simultaneo,reverse,0,42,0.007091926,0,"","INOVAI-NB-8","CPU info","GCC 13.3.0","2025-10-06 15:41:41"
22000000,simultaneo,reverse,0,42,0.007445941,0,"","INOVAI-NB-8","CPU info","GCC 13.3.0","2025-10-06 15:41:41"
22000000,não simultaneo,reverse,1,43,0.007140111,0,"","INOVAI-NB-8","CPU info","GCC 13.3.0","2025-10-06 15:41:41"
22000000,simultaneo,reverse,1,43,0.007423515,0,"","INOVAI-NB-8","CPU info","GCC 13.3.0","2025-10-06 15:41:41"
22000000,não simultaneo,reverse,2,44,0.007097108,0,"","INOVAI-NB-8","CPU info","GCC 13.3.0","2025-10-06 15:41:41"
22000000,simultaneo,reverse,2,44,0.007489233,0,"","INOVAI-NB-8","CPU info","GCC 13.3.0","2025-10-06 15:41:41"
22000000,não simultaneo,reverse,3,45,0.009345538,0,"","INOVAI-NB-8","CPU info","GCC 13.3.0","2025-10-06 15:41:41"
22000000,simultaneo,reverse,3,45,0.007547838,0,"","INOVAI-NB-8","CPU info","GCC 13.3.0","2025-10-06 15:41:41"
22000000,não simultaneo,reverse,4,46,0.007337268,0,"","INOVAI-NB-8","CPU info","GCC 13.3.0","2025-10-06 15:41:41"
22000000,simultaneo,reverse,4,46,0.007621038,0,"","INOVAI-NB-8","CPU info","GCC 13.3.0","2025-10-06 15:41:41"
23000000,não simultaneo,reverse,0,42,0.007947449,0,"","INOVAI-NB-8","CPU info","GCC 13.3.0","2025-10-06 15:41:41"
23000000,simultaneo,reverse,0,42,0.008076542,0,"","INOVAI-NB-8","CPU info","GCC 13.3.0","2025-10-06 15:41:41"
23000000,não simultaneo,reverse,1,43,0.007737948,0,"","INOVAI-NB-8","CPU info","GCC 13.3.0","2025-10-06 15:41:41"
23000000,simultaneo,reverse,1,43,0.007758901,0,"","INOVAI-NB-8","CPU info","GCC 13.3.0","2025-10-06 15:41:41"
23000000,não simultaneo,reverse,2,44,0.007799954,0,"","INOVAI-NB-8","CPU info","GCC 13.3.0","2025-10-06 15:41:41"
23000000,simultaneo,reverse,2,44,0.007816451,0,"","INOVAI-NB-8","CPU info","GCC 13.3.0","2025-10-06 15:41:41"
23000000,não simultaneo,reverse,3,45,0.007781993,0,"","INOVAI-NB-8","CPU info","GCC 13.3.0","2025-10-06 15:41:41"
23000000,simultaneo,reverse,3,45,0.007685353,0,"","INOVAI-NB-8","CPU info","GCC 13.3.0","2025-10-06 15:41:41"
23000000,não simultaneo,reverse,4,46,0.008021035,0,"","INOVAI-NB-8","CPU info","GCC 13.3.0","2025-10-06 15:41:41"
23000000,simultaneo,reverse,4,46,0.009207118,0,"","INOVAI-NB-8","CPU info","GCC 13.3.0","2025-10-06 15:41:41"
24000000,não simultaneo,reverse,0,42,0.008363599,0,"","INOVAI-NB-8","CPU info","GCC 13.3.0","2025-10-06 15:41:41"
24000000,simultaneo,reverse,0,42,0.007971424,0,"","INOVAI-NB-8","CPU info","GCC 13.3.0","2025-10-06 15:41:41"
24000000,não simultaneo,reverse,1,43,0.008033076,0,"","INOVAI-NB-8","CPU info","GCC 13.3.0","2025-10-06 15:41:41"
24000000,simultaneo,reverse,1,43,0.008108699,0,"","INOVAI-NB-8","CPU info","GCC 13.3.0","2025-10-06 15:41:41"
24000000,não simultaneo,reverse,2,44,0.008261139,0,"","INOVAI-NB-8","CPU info","GCC 13.3.0","2025-10-06 15:41:41"
24000000,simultaneo,reverse,2,44,0.008175202,0,"","INOVAI-NB-8","CPU info","GCC 13.3.0","2025-10-06 15:41:41"
24000000,não simultaneo,reverse,3,45,0.008370745,0,"","INOVAI-NB-8","CPU info","GCC 13.3.0","2025-10-06 15:41:41"
24000000,simultaneo,reverse,3,45,0.008721457,0,"","INOVAI-NB-8","CPU info","GCC 13.3.0","2025-10-06 15:41:41"
24000000,não simultaneo,reverse,4,46,0.008090478,0,"","INOVAI-NB-8","CPU info","GCC 13.3.0","2025-10-06 15:41:41"
24000000,simultaneo,reverse,4,46,0.008038142,0,"","INOVAI-NB-8","CPU info","GCC 13.3.0","2025-10-06 15:41:41"
25000000,não simultaneo,reverse,0,42,0.008522723,0,"","INOVAI-NB-8","CPU info","GCC 13.3.0","2025-10-06 15:41:41"
25000000,simultaneo,reverse,0,42,0.008398828,0,"","INOVAI-NB-8","CPU info","GCC 13.3.0","2025-10-06 15:41:41"
25000000,não simultaneo,reverse,1,43,0.008413578,0,"","INOVAI-NB-8","CPU info","GCC 13.3.0","2025-10-06 15:41:41"
25000000,simultaneo,reverse,1,43,0.008269832,0,"","INOVAI-NB-8","CPU info","GCC 13.3.0","2025-10-06 15:41:41"
25000000,não simultaneo,reverse,2,44,0.009256657,0,"","INOVAI-NB-8","CPU info","GCC 13.3.0","2025-10-06 15:41:41"
25000000,simultaneo,reverse,2,44,0.008596065,0,"","INOVAI-NB-8","CPU info","GCC 13.3.0","2025-10-06 15:41:41"
25000000,não simultaneo,reverse,3,45,0.008699325,0,"","INOVAI-NB-8","CPU info","GCC 13.3.0","2025-10-06 15:41:41"
25000000,simultaneo,reverse,3,45,0.008334344,0,"","INOVAI-NB-8","CPU info","GCC 13.3.0","2025-10-06 15:41:41"
25000000,não simultaneo,reverse,4,46,0.008484039,0,"","INOVAI-NB-8","CPU info","GCC 13.3.0","2025-10-06 15:41:41"
25000000,simultaneo,reverse,4,46,0.008362992,0,"","INOVAI-NB-8","CPU info","GCC 13.3.0","2025-10-06 15:41:41"
26000000,não simultaneo,reverse,0,42,0.008749887,0,"","INOVAI-NB-8","CPU info","GCC 13.3.0","2025-10-06 15:41:41"
26000000,simultaneo,reverse,0,42,0.008765433,0,"","INOVAI-NB-8","CPU info","GCC 13.3.0","2025-10-06 15:41:41"
26000000,não simultaneo,reverse,1,43,0.011497564,0,"","INOVAI-NB-8","CPU info","GCC 13.3.0","2025-10-06 15:41:41"
26000000,simultaneo,reverse,1,43,0.009590050,0,"","INOVAI-NB-8","CPU info","GCC 13.3.0","2025-10-06 15:41:41"
26000000,não simultaneo,reverse,2,44,0.008968502,0,"","INOVAI-NB-8","CPU info","GCC 13.3.0","2025-10-06 15:41:41"
26000000,simultaneo,reverse,2,44,0.009171843,0,"","INOVAI-NB-8","CPU info","GCC 13.3.0","2025-10-06 15:41:41"
26000000,não simultaneo,reverse,3,45,0.009990646,0,"","INOVAI-NB-8","CPU info","GCC 13.3.0","2025-10-06 15:41:41"
26000000,simultaneo,reverse,3,45,0.008952109,0,"","INOVAI-NB-8","CPU info","GCC 13.3.0","2025-10-06 15:41:41"
26000000,não simultaneo,reverse,4,46,0.008892703,0,"","INOVAI-NB-8","CPU info","GCC 13.3.0","2025-10-06 15:41:41"
26000000,simultaneo,reverse,4,46,0.008879343,0,"","INOVAI-NB-8","CPU info","GCC 13.3.0","2025-10-06 15:41:41"
27000000,não simultaneo,reverse,0,42,0.009242864,0,"","INOVAI-NB-8","CPU info","GCC 13.3.0","2025-10-06 15:41:41"
27000000,simultaneo,reverse,0,42,0.008853969,0,"","INOVAI-NB-8","CPU info","GCC 13.3.0","2025-10-06 15:41:41"
27000000,não simultaneo,reverse,1,43,0.009109751,0,"","INOVAI-NB-8","CPU info","GCC 13.3.0","2025-10-06 15:41:41"
27000000,simultaneo,reverse,1,43,0.008753501,0,"","INOVAI-NB-8","CPU info","GCC 13.3.0","2025-10-06 15:41:41"
27000000,não simultaneo,reverse,2,44,0.008712666,0,"","INOVAI-NB-8","CPU info","GCC 13.3.0","2025-10-06 15:41:41"
27000000,simultaneo,reverse,2,44,0.008660868,0,"","INOVAI-NB-8","CPU info","GCC 13.3.0","2025-10-06 15:41:41"
27000000,não simultaneo,reverse,3,45,0.008726484,0,"","INOVAI-NB-8","CPU info","GCC 13.3.0","2025-10-06 15:41:41"
27000000,simultaneo,reverse,3,45,0.008838493,0,"","INOVAI-NB-8","CPU info","GCC 13.3.0","2025-10-06 15:41:41"
27000000,não simultaneo,reverse,4,46,0.008786396,0,"","INOVAI-NB-8","CPU info","GCC 13.3.0","2025-10-06 15:41:41"
27000000,simultaneo,reverse,4,46,0.008886997,0,"","INOVAI-NB-8","CPU info","GCC 13.3.0","2025-10-06 15:41:41"
28000000,não simultaneo,reverse,0,42,0.009167688,0,"","INOVAI-NB-8","CPU info","GCC 13.3.0","2025-10-06 15:41:41"
28000000,simultaneo,reverse,0,42,0.009668573,0,"","INOVAI-NB-8","CPU info","GCC 13.3.0","2025-10-06 15:41:41"
28000000,não simultaneo,reverse,1,43,0.010036499,0,"","INOVAI-NB-8","CPU info","GCC 13.3.0","2025-10-06 15:41:41"
28000000,simultaneo,reverse,1,43,0.010478908,0,"","INOVAI-NB-8","CPU info","GCC 13.3.0","2025-10-06 15:41:41"
28000000,não simultaneo,reverse,2,44,0.009107560,0,"","INOVAI-NB-8","CPU info","GCC 13.3.0","2025-10-06 15:41:41"
28000000,simultaneo,reverse,2,44,0.009222628,0,"","INOVAI-NB-8","CPU info","GCC 13.3.0","2025-10-06 15:41:41"
28000000,não simultaneo,reverse,3,45,0.009002891,0,"","INOVAI-NB-8","CPU info","GCC 13.3.0","2025-10-06 15:41:41"
28000000,simultaneo,reverse,3,45,0.008947780,0,"","INOVAI-NB-8","CPU info","GCC 13.3.0","2025-10-06 15:41:41"
28000000,não simultaneo,reverse,4,46,0.009098643,0,"","INOVAI-NB-8","CPU info","GCC 13.3.0","2025-10-06 15:41:41"
28000000,simultaneo,reverse,4,46,0.009273997,0,"","INOVAI-NB-8","CPU info","GCC 13.3.0","2025-10-06 15:41:41"
29000000,não simultaneo,reverse,0,42,0.009323556,0,"","INOVAI-NB-8","CPU info","GCC 13.3.0","2025-10-06 15:41:41"
29000000,simultaneo,reverse,0,42,0.009575441,0,"","INOVAI-NB-8","CPU info","GCC 13.3.0","2025-10-06 15:41:41"
29000000,não simultaneo,reverse,1,43,0.009289799,0,"","INOVAI-NB-8","CPU info","GCC 13.3.0","2025-10-06 15:41:41"
29000000,simultaneo,reverse,1,43,0.009366586,0,"","INOVAI-NB-8","CPU info","GCC 13.3.0","2025-10-06 15:41:41"
29000000,não simultaneo,reverse,2,44,0.009527392,0,"","INOVAI-NB-8","CPU info","GCC 13.3.0","2025-10-06 15:41:41"
29000000,simultaneo,reverse,2,44,0.009383490,0,"","INOVAI-NB-8","CPU info","GCC 13.3.0","2025-10-06 15:41:41"
29000000,não simultaneo,reverse,3,45,0.009773561,0,"","INOVAI-NB-8","CPU info","GCC 13.3.0","2025-10-06 15:41:41"
29000000,simultaneo,reverse,3,45,0.009717809,0,"","INOVAI-NB-8","CPU info","GCC 13.3.0","2025-10-06 15:41:41"
29000000,não simultaneo,reverse,4,46,0.010023937,0,"","INOVAI-NB-8","CPU info","GCC 13.3.0","2025-10-06 15:41:41"
29000000,simultaneo,reverse,4,46,0.009590087,0,"","INOVAI-NB-8","CPU info","GCC 13.3.0","2025-10-06 15:41:41"
30000000,não simultaneo,reverse,0,42,0.010300714,0,"","INOVAI-NB-8","CPU info","GCC 13.3.0","2025-10-06 15:41:41"
30000000,simultaneo,reverse,0,42,0.009914388,0,"","INOVAI-NB-8","CPU info","GCC 13.3.0","2025-10-06 15:41:41"
30000000,não simultaneo,reverse,1,43,0.010056911,0,"","INOVAI-NB-8","CPU info","GCC 13.3.0","2025-10-06 15:41:41"
30000000,simultaneo,reverse,1,43,0.010115731,0,"","INOVAI-NB-8","CPU info","GCC 13.3.0","2025-10-06 15:41:41"
30000000,não simultaneo,reverse,2,44,0.010030465,0,"","INOVAI-NB-8","CPU info","GCC 13.3.0","2025-10-06 15:41:41"
30000000,simultaneo,reverse,2,44,0.009884773,0,"","INOVAI-NB-8","CPU info","GCC 13.3.0","2025-10-06 15:41:41"
30000000,não simultaneo,reverse,3,45,0.010185756,0,"","INOVAI-NB-8","CPU info","GCC 13.3.0","2025-10-06 15:41:41"
30000000,simultaneo,reverse,3,45,0.010139142,0,"","INOVAI-NB-8","CPU info","GCC 13.3.0","2025-10-06 15:41:41"
30000000,não simultaneo,reverse,4,46,0.010093619,0,"","INOVAI-NB-8","CPU info","GCC 13.3.0","2025-10-06 15:41:41"
30000000,simultaneo,reverse,4,46,0.010122942,0,"","INOVAI-NB-8","CPU info","GCC 13.3.0","2025-10-06 15:41:41"
31000000,não simultaneo,reverse,0,42,0.010694422,0,"","INOVAI-NB-8","CPU info","GCC 13.3.0","2025-10-06 15:41:41"
31000000,simultaneo,reverse,0,42,0.010140764,0,"","INOVAI-NB-8","CPU info","GCC 13.3.0","2025-10-06 15:41:41"
31000000,não simultaneo,reverse,1,43,0.010846415,0,"","INOVAI-NB-8","CPU info","GCC 13.3.0","2025-10-06 15:41:41"
31000000,simultaneo,reverse,1,43,0.010022122,0,"","INOVAI-NB-8","CPU info","GCC 13.3.0","2025-10-06 15:41:41"
31000000,não simultaneo,reverse,2,44,0.010595995,0,"","INOVAI-NB-8","CPU info","GCC 13.3.0","2025-10-06 15:41:41"
31000000,simultaneo,reverse,2,44,0.010090469,0,"","INOVAI-NB-8","CPU info","GCC 13.3.0","2025-10-06 15:41:41"
31000000,não simultaneo,reverse,3,45,0.010545190,0,"","INOVAI-NB-8","CPU info","GCC 13.3.0","2025-10-06 15:41:41"
31000000,simultaneo,reverse,3,45,0.009955456,0,"","INOVAI-NB-8","CPU info","GCC 13.3.0","2025-10-06 15:41:41"
31000000,não simultaneo,reverse,4,46,0.010492574,0,"","INOVAI-NB-8","CPU info","GCC 13.3.0","2025-10-06 15:41:41"
31000000,simultaneo,reverse,4,46,0.009829094,0,"","INOVAI-NB-8","CPU info","GCC 13.3.0","2025-10-06 15:41:41"
32000000,não simultaneo,reverse,0,42,0.010449157,0,"","INOVAI-NB-8","CPU info","GCC 13.3.0","2025-10-06 15:41:41"
32000000,simultaneo,reverse,0,42,0.010843328,0,"","INOVAI-NB-8","CPU info","GCC 13.3.0","2025-10-06 15:41:41"
32000000,não simultaneo,reverse,1,43,0.011435491,0,"","INOVAI-NB-8","CPU info","GCC 13.3.0","2025-10-06 15:41:41"
32000000,simultaneo,reverse,1,43,0.010444633,0,"","INOVAI-NB-8","CPU info","GCC 13.3.0","2025-10-06 15:41:41"
32000000,não simultaneo,reverse,2,44,0.011312173,0,"","INOVAI-NB-8","CPU info","GCC 13.3.0","2025-10-06 15:41:41"
32000000,simultaneo,reverse,2,44,0.010506759,0,"","INOVAI-NB-8","CPU info","GCC 13.3.0","2025-10-06 15:41:41"
32000000,não simultaneo,reverse,3,45,0.010973944,0,"","INOVAI-NB-8","CPU info","GCC 13.3.0","2025-10-06 15:41:41"
32000000,simultaneo,reverse,3,45,0.010311833,0,"","INOVAI-NB-8","CPU info","GCC 13.3.0","2025-10-06 15:41:41"
32000000,não simultaneo,reverse,4,46,0.010529096,0,"","INOVAI-NB-8","CPU info","GCC 13.3.0","2025-10-06 15:41:41"
32000000,simultaneo,reverse,4,46,0.010219070,0,"","INOVAI-NB-8","CPU info","GCC 13.3.0","2025-10-06 15:41:41"
33000000,não simultaneo,reverse,0,42,0.011533766,0,"","INOVAI-NB-8","CPU info","GCC 13.3.0","2025-10-06 15:41:41"
33000000,simultaneo,reverse,0,42,0.011464008,0,"","INOVAI-NB-8","CPU info","GCC 13.3.0","2025-10-06 15:41:41"
33000000,não simultaneo,reverse,1,43,0.010887793,0,"","INOVAI-NB-8","CPU info","GCC 13.3.0","2025-10-06 15:41:41"
33000000,simultaneo,reverse,1,43,0.010769267,0,"","INOVAI-NB-8","CPU info","GCC 13.3.0","2025-10-06 15:41:41"
33000000,não simultaneo,reverse,2,44,0.011119673,0,"","INOVAI-NB-8","CPU info","GCC 13.3.0","2025-10-06 15:41:41"
33000000,simultaneo,reverse,2,44,0.010737631,0,"","INOVAI-NB-8","CPU info","GCC 13.3.0","2025-10-06 15:41:41"
33000000,não simultaneo,reverse,3,45,0.011394450,0,"","INOVAI-NB-8","CPU info","GCC 13.3.0","2025-10-06 15:41:41"
33000000,simultaneo,reverse,3,45,0.010677670,0,"","INOVAI-NB-8","CPU info","GCC 13.3.0","2025-10-06 15:41:41"
33000000,não simultaneo,reverse,4,46,0.010914463,0,"","INOVAI-NB-8","CPU info","GCC 13.3.0","2025-10-06 15:41:41"
33000000,simultaneo,reverse,4,46,0.011093103,0,"","INOVAI-NB-8","CPU info","GCC 13.3.0","2025-10-06 15:41:41"
34000000,não simultaneo,reverse,0,42,0.011272760,0,"","INOVAI-NB-8","CPU info","GCC 13.3.0","2025-10-06 15:41:41"
34000000,simultaneo,reverse,0,42,0.011051766,0,"","INOVAI-NB-8","CPU info","GCC 13.3.0","2025-10-06 15:41:41"
34000000,não simultaneo,reverse,1,43,0.011634568,0,"","INOVAI-NB-8","CPU info","GCC 13.3.0","2025-10-06 15:41:41"
34000000,simultaneo,reverse,1,43,0.011235786,0,"","INOVAI-NB-8","CPU info","GCC 13.3.0","2025-10-06 15:41:41"
34000000,não simultaneo,reverse,2,44,0.011477922,0,"","INOVAI-NB-8","CPU info","GCC 13.3.0","2025-10-06 15:41:41"
34000000,simultaneo,reverse,2,44,0.011131807,0,"","INOVAI-NB-8","CPU info","GCC 13.3.0","2025-10-06 15:41:41"
34000000,não simultaneo,reverse,3,45,0.011386023,0,"","INOVAI-NB-8","CPU info","GCC 13.3.0","2025-10-06 15:41:41"
34000000,simultaneo,reverse,3,45,0.011120097,0,"","INOVAI-NB-8","CPU info","GCC 13.3.0","2025-10-06 15:41:41"
34000000,não simultaneo,reverse,4,46,0.012527554,0,"","INOVAI-NB-8","CPU info","GCC 13.3.0","2025-10-06 15:41:41"
34000000,simultaneo,reverse,4,46,0.011400277,0,"","INOVAI-NB-8","CPU info","GCC 13.3.0","2025-10-06 15:41:41"
35000000,não simultaneo,reverse,0,42,0.011872245,0,"","INOVAI-NB-8","CPU info","GCC 13.3.0","2025-10-06 15:41:41"
35000000,simultaneo,reverse,0,42,0.011198264,0,"","INOVAI-NB-8","CPU info","GCC 13.3.0","2025-10-06 15:41:41"
35000000,não simultaneo,reverse,1,43,0.011740831,0,"","INOVAI-NB-8","CPU info","GCC 13.3.0","2025-10-06 15:41:41"
35000000,simultaneo,reverse,1,43,0.011321357,0,"","INOVAI-NB-8","CPU info","GCC 13.3.0","2025-10-06 15:41:41"
35000000,não simultaneo,reverse,2,44,0.012339323,0,"","INOVAI-NB-8","CPU info","GCC 13.3.0","2025-10-06 15:41:41"
35000000,simultaneo,reverse,2,44,0.011166591,0,"","INOVAI-NB-8","CPU info","GCC 13.3.0","2025-10-06 15:41:41"
35000000,não simultaneo,reverse,3,45,0.011929080,0,"","INOVAI-NB-8","CPU info","GCC 13.3.0","2025-10-06 15:41:41"
35000000,simultaneo,reverse,3,45,0.011385508,0,"","INOVAI-NB-8","CPU info","GCC 13.3.0","2025-10-06 15:41:41"
35000000,não simultaneo,reverse,4,46,0.011652515,0,"","INOVAI-NB-8","CPU info","GCC 13.3.0","2025-10-06 15:41:41"
35000000,simultaneo,reverse,4,46,0.011191953,0,"","INOVAI-NB-8","CPU info","GCC 13.3.0","2025-10-06 15:41:41"
36000000,não simultaneo,reverse,0,42,0.012096460,0,"","INOVAI-NB-8","CPU info","GCC 13.3.0","2025-10-06 15:41:41"
36000000,simultaneo,reverse,0,42,0.011602772,0,"","INOVAI-NB-8","CPU info","GCC 13.3.0","2025-10-06 15:41:41"
36000000,não simultaneo,reverse,1,43,0.012974905,0,"","INOVAI-NB-8","CPU info","GCC 13.3.0","2025-10-06 15:41:41"
36000000,simultaneo,reverse,1,43,0.012499645,0,"","INOVAI-NB-8","CPU info","GCC 13.3.0","2025-10-06 15:41:41"
36000000,não simultaneo,reverse,2,44,0.013040626,0,"","INOVAI-NB-8","CPU info","GCC 13.3.0","2025-10-06 15:41:41"
36000000,simultaneo,reverse,2,44,0.011539187,0,"","INOVAI-NB-8","CPU info","GCC 13.3.0","2025-10-06 15:41:41"
36000000,não simultaneo,reverse,3,45,0.012084876,0,"","INOVAI-NB-8","CPU info","GCC 13.3.0","2025-10-06 15:41:41"
36000000,simultaneo,reverse,3,45,0.011428720,0,"","INOVAI-NB-8","CPU info","GCC 13.3.0","2025-10-06 15:41:41"
36000000,não simultaneo,reverse,4,46,0.013036612,0,"","INOVAI-NB-8","CPU info","GCC 13.3.0","2025-10-06 15:41:41"
36000000,simultaneo,reverse,4,46,0.011347771,0,"","INOVAI-NB-8","CPU info","GCC 13.3.0","2025-10-06 15:41:41"
37000000,não simultaneo,reverse,0,42,0.012604599,0,"","INOVAI-NB-8","CPU info","GCC 13.3.0","2025-10-06 15:41:41"
37000000,simultaneo,reverse,0,42,0.012100602,0,"","INOVAI-NB-8","CPU info","GCC 13.3.0","2025-10-06 15:41:41"
37000000,não simultaneo,reverse,1,43,0.012092119,0,"","INOVAI-NB-8","CPU info","GCC 13.3.0","2025-10-06 15:41:41"
37000000,simultaneo,reverse,1,43,0.011714675,0,"","INOVAI-NB-8","CPU info","GCC 13.3.0","2025-10-06 15:41:41"
37000000,não simultaneo,reverse,2,44,0.012385459,0,"","INOVAI-NB-8","CPU info","GCC 13.3.0","2025-10-06 15:41:41"
37000000,simultaneo,reverse,2,44,0.011766806,0,"","INOVAI-NB-8","CPU info","GCC 13.3.0","2025-10-06 15:41:41"
37000000,não simultaneo,reverse,3,45,0.014921525,0,"","INOVAI-NB-8","CPU info","GCC 13.3.0","2025-10-06 15:41:41"
37000000,simultaneo,reverse,3,45,0.011825580,0,"","INOVAI-NB-8","CPU info","GCC 13.3.0","2025-10-06 15:41:41"
37000000,não simultaneo,reverse,4,46,0.012236427,0,"","INOVAI-NB-8","CPU info","GCC 13.3.0","2025-10-06 15:41:41"
37000000,simultaneo,reverse,4,46,0.011675710,0,"","INOVAI-NB-8","CPU info","GCC 13.3.0","2025-10-06 15:41:41"
38000000,não simultaneo,reverse,0,42,0.012021446,0,"","INOVAI-NB-8","CPU info","GCC 13.3.0","2025-10-06 15:41:41"
38000000,simultaneo,reverse,0,42,0.011758260,0,"","INOVAI-NB-8","CPU info","GCC 13.3.0","2025-10-06 15:41:41"
38000000,não simultaneo,reverse,1,43,0.012090561,0,"","INOVAI-NB-8","CPU info","GCC 13.3.0","2025-10-06 15:41:41"
38000000,simultaneo,reverse,1,43,0.012058930,0,"","INOVAI-NB-8","CPU info","GCC 13.3.0","2025-10-06 15:41:41"
38000000,não simultaneo,reverse,2,44,0.012063704,0,"","INOVAI-NB-8","CPU info","GCC 13.3.0","2025-10-06 15:41:41"
38000000,simultaneo,reverse,2,44,0.013172671,0,"","INOVAI-NB-8","CPU info","GCC 13.3.0","2025-10-06 15:41:41"
38000000,não simultaneo,reverse,3,45,0.012225499,0,"","INOVAI-NB-8","CPU info","GCC 13.3.0","2025-10-06 15:41:41"
38000000,simultaneo,reverse,3,45,0.012126531,0,"","INOVAI-NB-8","CPU info","GCC 13.3.0","2025-10-06 15:41:41"
38000000,não simultaneo,reverse,4,46,0.012102953,0,"","INOVAI-NB-8","CPU info","GCC 13.3.0","2025-10-06 15:41:41"
38000000,simultaneo,reverse,4,46,0.011860621,0,"","INOVAI-NB-8","CPU info","GCC 13.3.0","2025-10-06 15:41:41"
39000000,não simultaneo,reverse,0,42,0.012172269,0,"","INOVAI-NB-8","CPU info","GCC 13.3.0","2025-10-06 15:41:41"
39000000,simultaneo,reverse,0,42,0.012003334,0,"","INOVAI-NB-8","CPU info","GCC 13.3.0","2025-10-06 15:41:41"
39000000,não simultaneo,reverse,1,43,0.012650157,0,"","INOVAI-NB-8","CPU info","GCC 13.3.0","2025-10-06 15:41:41"
39000000,simultaneo,reverse,1,43,0.012109373,0,"","INOVAI-NB-8","CPU info","GCC 13.3.0","2025-10-06 15:41:41"
39000000,não simultaneo,reverse,2,44,0.012354839,0,"","INOVAI-NB-8","CPU info","GCC 13.3.0","2025-10-06 15:41:41"
39000000,simultaneo,reverse,2,44,0.011961208,0,"","INOVAI-NB-8","CPU info","GCC 13.3.0","2025-10-06 15:41:41"
39000000,não simultaneo,reverse,3,45,0.013515312,0,"","INOVAI-NB-8","CPU info","GCC 13.3.0","2025-10-06 15:41:41"
39000000,simultaneo,reverse,3,45,0.012294316,0,"","INOVAI-NB-8","CPU info","GCC 13.3.0","2025-10-06 15:41:41"
39000000,não simultaneo,reverse,4,46,0.012824228,0,"","INOVAI-NB-8","CPU info","GCC 13.3.0","2025-10-06 15:41:41"
39000000,simultaneo,reverse,4,46,0.012256798,0,"","INOVAI-NB-8","CPU info","GCC 13.3.0","2025-10-06 15:41:41"
40000000,não simultaneo,reverse,0,42,0.013246203,0,"","INOVAI-NB-8","CPU info","GCC 13.3.0","2025-10-06 15:41:41"
40000000,simultaneo,reverse,0,42,0.012280007,0,"","INOVAI-NB-8","CPU info","GCC 13.3.0","2025-10-06 15:41:41"
40000000,não simultaneo,reverse,1,43,0.013467507,0,"","INOVAI-NB-8","CPU info","GCC 13.3.0","2025-10-06 15:41:41"
40000000,simultaneo,reverse,1,43,0.012443823,0,"","INOVAI-NB-8","CPU info","GCC 13.3.0","2025-10-06 15:41:41"
40000000,não simultaneo,reverse,2,44,0.013184855,0,"","INOVAI-NB-8","CPU info","GCC 13.3.0","2025-10-06 15:41:41"
40000000,simultaneo,reverse,2,44,0.012327245,0,"","INOVAI-NB-8","CPU info","GCC 13.3.0","2025-10-06 15:41:41"
40000000,não simultaneo,reverse,3,45,0.013071141,0,"","INOVAI-NB-8","CPU info","GCC 13.3.0","2025-10-06 15:41:41"
40000000,simultaneo,reverse,3,45,0.012419433,0,"","INOVAI-NB-8","CPU info","GCC 13.3.0","2025-10-06 15:41:41"
40000000,não simultaneo,reverse,4,46,0.013271720,0,"","INOVAI-NB-8","CPU info","GCC 13.3.0","2025-10-06 15:41:41"
40000000,simultaneo,reverse,4,46,0.012441481,0,"","INOVAI-NB-8","CPU info","GCC 13.3.0","2025-10-06 15:41:41"
41000000,não simultaneo,reverse,0,42,0.013207637,0,"","INOVAI-NB-8","CPU info","GCC 13.3.0","2025-10-06 15:41:41"
41000000,simultaneo,reverse,0,42,0.012639892,0,"","INOVAI-NB-8","CPU info","GCC 13.3.0","2025-10-06 15:41:41"
41000000,não simultaneo,reverse,1,43,0.013294112,0,"","INOVAI-NB-8","CPU info","GCC 13.3.0","2025-10-06 15:41:41"
41000000,simultaneo,reverse,1,43,0.012774294,0,"","INOVAI-NB-8","CPU info","GCC 13.3.0","2025-10-06 15:41:41"
41000000,não simultaneo,reverse,2,44,0.013803451,0,"","INOVAI-NB-8","CPU info","GCC 13.3.0","2025-10-06 15:41:41"
41000000,simultaneo,reverse,2,44,0.013378709,0,"","INOVAI-NB-8","CPU info","GCC 13.3.0","2025-10-06 15:41:41"
41000000,não simultaneo,reverse,3,45,0.013666062,0,"","INOVAI-NB-8","CPU info","GCC 13.3.0","2025-10-06 15:41:41"
41000000,simultaneo,reverse,3,45,0.013033082,0,"","INOVAI-NB-8","CPU info","GCC 13.3.0","2025-10-06 15:41:41"
41000000,não simultaneo,reverse,4,46,0.014308849,0,"","INOVAI-NB-8","CPU info","GCC 13.3.0","2025-10-06 15:41:41"
41000000,simultaneo,reverse,4,46,0.013173559,0,"","INOVAI-NB-8","CPU info","GCC 13.3.0","2025-10-06 15:41:41"
42000000,não simultaneo,reverse,0,42,0.013573050,0,"","INOVAI-NB-8","CPU info","GCC 13.3.0","2025-10-06 15:41:41"
42000000,simultaneo,reverse,0,42,0.012983293,0,"","INOVAI-NB-8","CPU info","GCC 13.3.0","2025-10-06 15:41:41"
42000000,não simultaneo,reverse,1,43,0.013546435,0,"","INOVAI-NB-8","CPU info","GCC 13.3.0","2025-10-06 15:41:41"
42000000,simultaneo,reverse,1,43,0.012858753,0,"","INOVAI-NB-8","CPU info","GCC 13.3.0","2025-10-06 15:41:41"
42000000,não simultaneo,reverse,2,44,0.013732575,0,"","INOVAI-NB-8","CPU info","GCC 13.3.0","2025-10-06 15:41:41"
42000000,simultaneo,reverse,2,44,0.013619553,0,"","INOVAI-NB-8","CPU info","GCC 13.3.0","2025-10-06 15:41:41"
42000000,não simultaneo,reverse,3,45,0.013624326,0,"","INOVAI-NB-8","CPU info","GCC 13.3.0","2025-10-06 15:41:41"
42000000,simultaneo,reverse,3,45,0.014336547,0,"","INOVAI-NB-8","CPU info","GCC 13.3.0","2025-10-06 15:41:41"
42000000,não simultaneo,reverse,4,46,0.013436767,0,"","INOVAI-NB-8","CPU info","GCC 13.3.0","2025-10-06 15:41:41"
42000000,simultaneo,reverse,4,46,0.012693069,0,"","INOVAI-NB-8","CPU info","GCC 13.3.0","2025-10-06 15:41:41"
43000000,não simultaneo,reverse,0,42,0.013400263,0,"","INOVAI-NB-8","CPU info","GCC 13.3.0","2025-10-06 15:41:41"
43000000,simultaneo,reverse,0,42,0.014226868,0,"","INOVAI-NB-8","CPU info","GCC 13.3.0","2025-10-06 15:41:41"
43000000,não simultaneo,reverse,1,43,0.013445108,0,"","INOVAI-NB-8","CPU info","GCC 13.3.0","2025-10-06 15:41:41"
43000000,simultaneo,reverse,1,43,0.013414261,0,"","INOVAI-NB-8","CPU info","GCC 13.3.0","2025-10-06 15:41:41"
43000000,não simultaneo,reverse,2,44,0.013361094,0,"","INOVAI-NB-8","CPU info","GCC 13.3.0","2025-10-06 15:41:41"
43000000,simultaneo,reverse,2,44,0.013251103,0,"","INOVAI-NB-8","CPU info","GCC 13.3.0","2025-10-06 15:41:41"
43000000,não simultaneo,reverse,3,45,0.013531219,0,"","INOVAI-NB-8","CPU info","GCC 13.3.0","2025-10-06 15:41:41"
43000000,simultaneo,reverse,3,45,0.013074657,0,"","INOVAI-NB-8","CPU info","GCC 13.3.0","2025-10-06 15:41:41"
43000000,não simultaneo,reverse,4,46,0.013444911,0,"","INOVAI-NB-8","CPU info","GCC 13.3.0","2025-10-06 15:41:41"
43000000,simultaneo,reverse,4,46,0.014229538,0,"","INOVAI-NB-8","CPU info","GCC 13.3.0","2025-10-06 15:41:41"
44000000,não simultaneo,reverse,0,42,0.014186886,0,"","INOVAI-NB-8","CPU info","GCC 13.3.0","2025-10-06 15:41:41"
44000000,simultaneo,reverse,0,42,0.013542564,0,"","INOVAI-NB-8","CPU info","GCC 13.3.0","2025-10-06 15:41:41"
44000000,não simultaneo,reverse,1,43,0.014430983,0,"","INOVAI-NB-8","CPU info","GCC 13.3.0","2025-10-06 15:41:41"
44000000,simultaneo,reverse,1,43,0.013589343,0,"","INOVAI-NB-8","CPU info","GCC 13.3.0","2025-10-06 15:41:41"
44000000,não simultaneo,reverse,2,44,0.013874051,0,"","INOVAI-NB-8","CPU info","GCC 13.3.0","2025-10-06 15:41:41"
44000000,simultaneo,reverse,2,44,0.012976703,0,"","INOVAI-NB-8","CPU info","GCC 13.3.0","2025-10-06 15:41:41"
44000000,não simultaneo,reverse,3,45,0.013743974,0,"","INOVAI-NB-8","CPU info","GCC 13.3.0","2025-10-06 15:41:41"
44000000,simultaneo,reverse,3,45,0.013020958,0,"","INOVAI-NB-8","CPU info","GCC 13.3.0","2025-10-06 15:41:41"
44000000,não simultaneo,reverse,4,46,0.014074467,0,"","INOVAI-NB-8","CPU info","GCC 13.3.0","2025-10-06 15:41:41"
44000000,simultaneo,reverse,4,46,0.013799431,0,"","INOVAI-NB-8","CPU info","GCC 13.3.0","2025-10-06 15:41:41"
45000000,não simultaneo,reverse,0,42,0.014170567,0,"","INOVAI-NB-8","CPU info","GCC 13.3.0","2025-10-06 15:41:41"
45000000,simultaneo,reverse,0,42,0.013729329,0,"","INOVAI-NB-8","CPU info","GCC 13.3.0","2025-10-06 15:41:41"
45000000,não simultaneo,reverse,1,43,0.014274113,0,"","INOVAI-NB-8","CPU info","GCC 13.3.0","2025-10-06 15:41:41"
45000000,simultaneo,reverse,1,43,0.013852439,0,"","INOVAI-NB-8","CPU info","GCC 13.3.0","2025-10-06 15:41:41"
45000000,não simultaneo,reverse,2,44,0.014209161,0,"","INOVAI-NB-8","CPU info","GCC 13.3.0","2025-10-06 15:41:41"
45000000,simultaneo,reverse,2,44,0.013382892,0,"","INOVAI-NB-8","CPU info","GCC 13.3.0","2025-10-06 15:41:41"
45000000,não simultaneo,reverse,3,45,0.014179125,0,"","INOVAI-NB-8","CPU info","GCC 13.3.0","2025-10-06 15:41:41"
45000000,simultaneo,reverse,3,45,0.013755138,0,"","INOVAI-NB-8","CPU info","GCC 13.3.0","2025-10-06 15:41:41"
45000000,não simultaneo,reverse,4,46,0.015419574,0,"","INOVAI-NB-8","CPU info","GCC 13.3.0","2025-10-06 15:41:41"
45000000,simultaneo,reverse,4,46,0.014471735,0,"","INOVAI-NB-8","CPU info","GCC 13.3.0","2025-10-06 15:41:41"
46000000,não simultaneo,reverse,0,42,0.015323730,0,"","INOVAI-NB-8","CPU info","GCC 13.3.0","2025-10-06 15:41:41"
46000000,simultaneo,reverse,0,42,0.014864997,0,"","INOVAI-NB-8","CPU info","GCC 13.3.0","2025-10-06 15:41:41"
46000000,não simultaneo,reverse,1,43,0.015035916,0,"","INOVAI-NB-8","CPU info","GCC 13.3.0","2025-10-06 15:41:41"
46000000,simultaneo,reverse,1,43,0.014019285,0,"","INOVAI-NB-8","CPU info","GCC 13.3.0","2025-10-06 15:41:41"
46000000,não simultaneo,reverse,2,44,0.015160273,0,"","INOVAI-NB-8","CPU info","GCC 13.3.0","2025-10-06 15:41:41"
46000000,simultaneo,reverse,2,44,0.014523423,0,"","INOVAI-NB-8","CPU info","GCC 13.3.0","2025-10-06 15:41:41"
46000000,não simultaneo,reverse,3,45,0.015139466,0,"","INOVAI-NB-8","CPU info","GCC 13.3.0","2025-10-06 15:41:41"
46000000,simultaneo,reverse,3,45,0.014620911,0,"","INOVAI-NB-8","CPU info","GCC 13.3.0","2025-10-06 15:41:41"
46000000,não simultaneo,reverse,4,46,0.015412555,0,"","INOVAI-NB-8","CPU info","GCC 13.3.0","2025-10-06 15:41:41"
46000000,simultaneo,reverse,4,46,0.014936716,0,"","INOVAI-NB-8","CPU info","GCC 13.3.0","2025-10-06 15:41:41"
47000000,não simultaneo,reverse,0,42,0.015803378,0,"","INOVAI-NB-8","CPU info","GCC 13.3.0","2025-10-06 15:41:41"
47000000,simultaneo,reverse,0,42,0.014758925,0,"","INOVAI-NB-8","CPU info","GCC 13.3.0","2025-10-06 15:41:41"
47000000,não simultaneo,reverse,1,43,0.015770848,0,"","INOVAI-NB-8","CPU info","GCC 13.3.0","2025-10-06 15:41:41"
47000000,simultaneo,reverse,1,43,0.014526241,0,"","INOVAI-NB-8","CPU info","GCC 13.3.0","2025-10-06 15:41:41"
47000000,não simultaneo,reverse,2,44,0.016123799,0,"","INOVAI-NB-8","CPU info","GCC 13.3.0","2025-10-06 15:41:41"
47000000,simultaneo,reverse,2,44,0.019935589,0,"","INOVAI-NB-8","CPU info","GCC 13.3.0","2025-10-06 15:41:41"
47000000,não simultaneo,reverse,3,45,0.016473748,0,"","INOVAI-NB-8","CPU info","GCC 13.3.0","2025-10-06 15:41:41"
47000000,simultaneo,reverse,3,45,0.015296548,0,"","INOVAI-NB-8","CPU info","GCC 13.3.0","2025-10-06 15:41:41"
47000000,não simultaneo,reverse,4,46,0.015814595,0,"","INOVAI-NB-8","CPU info","GCC 13.3.0","2025-10-06 15:41:41"
47000000,simultaneo,reverse,4,46,0.014482470,0,"","INOVAI-NB-8","CPU info","GCC 13.3.0","2025-10-06 15:41:41"
48000000,não simultaneo,reverse,0,42,0.017485984,0,"","INOVAI-NB-8","CPU info","GCC 13.3.0","2025-10-06 15:41:41"
48000000,simultaneo,reverse,0,42,0.015002231,0,"","INOVAI-NB-8","CPU info","GCC 13.3.0","2025-10-06 15:41:41"
48000000,não simultaneo,reverse,1,43,0.017044411,0,"","INOVAI-NB-8","CPU info","GCC 13.3.0","2025-10-06 15:41:41"
48000000,simultaneo,reverse,1,43,0.015542476,0,"","INOVAI-NB-8","CPU info","GCC 13.3.0","2025-10-06 15:41:41"
48000000,não simultaneo,reverse,2,44,0.016082197,0,"","INOVAI-NB-8","CPU info","GCC 13.3.0","2025-10-06 15:41:41"
48000000,simultaneo,reverse,2,44,0.014510297,0,"","INOVAI-NB-8","CPU info","GCC 13.3.0","2025-10-06 15:41:41"
48000000,não simultaneo,reverse,3,45,0.016389937,0,"","INOVAI-NB-8","CPU info","GCC 13.3.0","2025-10-06 15:41:41"
48000000,simultaneo,reverse,3,45,0.015340042,0,"","INOVAI-NB-8","CPU info","GCC 13.3.0","2025-10-06 15:41:41"
48000000,não simultaneo,reverse,4,46,0.016108866,0,"","INOVAI-NB-8","CPU info","GCC 13.3.0","2025-10-06 15:41:41"
48000000,simultaneo,reverse,4,46,0.014594641,0,"","INOVAI-NB-8","CPU info","GCC 13.3.0","2025-10-06 15:41:41"
49000000,não simultaneo,reverse,0,42,0.016732017,0,"","INOVAI-NB-8","CPU info","GCC 13.3.0","2025-10-06 15:41:41"
49000000,simultaneo,reverse,0,42,0.014712010,0,"","INOVAI-NB-8","CPU info","GCC 13.3.0","2025-10-06 15:41:41"
49000000,não simultaneo,reverse,1,43,0.015834593,0,"","INOVAI-NB-8","CPU info","GCC 13.3.0","2025-10-06 15:41:41"
49000000,simultaneo,reverse,1,43,0.016125000,0,"","INOVAI-NB-8","CPU info","GCC 13.3.0","2025-10-06 15:41:41"
49000000,não simultaneo,reverse,2,44,0.016524238,0,"","INOVAI-NB-8","CPU info","GCC 13.3.0","2025-10-06 15:41:41"
49000000,simultaneo,reverse,2,44,0.015809626,0,"","INOVAI-NB-8","CPU info","GCC 13.3.0","2025-10-06 15:41:41"
49000000,não simultaneo,reverse,3,45,0.016436823,0,"","INOVAI-NB-8","CPU info","GCC 13.3.0","2025-10-06 15:41:41"
49000000,simultaneo,reverse,3,45,0.015162664,0,"","INOVAI-NB-8","CPU info","GCC 13.3.0","2025-10-06 15:41:41"
49000000,não simultaneo,reverse,4,46,0.016153711,0,"","INOVAI-NB-8","CPU info","GCC 13.3.0","2025-10-06 15:41:41"
49000000,simultaneo,reverse,4,46,0.014895731,0,"","INOVAI-NB-8","CPU info","GCC 13.3.0","2025-10-06 15:41:41"
50000000,não simultaneo,reverse,0,42,0.016673639,0,"","INOVAI-NB-8","CPU info","GCC 13.3.0","2025-10-06 15:41:41"
50000000,simultaneo,reverse,0,42,0.015098766,0,"","INOVAI-NB-8","CPU info","GCC 13.3.0","2025-10-06 15:41:41"
50000000,não simultaneo,reverse,1,43,0.016157682,0,"","INOVAI-NB-8","CPU info","GCC 13.3.0","2025-10-06 15:41:41"
50000000,simultaneo,reverse,1,43,0.015802761,0,"","INOVAI-NB-8","CPU info","GCC 13.3.0","2025-10-06 15:41:41"
50000000,não simultaneo,reverse,2,44,0.016134284,0,"","INOVAI-NB-8","CPU info","GCC 13.3.0","2025-10-06 15:41:41"
50000000,simultaneo,reverse,2,44,0.014886133,0,"","INOVAI-NB-8","CPU info","GCC 13.3.0","2025-10-06 15:41:41"
50000000,não simultaneo,reverse,3,45,0.016470067,0,"","INOVAI-NB-8","CPU info","GCC 13.3.0","2025-10-06 15:41:41"
50000000,simultaneo,reverse,3,45,0.015356786,0,"","INOVAI-NB-8","CPU info","GCC 13.3.0","2025-10-06 15:41:41"
50000000,não simultaneo,reverse,4,46,0.016536495,0,"","INOVAI-NB-8","CPU info","GCC 13.3.0","2025-10-06 15:41:41"
50000000,simultaneo,reverse,4,46,0.015032210,0,"","INOVAI-NB-8","CPU info","GCC 13.3.0","2025-10-06 15:41:41"
51000000,não simultaneo,reverse,0,42,0.016017267,0,"","INOVAI-NB-8","CPU info","GCC 13.3.0","2025-10-06 15:41:41"
51000000,simultaneo,reverse,0,42,0.015127364,0,"","INOVAI-NB-8","CPU info","GCC 13.3.0","2025-10-06 15:41:41"
51000000,não simultaneo,reverse,1,43,0.016777909,0,"","INOVAI-NB-8","CPU info","GCC 13.3.0","2025-10-06 15:41:41"
51000000,simultaneo,reverse,1,43,0.015869629,0,"","INOVAI-NB-8","CPU info","GCC 13.3.0","2025-10-06 15:41:41"
51000000,não simultaneo,reverse,2,44,0.016322928,0,"","INOVAI-NB-8","CPU info","GCC 13.3.0","2025-10-06 15:41:41"
51000000,simultaneo,reverse,2,44,0.015514845,0,"","INOVAI-NB-8","CPU info","GCC 13.3.0","2025-10-06 15:41:41"
51000000,não simultaneo,reverse,3,45,0.016547776,0,"","INOVAI-NB-8","CPU info","GCC 13.3.0","2025-10-06 15:41:41"
51000000,simultaneo,reverse,3,45,0.015109397,0,"","INOVAI-NB-8","CPU info","GCC 13.3.0","2025-10-06 15:41:41"
51000000,não simultaneo,reverse,4,46,0.016252831,0,"","INOVAI-NB-8","CPU info","GCC 13.3.0","2025-10-06 15:41:41"
51000000,simultaneo,reverse,4,46,0.014496034,0,"","INOVAI-NB-8","CPU info","GCC 13.3.0","2025-10-06 15:41:41"
52000000,não simultaneo,reverse,0,42,0.016284475,0,"","INOVAI-NB-8","CPU info","GCC 13.3.0","2025-10-06 15:41:41"
52000000,simultaneo,reverse,0,42,0.015662179,0,"","INOVAI-NB-8","CPU info","GCC 13.3.0","2025-10-06 15:41:41"
52000000,não simultaneo,reverse,1,43,0.016505708,0,"","INOVAI-NB-8","CPU info","GCC 13.3.0","2025-10-06 15:41:41"
52000000,simultaneo,reverse,1,43,0.015669036,0,"","INOVAI-NB-8","CPU info","GCC 13.3.0","2025-10-06 15:41:41"
52000000,não simultaneo,reverse,2,44,0.016168640,0,"","INOVAI-NB-8","CPU info","GCC 13.3.0","2025-10-06 15:41:41"
52000000,simultaneo,reverse,2,44,0.015491325,0,"","INOVAI-NB-8","CPU info","GCC 13.3.0","2025-10-06 15:41:41"
52000000,não simultaneo,reverse,3,45,0.016217075,0,"","INOVAI-NB-8","CPU info","GCC 13.3.0","2025-10-06 15:41:41"
52000000,simultaneo,reverse,3,45,0.015408136,0,"","INOVAI-NB-8","CPU info","GCC 13.3.0","2025-10-06 15:41:41"
52000000,não simultaneo,reverse,4,46,0.016542740,0,"","INOVAI-NB-8","CPU info","GCC 13.3.0","2025-10-06 15:41:41"
52000000,simultaneo,reverse,4,46,0.016662716,0,"","INOVAI-NB-8","CPU info","GCC 13.3.0","2025-10-06 15:41:41"
53000000,não simultaneo,reverse,0,42,0.017960639,0,"","INOVAI-NB-8","CPU info","GCC 13.3.0","2025-10-06 15:41:41"
53000000,simultaneo,reverse,0,42,0.016823270,0,"","INOVAI-NB-8","CPU info","GCC 13.3.0","2025-10-06 15:41:41"
53000000,não simultaneo,reverse,1,43,0.017697285,0,"","INOVAI-NB-8","CPU info","GCC 13.3.0","2025-10-06 15:41:41"
53000000,simultaneo,reverse,1,43,0.016327785,0,"","INOVAI-NB-8","CPU info","GCC 13.3.0","2025-10-06 15:41:41"
53000000,não simultaneo,reverse,2,44,0.019120391,0,"","INOVAI-NB-8","CPU info","GCC 13.3.0","2025-10-06 15:41:41"
53000000,simultaneo,reverse,2,44,0.015687973,0,"","INOVAI-NB-8","CPU info","GCC 13.3.0","2025-10-06 15:41:41"
53000000,não simultaneo,reverse,3,45,0.017064031,0,"","INOVAI-NB-8","CPU info","GCC 13.3.0","2025-10-06 15:41:41"
53000000,simultaneo,reverse,3,45,0.015907005,0,"","INOVAI-NB-8","CPU info","GCC 13.3.0","2025-10-06 15:41:41"
53000000,não simultaneo,reverse,4,46,0.017169656,0,"","INOVAI-NB-8","CPU info","GCC 13.3.0","2025-10-06 15:41:41"
53000000,simultaneo,reverse,4,46,0.015895939,0,"","INOVAI-NB-8","CPU info","GCC 13.3.0","2025-10-06 15:41:41"
54000000,não simultaneo,reverse,0,42,0.017962226,0,"","INOVAI-NB-8","CPU info","GCC 13.3.0","2025-10-06 15:41:41"
54000000,simultaneo,reverse,0,42,0.016419332,0,"","INOVAI-NB-8","CPU info","GCC 13.3.0","2025-10-06 15:41:41"
54000000,não simultaneo,reverse,1,43,0.017468205,0,"","INOVAI-NB-8","CPU info","GCC 13.3.0","2025-10-06 15:41:41"
54000000,simultaneo,reverse,1,43,0.016241008,0,"","INOVAI-NB-8","CPU info","GCC 13.3.0","2025-10-06 15:41:41"
54000000,não simultaneo,reverse,2,44,0.017544080,0,"","INOVAI-NB-8","CPU info","GCC 13.3.0","2025-10-06 15:41:41"
54000000,simultaneo,reverse,2,44,0.016483455,0,"","INOVAI-NB-8","CPU info","GCC 13.3.0","2025-10-06 15:41:41"
54000000,não simultaneo,reverse,3,45,0.018746015,0,"","INOVAI-NB-8","CPU info","GCC 13.3.0","2025-10-06 15:41:41"
54000000,simultaneo,reverse,3,45,0.017419352,0,"","INOVAI-NB-8","CPU info","GCC 13.3.0","2025-10-06 15:41:41"
54000000,não simultaneo,reverse,4,46,0.017898878,0,"","INOVAI-NB-8","CPU info","GCC 13.3.0","2025-10-06 15:41:41"
54000000,simultaneo,reverse,4,46,0.016830469,0,"","INOVAI-NB-8","CPU info","GCC 13.3.0","2025-10-06 15:41:41"
55000000,não simultaneo,reverse,0,42,0.018454048,0,"","INOVAI-NB-8","CPU info","GCC 13.3.0","2025-10-06 15:41:41"
55000000,simultaneo,reverse,0,42,0.016147035,0,"","INOVAI-NB-8","CPU info","GCC 13.3.0","2025-10-06 15:41:41"
55000000,não simultaneo,reverse,1,43,0.017597498,0,"","INOVAI-NB-8","CPU info","GCC 13.3.0","2025-10-06 15:41:41"
55000000,simultaneo,reverse,1,43,0.015918932,0,"","INOVAI-NB-8","CPU info","GCC 13.3.0","2025-10-06 15:41:41"
55000000,não simultaneo,reverse,2,44,0.017022990,0,"","INOVAI-NB-8","CPU info","GCC 13.3.0","2025-10-06 15:41:41"
55000000,simultaneo,reverse,2,44,0.015997479,0,"","INOVAI-NB-8","CPU info","GCC 13.3.0","2025-10-06 15:41:41"
55000000,não simultaneo,reverse,3,45,0.017271367,0,"","INOVAI-NB-8","CPU info","GCC 13.3.0","2025-10-06 15:41:41"
55000000,simultaneo,reverse,3,45,0.015835807,0,"","INOVAI-NB-8","CPU info","GCC 13.3.0","2025-10-06 15:41:41"
55000000,não simultaneo,reverse,4,46,0.017131503,0,"","INOVAI-NB-8","CPU info","GCC 13.3.0","2025-10-06 15:41:41"
55000000,simultaneo,reverse,4,46,0.015450159,0,"","INOVAI-NB-8","CPU info","GCC 13.3.0","2025-10-06 15:41:41"
56000000,não simultaneo,reverse,0,42,0.017557235,0,"","INOVAI-NB-8","CPU info","GCC 13.3.0","2025-10-06 15:41:41"
56000000,simultaneo,reverse,0,42,0.015775656,0,"","INOVAI-NB-8","CPU info","GCC 13.3.0","2025-10-06 15:41:41"
56000000,não simultaneo,reverse,1,43,0.018653074,0,"","INOVAI-NB-8","CPU info","GCC 13.3.0","2025-10-06 15:41:41"
56000000,simultaneo,reverse,1,43,0.016770643,0,"","INOVAI-NB-8","CPU info","GCC 13.3.0","2025-10-06 15:41:41"
56000000,não simultaneo,reverse,2,44,0.018174152,0,"","INOVAI-NB-8","CPU info","GCC 13.3.0","2025-10-06 15:41:41"
56000000,simultaneo,reverse,2,44,0.018551050,0,"","INOVAI-NB-8","CPU info","GCC 13.3.0","2025-10-06 15:41:41"
56000000,não simultaneo,reverse,3,45,0.017619103,0,"","INOVAI-NB-8","CPU info","GCC 13.3.0","2025-10-06 15:41:41"
56000000,simultaneo,reverse,3,45,0.016531826,0,"","INOVAI-NB-8","CPU info","GCC 13.3.0","2025-10-06 15:41:41"
56000000,não simultaneo,reverse,4,46,0.017973554,0,"","INOVAI-NB-8","CPU info","GCC 13.3.0","2025-10-06 15:41:41"
56000000,simultaneo,reverse,4,46,0.017419410,0,"","INOVAI-NB-8","CPU info","GCC 13.3.0","2025-10-06 15:41:41"
57000000,não simultaneo,reverse,0,42,0.019110967,0,"","INOVAI-NB-8","CPU info","GCC 13.3.0","2025-10-06 15:41:41"
57000000,simultaneo,reverse,0,42,0.017259072,0,"","INOVAI-NB-8","CPU info","GCC 13.3.0","2025-10-06 15:41:41"
57000000,não simultaneo,reverse,1,43,0.018887690,0,"","INOVAI-NB-8","CPU info","GCC 13.3.0","2025-10-06 15:41:41"
57000000,simultaneo,reverse,1,43,0.017536384,0,"","INOVAI-NB-8","CPU info","GCC 13.3.0","2025-10-06 15:41:41"
57000000,não simultaneo,reverse,2,44,0.018396885,0,"","INOVAI-NB-8","CPU info","GCC 13.3.0","2025-10-06 15:41:41"
57000000,simultaneo,reverse,2,44,0.016818446,0,"","INOVAI-NB-8","CPU info","GCC 13.3.0","2025-10-06 15:41:41"
57000000,não simultaneo,reverse,3,45,0.017961015,0,"","INOVAI-NB-8","CPU info","GCC 13.3.0","2025-10-06 15:41:41"
57000000,simultaneo,reverse,3,45,0.017528297,0,"","INOVAI-NB-8","CPU info","GCC 13.3.0","2025-10-06 15:41:41"
57000000,não simultaneo,reverse,4,46,0.018679447,0,"","INOVAI-NB-8","CPU info","GCC 13.3.0","2025-10-06 15:41:41"
57000000,simultaneo,reverse,4,46,0.017246810,0,"","INOVAI-NB-8","CPU info","GCC 13.3.0","2025-10-06 15:41:41"
58000000,não simultaneo,reverse,0,42,0.018723720,0,"","INOVAI-NB-8","CPU info","GCC 13.3.0","2025-10-06 15:41:41"
58000000,simultaneo,reverse,0,42,0.017491851,0,"","INOVAI-NB-8","CPU info","GCC 13.3.0","2025-10-06 15:41:41"
58000000,não simultaneo,reverse,1,43,0.018379298,0,"","INOVAI-NB-8","CPU info","GCC 13.3.0","2025-10-06 15:41:41"
58000000,simultaneo,reverse,1,43,0.017040968,0,"","INOVAI-NB-8","CPU info","GCC 13.3.0","2025-10-06 15:41:41"
58000000,não simultaneo,reverse,2,44,0.018369293,0,"","INOVAI-NB-8","CPU info","GCC 13.3.0","2025-10-06 15:41:41"
58000000,simultaneo,reverse,2,44,0.016807842,0,"","INOVAI-NB-8","CPU info","GCC 13.3.0","2025-10-06 15:41:41"
58000000,não simultaneo,reverse,3,45,0.018009258,0,"","INOVAI-NB-8","CPU info","GCC 13.3.0","2025-10-06 15:41:41"
58000000,simultaneo,reverse,3,45,0.016903266,0,"","INOVAI-NB-8","CPU info","GCC 13.3.0","2025-10-06 15:41:41"
58000000,não simultaneo,reverse,4,46,0.018405763,0,"","INOVAI-NB-8","CPU info","GCC 13.3.0","2025-10-06 15:41:41"
58000000,simultaneo,reverse,4,46,0.016995644,0,"","INOVAI-NB-8","CPU info","GCC 13.3.0","2025-10-06 15:41:41"
59000000,não simultaneo,reverse,0,42,0.018233309,0,"","INOVAI-NB-8","CPU info","GCC 13.3.0","2025-10-06 15:41:41"
59000000,simultaneo,reverse,0,42,0.017677164,0,"","INOVAI-NB-8","CPU info","GCC 13.3.0","2025-10-06 15:41:41"
59000000,não simultaneo,reverse,1,43,0.018323405,0,"","INOVAI-NB-8","CPU info","GCC 13.3.0","2025-10-06 15:41:41"
59000000,simultaneo,reverse,1,43,0.019412560,0,"","INOVAI-NB-8","CPU info","GCC 13.3.0","2025-10-06 15:41:41"
59000000,não simultaneo,reverse,2,44,0.018534711,0,"","INOVAI-NB-8","CPU info","GCC 13.3.0","2025-10-06 15:41:41"
59000000,simultaneo,reverse,2,44,0.017373030,0,"","INOVAI-NB-8","CPU info","GCC 13.3.0","2025-10-06 15:41:41"
59000000,não simultaneo,reverse,3,45,0.019288084,0,"","INOVAI-NB-8","CPU info","GCC 13.3.0","2025-10-06 15:41:41"
59000000,simultaneo,reverse,3,45,0.017425800,0,"","INOVAI-NB-8","CPU info","GCC 13.3.0","2025-10-06 15:41:41"
59000000,não simultaneo,reverse,4,46,0.018370939,0,"","INOVAI-NB-8","CPU info","GCC 13.3.0","2025-10-06 15:41:41"
59000000,simultaneo,reverse,4,46,0.017562360,0,"","INOVAI-NB-8","CPU info","GCC 13.3.0","2025-10-06 15:41:41"
60000000,não simultaneo,reverse,0,42,0.018564524,0,"","INOVAI-NB-8","CPU info","GCC 13.3.0","2025-10-06 15:41:41"
60000000,simultaneo,reverse,0,42,0.017533557,0,"","INOVAI-NB-8","CPU info","GCC 13.3.0","2025-10-06 15:41:41"
60000000,não simultaneo,reverse,1,43,0.018885143,0,"","INOVAI-NB-8","CPU info","GCC 13.3.0","2025-10-06 15:41:41"
60000000,simultaneo,reverse,1,43,0.017382094,0,"","INOVAI-NB-8","CPU info","GCC 13.3.0","2025-10-06 15:41:41"
60000000,não simultaneo,reverse,2,44,0.019019884,0,"","INOVAI-NB-8","CPU info","GCC 13.3.0","2025-10-06 15:41:41"
60000000,simultaneo,reverse,2,44,0.016962431,0,"","INOVAI-NB-8","CPU info","GCC 13.3.0","2025-10-06 15:41:41"
60000000,não simultaneo,reverse,3,45,0.018467411,0,"","INOVAI-NB-8","CPU info","GCC 13.3.0","2025-10-06 15:41:41"
60000000,simultaneo,reverse,3,45,0.017760769,0,"","INOVAI-NB-8","CPU info","GCC 13.3.0","2025-10-06 15:41:41"
60000000,não simultaneo,reverse,4,46,0.019806495,0,"","INOVAI-NB-8","CPU info","GCC 13.3.0","2025-10-06 15:41:41"
60000000,simultaneo,reverse,4,46,0.017628900,0,"","INOVAI-NB-8","CPU info","GCC 13.3.0","2025-10-06 15:41:41"
61000000,não simultaneo,reverse,0,42,0.019262109,0,"","INOVAI-NB-8","CPU info","GCC 13.3.0","2025-10-06 15:41:41"
61000000,simultaneo,reverse,0,42,0.017824394,0,"","INOVAI-NB-8","CPU info","GCC 13.3.0","2025-10-06 15:41:41"
61000000,não simultaneo,reverse,1,43,0.020038640,0,"","INOVAI-NB-8","CPU info","GCC 13.3.0","2025-10-06 15:41:41"
61000000,simultaneo,reverse,1,43,0.018035135,0,"","INOVAI-NB-8","CPU info","GCC 13.3.0","2025-10-06 15:41:41"
61000000,não simultaneo,reverse,2,44,0.019518140,0,"","INOVAI-NB-8","CPU info","GCC 13.3.0","2025-10-06 15:41:41"
61000000,simultaneo,reverse,2,44,0.018247859,0,"","INOVAI-NB-8","CPU info","GCC 13.3.0","2025-10-06 15:41:41"
61000000,não simultaneo,reverse,3,45,0.019182611,0,"","INOVAI-NB-8","CPU info","GCC 13.3.0","2025-10-06 15:41:41"
61000000,simultaneo,reverse,3,45,0.017798142,0,"","INOVAI-NB-8","CPU info","GCC 13.3.0","2025-10-06 15:41:41"
61000000,não simultaneo,reverse,4,46,0.018884965,0,"","INOVAI-NB-8","CPU info","GCC 13.3.0","2025-10-06 15:41:41"
61000000,simultaneo,reverse,4,46,0.017688277,0,"","INOVAI-NB-8","CPU info","GCC 13.3.0","2025-10-06 15:41:41"
62000000,não simultaneo,reverse,0,42,0.019539844,0,"","INOVAI-NB-8","CPU info","GCC 13.3.0","2025-10-06 15:41:41"
62000000,simultaneo,reverse,0,42,0.017892297,0,"","INOVAI-NB-8","CPU info","GCC 13.3.0","2025-10-06 15:41:41"
62000000,não simultaneo,reverse,1,43,0.021429617,0,"","INOVAI-NB-8","CPU info","GCC 13.3.0","2025-10-06 15:41:41"
62000000,simultaneo,reverse,1,43,0.019712657,0,"","INOVAI-NB-8","CPU info","GCC 13.3.0","2025-10-06 15:41:41"
62000000,não simultaneo,reverse,2,44,0.020256959,0,"","INOVAI-NB-8","CPU info","GCC 13.3.0","2025-10-06 15:41:41"
62000000,simultaneo,reverse,2,44,0.018225652,0,"","INOVAI-NB-8","CPU info","GCC 13.3.0","2025-10-06 15:41:41"
62000000,não simultaneo,reverse,3,45,0.019181872,0,"","INOVAI-NB-8","CPU info","GCC 13.3.0","2025-10-06 15:41:41"
62000000,simultaneo,reverse,3,45,0.017734545,0,"","INOVAI-NB-8","CPU info","GCC 13.3.0","2025-10-06 15:41:41"
62000000,não simultaneo,reverse,4,46,0.019386125,0,"","INOVAI-NB-8","CPU info","GCC 13.3.0","2025-10-06 15:41:41"
62000000,simultaneo,reverse,4,46,0.017853629,0,"","INOVAI-NB-8","CPU info","GCC 13.3.0","2025-10-06 15:41:41"
63000000,não simultaneo,reverse,0,42,0.020948577,0,"","INOVAI-NB-8","CPU info","GCC 13.3.0","2025-10-06 15:41:41"
63000000,simultaneo,reverse,0,42,0.017233333,0,"","INOVAI-NB-8","CPU info","GCC 13.3.0","2025-10-06 15:41:41"
63000000,não simultaneo,reverse,1,43,0.019605246,0,"","INOVAI-NB-8","CPU info","GCC 13.3.0","2025-10-06 15:41:41"
63000000,simultaneo,reverse,1,43,0.018787003,0,"","INOVAI-NB-8","CPU info","GCC 13.3.0","2025-10-06 15:41:41"
63000000,não simultaneo,reverse,2,44,0.019561627,0,"","INOVAI-NB-8","CPU info","GCC 13.3.0","2025-10-06 15:41:41"
63000000,simultaneo,reverse,2,44,0.018560963,0,"","INOVAI-NB-8","CPU info","GCC 13.3.0","2025-10-06 15:41:41"
63000000,não simultaneo,reverse,3,45,0.021665537,0,"","INOVAI-NB-8","CPU info","GCC 13.3.0","2025-10-06 15:41:41"
63000000,simultaneo,reverse,3,45,0.019110510,0,"","INOVAI-NB-8","CPU info","GCC 13.3.0","2025-10-06 15:41:41"
63000000,não simultaneo,reverse,4,46,0.019857256,0,"","INOVAI-NB-8","CPU info","GCC 13.3.0","2025-10-06 15:41:41"
63000000,simultaneo,reverse,4,46,0.018222578,0,"","INOVAI-NB-8","CPU info","GCC 13.3.0","2025-10-06 15:41:41"
64000000,não simultaneo,reverse,0,42,0.020361697,0,"","INOVAI-NB-8","CPU info","GCC 13.3.0","2025-10-06 15:41:41"
64000000,simultaneo,reverse,0,42,0.018886395,0,"","INOVAI-NB-8","CPU info","GCC 13.3.0","2025-10-06 15:41:41"
64000000,não simultaneo,reverse,1,43,0.019853695,0,"","INOVAI-NB-8","CPU info","GCC 13.3.0","2025-10-06 15:41:41"
64000000,simultaneo,reverse,1,43,0.018513051,0,"","INOVAI-NB-8","CPU info","GCC 13.3.0","2025-10-06 15:41:41"
64000000,não simultaneo,reverse,2,44,0.019908146,0,"","INOVAI-NB-8","CPU info","GCC 13.3.0","2025-10-06 15:41:41"
64000000,simultaneo,reverse,2,44,0.018215350,0,"","INOVAI-NB-8","CPU info","GCC 13.3.0","2025-10-06 15:41:41"
64000000,não simultaneo,reverse,3,45,0.019960199,0,"","INOVAI-NB-8","CPU info","GCC 13.3.0","2025-10-06 15:41:41"
64000000,simultaneo,reverse,3,45,0.018153519,0,"","INOVAI-NB-8","CPU info","GCC 13.3.0","2025-10-06 15:41:41"
64000000,não simultaneo,reverse,4,46,0.019744565,0,"","INOVAI-NB-8","CPU info","GCC 13.3.0","2025-10-06 15:41:41"
64000000,simultaneo,reverse,4,46,0.019301619,0,"","INOVAI-NB-8","CPU info","GCC 13.3.0","2025-10-06 15:41:41"
65000000,não simultaneo,reverse,0,42,0.020153043,0,"","INOVAI-NB-8","CPU info","GCC 13.3.0","2025-10-06 15:41:41"
65000000,simultaneo,reverse,0,42,0.020409527,0,"","INOVAI-NB-8","CPU info","GCC 13.3.0","2025-10-06 15:41:41"
65000000,não simultaneo,reverse,1,43,0.020524439,0,"","INOVAI-NB-8","CPU info","GCC 13.3.0","2025-10-06 15:41:41"
65000000,simultaneo,reverse,1,43,0.018088424,0,"","INOVAI-NB-8","CPU info","GCC 13.3.0","2025-10-06 15:41:41"
65000000,não simultaneo,reverse,2,44,0.020251642,0,"","INOVAI-NB-8","CPU info","GCC 13.3.0","2025-10-06 15:41:41"
65000000,simultaneo,reverse,2,44,0.019846589,0,"","INOVAI-NB-8","CPU info","GCC 13.3.0","2025-10-06 15:41:41"
65000000,não simultaneo,reverse,3,45,0.039197500,0,"","INOVAI-NB-8","CPU info","GCC 13.3.0","2025-10-06 15:41:41"
65000000,simultaneo,reverse,3,45,0.021957635,0,"","INOVAI-NB-8","CPU info","GCC 13.3.0","2025-10-06 15:41:41"
65000000,não simultaneo,reverse,4,46,0.020003829,0,"","INOVAI-NB-8","CPU info","GCC 13.3.0","2025-10-06 15:41:41"
65000000,simultaneo,reverse,4,46,0.018392791,0,"","INOVAI-NB-8","CPU info","GCC 13.3.0","2025-10-06 15:41:41"
66000000,não simultaneo,reverse,0,42,0.020577881,0,"","INOVAI-NB-8","CPU info","GCC 13.3.0","2025-10-06 15:41:41"
66000000,simultaneo,reverse,0,42,0.018923475,0,"","INOVAI-NB-8","CPU info","GCC 13.3.0","2025-10-06 15:41:41"
66000000,não simultaneo,reverse,1,43,0.020446273,0,"","INOVAI-NB-8","CPU info","GCC 13.3.0","2025-10-06 15:41:41"
66000000,simultaneo,reverse,1,43,0.019306413,0,"","INOVAI-NB-8","CPU info","GCC 13.3.0","2025-10-06 15:41:41"
66000000,não simultaneo,reverse,2,44,0.020951503,0,"","INOVAI-NB-8","CPU info","GCC 13.3.0","2025-10-06 15:41:41"
66000000,simultaneo,reverse,2,44,0.019385840,0,"","INOVAI-NB-8","CPU info","GCC 13.3.0","2025-10-06 15:41:41"
66000000,não simultaneo,reverse,3,45,0.021828285,0,"","INOVAI-NB-8","CPU info","GCC 13.3.0","2025-10-06 15:41:41"
66000000,simultaneo,reverse,3,45,0.018944513,0,"","INOVAI-NB-8","CPU info","GCC 13.3.0","2025-10-06 15:41:41"
66000000,não simultaneo,reverse,4,46,0.020495236,0,"","INOVAI-NB-8","CPU info","GCC 13.3.0","2025-10-06 15:41:41"
66000000,simultaneo,reverse,4,46,0.018105757,0,"","INOVAI-NB-8","CPU info","GCC 13.3.0","2025-10-06 15:41:41"
67000000,não simultaneo,reverse,0,42,0.020708018,0,"","INOVAI-NB-8","CPU info","GCC 13.3.0","2025-10-06 15:41:41"
67000000,simultaneo,reverse,0,42,0.019695702,0,"","INOVAI-NB-8","CPU info","GCC 13.3.0","2025-10-06 15:41:41"
67000000,não simultaneo,reverse,1,43,0.021321565,0,"","INOVAI-NB-8","CPU info","GCC 13.3.0","2025-10-06 15:41:41"
67000000,simultaneo,reverse,1,43,0.018974256,0,"","INOVAI-NB-8","CPU info","GCC 13.3.0","2025-10-06 15:41:41"
67000000,não simultaneo,reverse,2,44,0.021184416,0,"","INOVAI-NB-8","CPU info","GCC 13.3.0","2025-10-06 15:41:41"
67000000,simultaneo,reverse,2,44,0.018774533,0,"","INOVAI-NB-8","CPU info","GCC 13.3.0","2025-10-06 15:41:41"
67000000,não simultaneo,reverse,3,45,0.021993329,0,"","INOVAI-NB-8","CPU info","GCC 13.3.0","2025-10-06 15:41:41"
67000000,simultaneo,reverse,3,45,0.019456331,0,"","INOVAI-NB-8","CPU info","GCC 13.3.0","2025-10-06 15:41:41"
67000000,não simultaneo,reverse,4,46,0.022131012,0,"","INOVAI-NB-8","CPU info","GCC 13.3.0","2025-10-06 15:41:41"
67000000,simultaneo,reverse,4,46,0.019806036,0,"","INOVAI-NB-8","CPU info","GCC 13.3.0","2025-10-06 15:41:41"
68000000,não simultaneo,reverse,0,42,0.020965816,0,"","INOVAI-NB-8","CPU info","GCC 13.3.0","2025-10-06 15:41:41"
68000000,simultaneo,reverse,0,42,0.019810534,0,"","INOVAI-NB-8","CPU info","GCC 13.3.0","2025-10-06 15:41:41"
68000000,não simultaneo,reverse,1,43,0.021077432,0,"","INOVAI-NB-8","CPU info","GCC 13.3.0","2025-10-06 15:41:41"
68000000,simultaneo,reverse,1,43,0.021654211,0,"","INOVAI-NB-8","CPU info","GCC 13.3.0","2025-10-06 15:41:41"
68000000,não simultaneo,reverse,2,44,0.021401887,0,"","INOVAI-NB-8","CPU info","GCC 13.3.0","2025-10-06 15:41:41"
68000000,simultaneo,reverse,2,44,0.019658996,0,"","INOVAI-NB-8","CPU info","GCC 13.3.0","2025-10-06 15:41:41"
68000000,não simultaneo,reverse,3,45,0.021397031,0,"","INOVAI-NB-8","CPU info","GCC 13.3.0","2025-10-06 15:41:41"
68000000,simultaneo,reverse,3,45,0.019671237,0,"","INOVAI-NB-8","CPU info","GCC 13.3.0","2025-10-06 15:41:41"
68000000,não simultaneo,reverse,4,46,0.021193267,0,"","INOVAI-NB-8","CPU info","GCC 13.3.0","2025-10-06 15:41:41"
68000000,simultaneo,reverse,4,46,0.019550341,0,"","INOVAI-NB-8","CPU info","GCC 13.3.0","2025-10-06 15:41:41"
69000000,não simultaneo,reverse,0,42,0.023321797,0,"","INOVAI-NB-8","CPU info","GCC 13.3.0","2025-10-06 15:41:41"
69000000,simultaneo,reverse,0,42,0.019964620,0,"","INOVAI-NB-8","CPU info","GCC 13.3.0","2025-10-06 15:41:41"
69000000,não simultaneo,reverse,1,43,0.021540956,0,"","INOVAI-NB-8","CPU info","GCC 13.3.0","2025-10-06 15:41:41"
69000000,simultaneo,reverse,1,43,0.019959905,0,"","INOVAI-NB-8","CPU info","GCC 13.3.0","2025-10-06 15:41:41"
69000000,não simultaneo,reverse,2,44,0.021595831,0,"","INOVAI-NB-8","CPU info","GCC 13.3.0","2025-10-06 15:41:41"
69000000,simultaneo,reverse,2,44,0.020868912,0,"","INOVAI-NB-8","CPU info","GCC 13.3.0","2025-10-06 15:41:41"
69000000,não simultaneo,reverse,3,45,0.021239944,0,"","INOVAI-NB-8","CPU info","GCC 13.3.0","2025-10-06 15:41:41"
69000000,simultaneo,reverse,3,45,0.019769805,0,"","INOVAI-NB-8","CPU info","GCC 13.3.0","2025-10-06 15:41:41"
69000000,não simultaneo,reverse,4,46,0.021467709,0,"","INOVAI-NB-8","CPU info","GCC 13.3.0","2025-10-06 15:41:41"
69000000,simultaneo,reverse,4,46,0.020151733,0,"","INOVAI-NB-8","CPU info","GCC 13.3.0","2025-10-06 15:41:41"
70000000,não simultaneo,reverse,0,42,0.021707697,0,"","INOVAI-NB-8","CPU info","GCC 13.3.0","2025-10-06 15:41:41"
70000000,simultaneo,reverse,0,42,0.019954545,0,"","INOVAI-NB-8","CPU info","GCC 13.3.0","2025-10-06 15:41:41"
70000000,não simultaneo,reverse,1,43,0.021744037,0,"","INOVAI-NB-8","CPU info","GCC 13.3.0","2025-10-06 15:41:41"
70000000,simultaneo,reverse,1,43,0.019938065,0,"","INOVAI-NB-8","CPU info","GCC 13.3.0","2025-10-06 15:41:41"
70000000,não simultaneo,reverse,2,44,0.022167660,0,"","INOVAI-NB-8","CPU info","GCC 13.3.0","2025-10-06 15:41:41"
70000000,simultaneo,reverse,2,44,0.019622825,0,"","INOVAI-NB-8","CPU info","GCC 13.3.0","2025-10-06 15:41:41"
70000000,não simultaneo,reverse,3,45,0.021976451,0,"","INOVAI-NB-8","CPU info","GCC 13.3.0","2025-10-06 15:41:41"
70000000,simultaneo,reverse,3,45,0.019946850,0,"","INOVAI-NB-8","CPU info","GCC 13.3.0","2025-10-06 15:41:41"
70000000,não simultaneo,reverse,4,46,0.022345535,0,"","INOVAI-NB-8","CPU info","GCC 13.3.0","2025-10-06 15:41:41"
70000000,simultaneo,reverse,4,46,0.019663670,0,"","INOVAI-NB-8","CPU info","GCC 13.3.0","2025-10-06 15:41:41"
71000000,não simultaneo,reverse,0,42,0.023124184,0,"","INOVAI-NB-8","CPU info","GCC 13.3.0","2025-10-06 15:41:41"
71000000,simultaneo,reverse,0,42,0.019791709,0,"","INOVAI-NB-8","CPU info","GCC 13.3.0","2025-10-06 15:41:41"
71000000,não simultaneo,reverse,1,43,0.022649259,0,"","INOVAI-NB-8","CPU info","GCC 13.3.0","2025-10-06 15:41:41"
71000000,simultaneo,reverse,1,43,0.020491283,0,"","INOVAI-NB-8","CPU info","GCC 13.3.0","2025-10-06 15:41:41"
71000000,não simultaneo,reverse,2,44,0.021970989,0,"","INOVAI-NB-8","CPU info","GCC 13.3.0","2025-10-06 15:41:41"
71000000,simultaneo,reverse,2,44,0.019979478,0,"","INOVAI-NB-8","CPU info","GCC 13.3.0","2025-10-06 15:41:41"
71000000,não simultaneo,reverse,3,45,0.024161062,0,"","INOVAI-NB-8","CPU info","GCC 13.3.0","2025-10-06 15:41:41"
71000000,simultaneo,reverse,3,45,0.019845678,0,"","INOVAI-NB-8","CPU info","GCC 13.3.0","2025-10-06 15:41:41"
71000000,não simultaneo,reverse,4,46,0.024396710,0,"","INOVAI-NB-8","CPU info","GCC 13.3.0","2025-10-06 15:41:41"
71000000,simultaneo,reverse,4,46,0.020564907,0,"","INOVAI-NB-8","CPU info","GCC 13.3.0","2025-10-06 15:41:41"
72000000,não simultaneo,reverse,0,42,0.022413595,0,"","INOVAI-NB-8","CPU info","GCC 13.3.0","2025-10-06 15:41:41"
72000000,simultaneo,reverse,0,42,0.020445220,0,"","INOVAI-NB-8","CPU info","GCC 13.3.0","2025-10-06 15:41:41"
72000000,não simultaneo,reverse,1,43,0.024477611,0,"","INOVAI-NB-8","CPU info","GCC 13.3.0","2025-10-06 15:41:41"
72000000,simultaneo,reverse,1,43,0.020365819,0,"","INOVAI-NB-8","CPU info","GCC 13.3.0","2025-10-06 15:41:41"
72000000,não simultaneo,reverse,2,44,0.022345397,0,"","INOVAI-NB-8","CPU info","GCC 13.3.0","2025-10-06 15:41:41"
72000000,simultaneo,reverse,2,44,0.020385512,0,"","INOVAI-NB-8","CPU info","GCC 13.3.0","2025-10-06 15:41:41"
72000000,não simultaneo,reverse,3,45,0.022623463,0,"","INOVAI-NB-8","CPU info","GCC 13.3.0","2025-10-06 15:41:41"
72000000,simultaneo,reverse,3,45,0.020688361,0,"","INOVAI-NB-8","CPU info","GCC 13.3.0","2025-10-06 15:41:41"
72000000,não simultaneo,reverse,4,46,0.022260333,0,"","INOVAI-NB-8","CPU info","GCC 13.3.0","2025-10-06 15:41:41"
72000000,simultaneo,reverse,4,46,0.020677652,0,"","INOVAI-NB-8","CPU info","GCC 13.3.0","2025-10-06 15:41:41"
73000000,não simultaneo,reverse,0,42,0.022495601,0,"","INOVAI-NB-8","CPU info","GCC 13.3.0","2025-10-06 15:41:41"
73000000,simultaneo,reverse,0,42,0.023649978,0,"","INOVAI-NB-8","CPU info","GCC 13.3.0","2025-10-06 15:41:41"
73000000,não simultaneo,reverse,1,43,0.022504319,0,"","INOVAI-NB-8","CPU info","GCC 13.3.0","2025-10-06 15:41:41"
73000000,simultaneo,reverse,1,43,0.020661886,0,"","INOVAI-NB-8","CPU info","GCC 13.3.0","2025-10-06 15:41:41"
73000000,não simultaneo,reverse,2,44,0.022722839,0,"","INOVAI-NB-8","CPU info","GCC 13.3.0","2025-10-06 15:41:41"
73000000,simultaneo,reverse,2,44,0.021631763,0,"","INOVAI-NB-8","CPU info","GCC 13.3.0","2025-10-06 15:41:41"
73000000,não simultaneo,reverse,3,45,0.022517892,0,"","INOVAI-NB-8","CPU info","GCC 13.3.0","2025-10-06 15:41:41"
73000000,simultaneo,reverse,3,45,0.020740329,0,"","INOVAI-NB-8","CPU info","GCC 13.3.0","2025-10-06 15:41:41"
73000000,não simultaneo,reverse,4,46,0.023663091,0,"","INOVAI-NB-8","CPU info","GCC 13.3.0","2025-10-06 15:41:41"
73000000,simultaneo,reverse,4,46,0.021771970,0,"","INOVAI-NB-8","CPU info","GCC 13.3.0","2025-10-06 15:41:41"
74000000,não simultaneo,reverse,0,42,0.023740396,0,"","INOVAI-NB-8","CPU info","GCC 13.3.0","2025-10-06 15:41:41"
74000000,simultaneo,reverse,0,42,0.021328639,0,"","INOVAI-NB-8","CPU info","GCC 13.3.0","2025-10-06 15:41:41"
74000000,não simultaneo,reverse,1,43,0.023466195,0,"","INOVAI-NB-8","CPU info","GCC 13.3.0","2025-10-06 15:41:41"
74000000,simultaneo,reverse,1,43,0.021243522,0,"","INOVAI-NB-8","CPU info","GCC 13.3.0","2025-10-06 15:41:41"
74000000,não simultaneo,reverse,2,44,0.023382598,0,"","INOVAI-NB-8","CPU info","GCC 13.3.0","2025-10-06 15:41:41"
74000000,simultaneo,reverse,2,44,0.022407008,0,"","INOVAI-NB-8","CPU info","GCC 13.3.0","2025-10-06 15:41:41"
74000000,não simultaneo,reverse,3,45,0.023571156,0,"","INOVAI-NB-8","CPU info","GCC 13.3.0","2025-10-06 15:41:41"
74000000,simultaneo,reverse,3,45,0.021659742,0,"","INOVAI-NB-8","CPU info","GCC 13.3.0","2025-10-06 15:41:41"
74000000,não simultaneo,reverse,4,46,0.024260145,0,"","INOVAI-NB-8","CPU info","GCC 13.3.0","2025-10-06 15:41:41"
74000000,simultaneo,reverse,4,46,0.021356578,0,"","INOVAI-NB-8","CPU info","GCC 13.3.0","2025-10-06 15:41:41"
2050000000,não simultaneo,reverse,0,42,0.672166466,0,"","INOVAI-NB-8","CPU info","GCC 13.3.0","2025-10-06 15:41:41"
2050000000,simultaneo,reverse,0,42,0.526339794,0,"","INOVAI-NB-8","CPU info","GCC 13.3.0","2025-10-06 15:41:41"
2050000000,não simultaneo,reverse,1,43,0.651801385,0,"","INOVAI-NB-8","CPU info","GCC 13.3.0","2025-10-06 15:41:41"
2050000000,simultaneo,reverse,1,43,0.497385115,0,"","INOVAI-NB-8","CPU info","GCC 13.3.0","2025-10-06 15:41:41"
2050000000,não simultaneo,reverse,2,44,0.634693142,0,"","INOVAI-NB-8","CPU info","GCC 13.3.0","2025-10-06 15:41:41"
2050000000,simultaneo,reverse,2,44,0.501570381,0,"","INOVAI-NB-8","CPU info","GCC 13.3.0","2025-10-06 15:41:41"
2050000000,não simultaneo,reverse,3,45,0.627473283,0,"","INOVAI-NB-8","CPU info","GCC 13.3.0","2025-10-06 15:41:41"
2050000000,simultaneo,reverse,3,45,0.497130473,0,"","INOVAI-NB-8","CPU info","GCC 13.3.0","2025-10-06 15:41:41"
2050000000,não simultaneo,reverse,4,46,0.629058326,0,"","INOVAI-NB-8","CPU info","GCC 13.3.0","2025-10-06 15:41:41"
2050000000,simultaneo,reverse,4,46,0.491401728,0,"","INOVAI-NB-8","CPU info","GCC 13.3.0","2025-10-06 15:41:41"
1000,não simultaneo,constant,0,42,0.000000490,0,"","INOVAI-NB-8","CPU info","GCC 13.3.0","2025-10-06 15:41:41"
1000,simultaneo,constant,0,42,0.000000386,0,"","INOVAI-NB-8","CPU info","GCC 13.3.0","2025-10-06 15:41:41"
1000,não simultaneo,constant,1,43,0.000000077,0,"","INOVAI-NB-8","CPU info","GCC 13.3.0","2025-10-06 15:41:41"
1000,simultaneo,constant,1,43,0.000000235,0,"","INOVAI-NB-8","CPU info","GCC 13.3.0","2025-10-06 15:41:41"
1000,não simultaneo,constant,2,44,0.000000072,0,"","INOVAI-NB-8","CPU info","GCC 13.3.0","2025-10-06 15:41:41"
1000,simultaneo,constant,2,44,0.000000234,0,"","INOVAI-NB-8","CPU info","GCC 13.3.0","2025-10-06 15:41:41"
1000,não simultaneo,constant,3,45,0.000000071,0,"","INOVAI-NB-8","CPU info","GCC 13.3.0","2025-10-06 15:41:41"
1000,simultaneo,constant,3,45,0.000000234,0,"","INOVAI-NB-8","CPU info","GCC 13.3.0","2025-10-06 15:41:41"
1000,não simultaneo,constant,4,46,0.000000072,0,"","INOVAI-NB-8","CPU info","GCC 13.3.0","2025-10-06 15:41:41"
1000,simultaneo,constant,4,46,0.000000234,0,"","INOVAI-NB-8","CPU info","GCC 13.3.0","2025-10-06 15:41:41"
2000,não simultaneo,constant,0,42,0.000000141,0,"","INOVAI-NB-8","CPU info","GCC 13.3.0","2025-10-06 15:41:41"
2000,simultaneo,constant,0,42,0.000000462,0,"","INOVAI-NB-8","CPU info","GCC 13.3.0","2025-10-06 15:41:41"
2000,não simultaneo,constant,1,43,0.000000121,0,"","INOVAI-NB-8","CPU info","GCC 13.3.0","2025-10-06 15:41:41"
2000,simultaneo,constant,1,43,0.000000457,0,"","INOVAI-NB-8","CPU info","GCC 13.3.0","2025-10-06 15:41:41"
2000,não simultaneo,constant,2,44,0.000000122,0,"","INOVAI-NB-8","CPU info","GCC 13.3.0","2025-10-06 15:41:41"
2000,simultaneo,constant,2,44,0.000000449,0,"","INOVAI-NB-8","CPU info","GCC 13.3.0","2025-10-06 15:41:41"
2000,não simultaneo,constant,3,45,0.000000122,0,"","INOVAI-NB-8","CPU info","GCC 13.3.0","2025-10-06 15:41:41"
2000,simultaneo,constant,3,45,0.000000498,0,"","INOVAI-NB-8","CPU info","GCC 13.3.0","2025-10-06 15:41:41"
2000,não simultaneo,constant,4,46,0.000000181,0,"","INOVAI-NB-8","CPU info","GCC 13.3.0","2025-10-06 15:41:41"
2000,simultaneo,constant,4,46,0.000000440,0,"","INOVAI-NB-8","CPU info","GCC 13.3.0","2025-10-06 15:41:41"
3000,não simultaneo,constant,0,42,0.000000191,0,"","INOVAI-NB-8","CPU info","GCC 13.3.0","2025-10-06 15:41:41"
3000,simultaneo,constant,0,42,0.000000658,0,"","INOVAI-NB-8","CPU info","GCC 13.3.0","2025-10-06 15:41:41"
3000,não simultaneo,constant,1,43,0.000000175,0,"","INOVAI-NB-8","CPU info","GCC 13.3.0","2025-10-06 15:41:41"
3000,simultaneo,constant,1,43,0.000000650,0,"","INOVAI-NB-8","CPU info","GCC 13.3.0","2025-10-06 15:41:41"
3000,não simultaneo,constant,2,44,0.000000174,0,"","INOVAI-NB-8","CPU info","GCC 13.3.0","2025-10-06 15:41:41"
3000,simultaneo,constant,2,44,0.000000651,0,"","INOVAI-NB-8","CPU info","GCC 13.3.0","2025-10-06 15:41:41"
3000,não simultaneo,constant,3,45,0.000000173,0,"","INOVAI-NB-8","CPU info","GCC 13.3.0","2025-10-06 15:41:41"
3000,simultaneo,constant,3,45,0.000000652,0,"","INOVAI-NB-8","CPU info","GCC 13.3.0","2025-10-06 15:41:41"
3000,não simultaneo,constant,4,46,0.000000171,0,"","INOVAI-NB-8","CPU info","GCC 13.3.0","2025-10-06 15:41:41"
3000,simultaneo,constant,4,46,0.000000652,0,"","INOVAI-NB-8","CPU info","GCC 13.3.0","2025-10-06 15:41:41"
4000,não simultaneo,constant,0,42,0.000000236,0,"","INOVAI-NB-8","CPU info","GCC 13.3.0","2025-10-06 15:41:41"
4000,simultaneo,constant,0,42,0.000000872,0,"","INOVAI-NB-8","CPU info","GCC 13.3.0","2025-10-06 15:41:41"
4000,não simultaneo,constant,1,43,0.000000224,0,"","INOVAI-NB-8","CPU info","GCC 13.3.0","2025-10-06 15:41:41"
4000,simultaneo,constant,1,43,0.000000870,0,"","INOVAI-NB-8","CPU info","GCC 13.3.0","2025-10-06 15:41:41"
4000,não simultaneo,constant,2,44,0.000000221,0,"","INOVAI-NB-8","CPU info","GCC 13.3.0","2025-10-06 15:41:41"
4000,simultaneo,constant,2,44,0.000000869,0,"","INOVAI-NB-8","CPU info","GCC 13.3.0","2025-10-06 15:41:41"
4000,não simultaneo,constant,3,45,0.000000224,0,"","INOVAI-NB-8","CPU info","GCC 13.3.0","2025-10-06 15:41:41"
4000,simultaneo,constant,3,45,0.000000870,0,"","INOVAI-NB-8","CPU info","GCC 13.3.0","2025-10-06 15:41:41"
4000,não simultaneo,constant,4,46,0.000000223,0,"","INOVAI-NB-8","CPU info","GCC 13.3.0","2025-10-06 15:41:41"
4000,simultaneo,constant,4,46,0.000000864,0,"","INOVAI-NB-8","CPU info","GCC 13.3.0","2025-10-06 15:41:41"
5000,não simultaneo,constant,0,42,0.000000280,0,"","INOVAI-NB-8","CPU info","GCC 13.3.0","2025-10-06 15:41:41"
5000,simultaneo,constant,0,42,0.000001081,0,"","INOVAI-NB-8","CPU info","GCC 13.3.0","2025-10-06 15:41:41"
5000,não simultaneo,constant,1,43,0.000000272,0,"","INOVAI-NB-8","CPU info","GCC 13.3.0","2025-10-06 15:41:41"
5000,simultaneo,constant,1,43,0.000001074,0,"","INOVAI-NB-8","CPU info","GCC 13.3.0","2025-10-06 15:41:41"
5000,não simultaneo,constant,2,44,0.000000271,0,"","INOVAI-NB-8","CPU info","GCC 13.3.0","2025-10-06 15:41:41"
5000,simultaneo,constant,2,44,0.000001074,0,"","INOVAI-NB-8","CPU info","GCC 13.3.0","2025-10-06 15:41:41"
5000,não simultaneo,constant,3,45,0.000000270,0,"","INOVAI-NB-8","CPU info","GCC 13.3.0","2025-10-06 15:41:41"
5000,simultaneo,constant,3,45,0.000001074,0,"","INOVAI-NB-8","CPU info","GCC 13.3.0","2025-10-06 15:41:41"
5000,não simultaneo,constant,4,46,0.000000269,0,"","INOVAI-NB-8","CPU info","GCC 13.3.0","2025-10-06 15:41:41"
5000,simultaneo,constant,4,46,0.000001072,0,"","INOVAI-NB-8","CPU info","GCC 13.3.0","2025-10-06 15:41:41"
6000,não simultaneo,constant,0,42,0.000000347,0,"","INOVAI-NB-8","CPU info","GCC 13.3.0","2025-10-06 15:41:41"
6000,simultaneo,constant,0,42,0.000001287,0,"","INOVAI-NB-8","CPU info","GCC 13.3.0","2025-10-06 15:41:41"
6000,não simultaneo,constant,1,43,0.000000335,0,"","INOVAI-NB-8","CPU info","GCC 13.3.0","2025-10-06 15:41:41"
6000,simultaneo,constant,1,43,0.000001289,0,"","INOVAI-NB-8","CPU info","GCC 13.3.0","2025-10-06 15:41:41"
6000,não simultaneo,constant,2,44,0.000000330,0,"","INOVAI-NB-8","CPU info","GCC 13.3.0","2025-10-06 15:41:41"
6000,simultaneo,constant,2,44,0.000001288,0,"","INOVAI-NB-8","CPU info","GCC 13.3.0","2025-10-06 15:41:41"
6000,não simultaneo,constant,3,45,0.000000329,0,"","INOVAI-NB-8","CPU info","GCC 13.3.0","2025-10-06 15:41:41"
6000,simultaneo,constant,3,45,0.000001289,0,"","INOVAI-NB-8","CPU info","GCC 13.3.0","2025-10-06 15:41:41"
6000,não simultaneo,constant,4,46,0.000000319,0,"","INOVAI-NB-8","CPU info","GCC 13.3.0","2025-10-06 15:41:41"
6000,simultaneo,constant,4,46,0.000001286,0,"","INOVAI-NB-8","CPU info","GCC 13.3.0","2025-10-06 15:41:41"
7000,não simultaneo,constant,0,42,0.000000379,0,"","INOVAI-NB-8","CPU info","GCC 13.3.0","2025-10-06 15:41:41"
7000,simultaneo,constant,0,42,0.000001503,0,"","INOVAI-NB-8","CPU info","GCC 13.3.0","2025-10-06 15:41:41"
7000,não simultaneo,constant,1,43,0.000000383,0,"","INOVAI-NB-8","CPU info","GCC 13.3.0","2025-10-06 15:41:41"
7000,simultaneo,constant,1,43,0.000001505,0,"","INOVAI-NB-8","CPU info","GCC 13.3.0","2025-10-06 15:41:41"
7000,não simultaneo,constant,2,44,0.000000369,0,"","INOVAI-NB-8","CPU info","GCC 13.3.0","2025-10-06 15:41:41"
7000,simultaneo,constant,2,44,0.000001498,0,"","INOVAI-NB-8","CPU info","GCC 13.3.0","2025-10-06 15:41:41"
7000,não simultaneo,constant,3,45,0.000000371,0,"","INOVAI-NB-8","CPU info","GCC 13.3.0","2025-10-06 15:41:41"
7000,simultaneo,constant,3,45,0.000001498,0,"","INOVAI-NB-8","CPU info","GCC 13.3.0","2025-10-06 15:41:41"
7000,não simultaneo,constant,4,46,0.000000368,0,"","INOVAI-NB-8","CPU info","GCC 13.3.0","2025-10-06 15:41:41"
7000,simultaneo,constant,4,46,0.000001496,0,"","INOVAI-NB-8","CPU info","GCC 13.3.0","2025-10-06 15:41:41"
8000,não simultaneo,constant,0,42,0.000000451,0,"","INOVAI-NB-8","CPU info","GCC 13.3.0","2025-10-06 15:41:41"
8000,simultaneo,constant,0,42,0.000001710,0,"","INOVAI-NB-8","CPU info","GCC 13.3.0","2025-10-06 15:41:41"
8000,não simultaneo,constant,1,43,0.000000439,0,"","INOVAI-NB-8","CPU info","GCC 13.3.0","2025-10-06 15:41:41"
8000,simultaneo,constant,1,43,0.000001708,0,"","INOVAI-NB-8","CPU info","GCC 13.3.0","2025-10-06 15:41:41"
8000,não simultaneo,constant,2,44,0.000000423,0,"","INOVAI-NB-8","CPU info","GCC 13.3.0","2025-10-06 15:41:41"
8000,simultaneo,constant,2,44,0.000001710,0,"","INOVAI-NB-8","CPU info","GCC 13.3.0","2025-10-06 15:41:41"
8000,não simultaneo,constant,3,45,0.000000423,0,"","INOVAI-NB-8","CPU info","GCC 13.3.0","2025-10-06 15:41:41"
8000,simultaneo,constant,3,45,0.000001711,0,"","INOVAI-NB-8","CPU info","GCC 13.3.0","2025-10-06 15:41:41"
8000,não simultaneo,constant,4,46,0.000000422,0,"","INOVAI-NB-8","CPU info","GCC 13.3.0","2025-10-06 15:41:41"
8000,simultaneo,constant,4,46,0.000001708,0,"","INOVAI-NB-8","CPU info","GCC 13.3.0","2025-10-06 15:41:41"
9000,não simultaneo,constant,0,42,0.000000490,0,"","INOVAI-NB-8","CPU info","GCC 13.3.0","2025-10-06 15:41:41"
9000,simultaneo,constant,0,42,0.000001926,0,"","INOVAI-NB-8","CPU info","GCC 13.3.0","2025-10-06 15:41:41"
9000,não simultaneo,constant,1,43,0.000000484,0,"","INOVAI-NB-8","CPU info","GCC 13.3.0","2025-10-06 15:41:41"
9000,simultaneo,constant,1,43,0.000001928,0,"","INOVAI-NB-8","CPU info","GCC 13.3.0","2025-10-06 15:41:41"
9000,não simultaneo,constant,2,44,0.000000472,0,"","INOVAI-NB-8","CPU info","GCC 13.3.0","2025-10-06 15:41:41"
9000,simultaneo,constant,2,44,0.000001918,0,"","INOVAI-NB-8","CPU info","GCC 13.3.0","2025-10-06 15:41:41"
9000,não simultaneo,constant,3,45,0.000000468,0,"","INOVAI-NB-8","CPU info","GCC 13.3.0","2025-10-06 15:41:41"
9000,simultaneo,constant,3,45,0.000001917,0,"","INOVAI-NB-8","CPU info","GCC 13.3.0","2025-10-06 15:41:41"
9000,não simultaneo,constant,4,46,0.000000473,0,"","INOVAI-NB-8","CPU info","GCC 13.3.0","2025-10-06 15:41:41"
9000,simultaneo,constant,4,46,0.000001915,0,"","INOVAI-NB-8","CPU info","GCC 13.3.0","2025-10-06 15:41:41"
10000,não simultaneo,constant,0,42,0.000000529,0,"","INOVAI-NB-8","CPU info","GCC 13.3.0","2025-10-06 15:41:41"
10000,simultaneo,constant,0,42,0.000002132,0,"","INOVAI-NB-8","CPU info","GCC 13.3.0","2025-10-06 15:41:41"
10000,não simultaneo,constant,1,43,0.000000529,0,"","INOVAI-NB-8","CPU info","GCC 13.3.0","2025-10-06 15:41:41"
10000,simultaneo,constant,1,43,0.000002134,0,"","INOVAI-NB-8","CPU info","GCC 13.3.0","2025-10-06 15:41:41"
10000,não simultaneo,constant,2,44,0.000000525,0,"","INOVAI-NB-8","CPU info","GCC 13.3.0","2025-10-06 15:41:41"
10000,simultaneo,constant,2,44,0.000002137,0,"","INOVAI-NB-8","CPU info","GCC 13.3.0","2025-10-06 15:41:41"
10000,não simultaneo,constant,3,45,0.000000522,0,"","INOVAI-NB-8","CPU info","GCC 13.3.0","2025-10-06 15:41:41"
10000,simultaneo,constant,3,45,0.000002138,0,"","INOVAI-NB-8","CPU info","GCC 13.3.0","2025-10-06 15:41:41"
10000,não simultaneo,constant,4,46,0.000000518,0,"","INOVAI-NB-8","CPU info","GCC 13.3.0","2025-10-06 15:41:41"
10000,simultaneo,constant,4,46,0.000002133,0,"","INOVAI-NB-8","CPU info","GCC 13.3.0","2025-10-06 15:41:41"
20000,não simultaneo,constant,0,42,0.000001477,0,"","INOVAI-NB-8","CPU info","GCC 13.3.0","2025-10-06 15:41:41"
20000,simultaneo,constant,0,42,0.000004236,0,"","INOVAI-NB-8","CPU info","GCC 13.3.0","2025-10-06 15:41:41"
20000,não simultaneo,constant,1,43,0.000001489,0,"","INOVAI-NB-8","CPU info","GCC 13.3.0","2025-10-06 15:41:41"
20000,simultaneo,constant,1,43,0.000004244,0,"","INOVAI-NB-8","CPU info","GCC 13.3.0","2025-10-06 15:41:41"
20000,não simultaneo,constant,2,44,0.000001490,0,"","INOVAI-NB-8","CPU info","GCC 13.3.0","2025-10-06 15:41:41"
20000,simultaneo,constant,2,44,0.000004252,0,"","INOVAI-NB-8","CPU info","GCC 13.3.0","2025-10-06 15:41:41"
20000,não simultaneo,constant,3,45,0.000001480,0,"","INOVAI-NB-8","CPU info","GCC 13.3.0","2025-10-06 15:41:41"
20000,simultaneo,constant,3,45,0.000004242,0,"","INOVAI-NB-8","CPU info","GCC 13.3.0","2025-10-06 15:41:41"
20000,não simultaneo,constant,4,46,0.000001486,0,"","INOVAI-NB-8","CPU info","GCC 13.3.0","2025-10-06 15:41:41"
20000,simultaneo,constant,4,46,0.000004237,0,"","INOVAI-NB-8","CPU info","GCC 13.3.0","2025-10-06 15:41:41"
30000,não simultaneo,constant,0,42,0.000002098,0,"","INOVAI-NB-8","CPU info","GCC 13.3.0","2025-10-06 15:41:41"
30000,simultaneo,constant,0,42,0.000006364,0,"","INOVAI-NB-8","CPU info","GCC 13.3.0","2025-10-06 15:41:41"
30000,não simultaneo,constant,1,43,0.000002095,0,"","INOVAI-NB-8","CPU info","GCC 13.3.0","2025-10-06 15:41:41"
30000,simultaneo,constant,1,43,0.000006344,0,"","INOVAI-NB-8","CPU info","GCC 13.3.0","2025-10-06 15:41:41"
30000,não simultaneo,constant,2,44,0.000002103,0,"","INOVAI-NB-8","CPU info","GCC 13.3.0","2025-10-06 15:41:41"
30000,simultaneo,constant,2,44,0.000006367,0,"","INOVAI-NB-8","CPU info","GCC 13.3.0","2025-10-06 15:41:41"
30000,não simultaneo,constant,3,45,0.000002109,0,"","INOVAI-NB-8","CPU info","GCC 13.3.0","2025-10-06 15:41:41"
30000,simultaneo,constant,3,45,0.000006346,0,"","INOVAI-NB-8","CPU info","GCC 13.3.0","2025-10-06 15:41:41"
30000,não simultaneo,constant,4,46,0.000002095,0,"","INOVAI-NB-8","CPU info","GCC 13.3.0","2025-10-06 15:41:41"
30000,simultaneo,constant,4,46,0.000006361,0,"","INOVAI-NB-8","CPU info","GCC 13.3.0","2025-10-06 15:41:41"
40000,não simultaneo,constant,0,42,0.000002724,0,"","INOVAI-NB-8","CPU info","GCC 13.3.0","2025-10-06 15:41:41"
40000,simultaneo,constant,0,42,0.000008457,0,"","INOVAI-NB-8","CPU info","GCC 13.3.0","2025-10-06 15:41:41"
40000,não simultaneo,constant,1,43,0.000002727,0,"","INOVAI-NB-8","CPU info","GCC 13.3.0","2025-10-06 15:41:41"
40000,simultaneo,constant,1,43,0.000008483,0,"","INOVAI-NB-8","CPU info","GCC 13.3.0","2025-10-06 15:41:41"
40000,não simultaneo,constant,2,44,0.000002703,0,"","INOVAI-NB-8","CPU info","GCC 13.3.0","2025-10-06 15:41:41"
40000,simultaneo,constant,2,44,0.000008456,0,"","INOVAI-NB-8","CPU info","GCC 13.3.0","2025-10-06 15:41:41"
40000,não simultaneo,constant,3,45,0.000002660,0,"","INOVAI-NB-8","CPU info","GCC 13.3.0","2025-10-06 15:41:41"
40000,simultaneo,constant,3,45,0.000008297,0,"","INOVAI-NB-8","CPU info","GCC 13.3.0","2025-10-06 15:41:41"
40000,não simultaneo,constant,4,46,0.000003490,0,"","INOVAI-NB-8","CPU info","GCC 13.3.0","2025-10-06 15:41:41"
40000,simultaneo,constant,4,46,0.000012889,0,"","INOVAI-NB-8","CPU info","GCC 13.3.0","2025-10-06 15:41:41"
50000,não simultaneo,constant,0,42,0.000003760,0,"","INOVAI-NB-8","CPU info","GCC 13.3.0","2025-10-06 15:41:41"
50000,simultaneo,constant,0,42,0.000010566,0,"","INOVAI-NB-8","CPU info","GCC 13.3.0","2025-10-06 15:41:41"
50000,não simultaneo,constant,1,43,0.000003272,0,"","INOVAI-NB-8","CPU info","GCC 13.3.0","2025-10-06 15:41:41"
50000,simultaneo,constant,1,43,0.000010348,0,"","INOVAI-NB-8","CPU info","GCC 13.3.0","2025-10-06 15:41:41"
50000,não simultaneo,constant,2,44,0.000003265,0,"","INOVAI-NB-8","CPU info","GCC 13.3.0","2025-10-06 15:41:41"
50000,simultaneo,constant,2,44,0.000010352,0,"","INOVAI-NB-8","CPU info","GCC 13.3.0","2025-10-06 15:41:41"
50000,não simultaneo,constant,3,45,0.000003244,0,"","INOVAI-NB-8","CPU info","GCC 13.3.0","2025-10-06 15:41:41"
50000,simultaneo,constant,3,45,0.000010372,0,"","INOVAI-NB-8","CPU info","GCC 13.3.0","2025-10-06 15:41:41"
50000,não simultaneo,constant,4,46,0.000003254,0,"","INOVAI-NB-8","CPU info","GCC 13.3.0","2025-10-06 15:41:41"
50000,simultaneo,constant,4,46,0.000010351,0,"","INOVAI-NB-8","CPU info","GCC 13.3.0","2025-10-06 15:41:41"
60000,não simultaneo,constant,0,42,0.000003865,0,"","INOVAI-NB-8","CPU info","GCC 13.3.0","2025-10-06 15:41:41"
60000,simultaneo,constant,0,42,0.000012410,0,"","INOVAI-NB-8","CPU info","GCC 13.3.0","2025-10-06 15:41:41"
60000,não simultaneo,constant,1,43,0.000003881,0,"","INOVAI-NB-8","CPU info","GCC 13.3.0","2025-10-06 15:41:41"
60000,simultaneo,constant,1,43,0.000012414,0,"","INOVAI-NB-8","CPU info","GCC 13.3.0","2025-10-06 15:41:41"
60000,não simultaneo,constant,2,44,0.000003881,0,"","INOVAI-NB-8","CPU info","GCC 13.3.0","2025-10-06 15:41:41"
60000,simultaneo,constant,2,44,0.000012433,0,"","INOVAI-NB-8","CPU info","GCC 13.3.0","2025-10-06 15:41:41"
60000,não simultaneo,constant,3,45,0.000003887,0,"","INOVAI-NB-8","CPU info","GCC 13.3.0","2025-10-06 15:41:41"
60000,simultaneo,constant,3,45,0.000012441,0,"","INOVAI-NB-8","CPU info","GCC 13.3.0","2025-10-06 15:41:41"
60000,não simultaneo,constant,4,46,0.000003871,0,"","INOVAI-NB-8","CPU info","GCC 13.3.0","2025-10-06 15:41:41"
60000,simultaneo,constant,4,46,0.000012451,0,"","INOVAI-NB-8","CPU info","GCC 13.3.0","2025-10-06 15:41:41"
70000,não simultaneo,constant,0,42,0.000004518,0,"","INOVAI-NB-8","CPU info","GCC 13.3.0","2025-10-06 15:41:41"
70000,simultaneo,constant,0,42,0.000014504,0,"","INOVAI-NB-8","CPU info","GCC 13.3.0","2025-10-06 15:41:41"
70000,não simultaneo,constant,1,43,0.000004871,0,"","INOVAI-NB-8","CPU info","GCC 13.3.0","2025-10-06 15:41:41"
70000,simultaneo,constant,1,43,0.000014676,0,"","INOVAI-NB-8","CPU info","GCC 13.3.0","2025-10-06 15:41:41"
70000,não simultaneo,constant,2,44,0.000004488,0,"","INOVAI-NB-8","CPU info","GCC 13.3.0","2025-10-06 15:41:41"
70000,simultaneo,constant,2,44,0.000014503,0,"","INOVAI-NB-8","CPU info","GCC 13.3.0","2025-10-06 15:41:41"
70000,não simultaneo,constant,3,45,0.000004484,0,"","INOVAI-NB-8","CPU info","GCC 13.3.0","2025-10-06 15:41:41"
70000,simultaneo,constant,3,45,0.000014498,0,"","INOVAI-NB-8","CPU info","GCC 13.3.0","2025-10-06 15:41:41"
70000,não simultaneo,constant,4,46,0.000004483,0,"","INOVAI-NB-8","CPU info","GCC 13.3.0","2025-10-06 15:41:41"
70000,simultaneo,constant,4,46,0.000014493,0,"","INOVAI-NB-8","CPU info","GCC 13.3.0","2025-10-06 15:41:41"
80000,não simultaneo,constant,0,42,0.000005072,0,"","INOVAI-NB-8","CPU info","GCC 13.3.0","2025-10-06 15:41:41"
80000,simultaneo,constant,0,42,0.000017695,0,"","INOVAI-NB-8","CPU info","GCC 13.3.0","2025-10-06 15:41:41"
80000,não simultaneo,constant,1,43,0.000004979,0,"","INOVAI-NB-8","CPU info","GCC 13.3.0","2025-10-06 15:41:41"
80000,simultaneo,constant,1,43,0.000016241,0,"","INOVAI-NB-8","CPU info","GCC 13.3.0","2025-10-06 15:41:41"
80000,não simultaneo,constant,2,44,0.000004965,0,"","INOVAI-NB-8","CPU info","GCC 13.3.0","2025-10-06 15:41:41"
80000,simultaneo,constant,2,44,0.000016235,0,"","INOVAI-NB-8","CPU info","GCC 13.3.0","2025-10-06 15:41:41"
80000,não simultaneo,constant,3,45,0.000004985,0,"","INOVAI-NB-8","CPU info","GCC 13.3.0","2025-10-06 15:41:41"
80000,simultaneo,constant,3,45,0.000016219,0,"","INOVAI-NB-8","CPU info","GCC 13.3.0","2025-10-06 15:41:41"
80000,não simultaneo,constant,4,46,0.000004977,0,"","INOVAI-NB-8","CPU info","GCC 13.3.0","2025-10-06 15:41:41"
80000,simultaneo,constant,4,46,0.000016211,0,"","INOVAI-NB-8","CPU info","GCC 13.3.0","2025-10-06 15:41:41"
90000,não simultaneo,constant,0,42,0.000005575,0,"","INOVAI-NB-8","CPU info","GCC 13.3.0","2025-10-06 15:41:41"
90000,simultaneo,constant,0,42,0.000018245,0,"","INOVAI-NB-8","CPU info","GCC 13.3.0","2025-10-06 15:41:41"
90000,não simultaneo,constant,1,43,0.000005549,0,"","INOVAI-NB-8","CPU info","GCC 13.3.0","2025-10-06 15:41:41"
90000,simultaneo,constant,1,43,0.000018261,0,"","INOVAI-NB-8","CPU info","GCC 13.3.0","2025-10-06 15:41:41"
90000,não simultaneo,constant,2,44,0.000005596,0,"","INOVAI-NB-8","CPU info","GCC 13.3.0","2025-10-06 15:41:41"
90000,simultaneo,constant,2,44,0.000018262,0,"","INOVAI-NB-8","CPU info","GCC 13.3.0","2025-10-06 15:41:41"
90000,não simultaneo,constant,3,45,0.000005591,0,"","INOVAI-NB-8","CPU info","GCC 13.3.0","2025-10-06 15:41:41"
90000,simultaneo,constant,3,45,0.000018247,0,"","INOVAI-NB-8","CPU info","GCC 13.3.0","2025-10-06 15:41:41"
90000,não simultaneo,constant,4,46,0.000006159,0,"","INOVAI-NB-8","CPU info","GCC 13.3.0","2025-10-06 15:41:41"
90000,simultaneo,constant,4,46,0.000018339,0,"","INOVAI-NB-8","CPU info","GCC 13.3.0","2025-10-06 15:41:41"
100000,não simultaneo,constant,0,42,0.000006256,0,"","INOVAI-NB-8","CPU info","GCC 13.3.0","2025-10-06 15:41:41"
100000,simultaneo,constant,0,42,0.000043179,0,"","INOVAI-NB-8","CPU info","GCC 13.3.0","2025-10-06 15:41:41"
100000,não simultaneo,constant,1,43,0.000006182,0,"","INOVAI-NB-8","CPU info","GCC 13.3.0","2025-10-06 15:41:41"
100000,simultaneo,constant,1,43,0.000020306,0,"","INOVAI-NB-8","CPU info","GCC 13.3.0","2025-10-06 15:41:41"
100000,não simultaneo,constant,2,44,0.000006168,0,"","INOVAI-NB-8","CPU info","GCC 13.3.0","2025-10-06 15:41:41"
100000,simultaneo,constant,2,44,0.000020290,0,"","INOVAI-NB-8","CPU info","GCC 13.3.0","2025-10-06 15:41:41"
100000,não simultaneo,constant,3,45,0.000006222,0,"","INOVAI-NB-8","CPU info","GCC 13.3.0","2025-10-06 15:41:41"
100000,simultaneo,constant,3,45,0.000020265,0,"","INOVAI-NB-8","CPU info","GCC 13.3.0","2025-10-06 15:41:41"
100000,não simultaneo,constant,4,46,0.000006159,0,"","INOVAI-NB-8","CPU info","GCC 13.3.0","2025-10-06 15:41:41"
100000,simultaneo,constant,4,46,0.000020279,0,"","INOVAI-NB-8","CPU info","GCC 13.3.0","2025-10-06 15:41:41"
200000,não simultaneo,constant,0,42,0.000013200,0,"","INOVAI-NB-8","CPU info","GCC 13.3.0","2025-10-06 15:41:41"
200000,simultaneo,constant,0,42,0.000040524,0,"","INOVAI-NB-8","CPU info","GCC 13.3.0","2025-10-06 15:41:41"
200000,não simultaneo,constant,1,43,0.000012148,0,"","INOVAI-NB-8","CPU info","GCC 13.3.0","2025-10-06 15:41:41"
200000,simultaneo,constant,1,43,0.000040544,0,"","INOVAI-NB-8","CPU info","GCC 13.3.0","2025-10-06 15:41:41"
200000,não simultaneo,constant,2,44,0.000012105,0,"","INOVAI-NB-8","CPU info","GCC 13.3.0","2025-10-06 15:41:41"
200000,simultaneo,constant,2,44,0.000047232,0,"","INOVAI-NB-8","CPU info","GCC 13.3.0","2025-10-06 15:41:41"
200000,não simultaneo,constant,3,45,0.000012132,0,"","INOVAI-NB-8","CPU info","GCC 13.3.0","2025-10-06 15:41:41"
200000,simultaneo,constant,3,45,0.000040570,0,"","INOVAI-NB-8","CPU info","GCC 13.3.0","2025-10-06 15:41:41"
200000,não simultaneo,constant,4,46,0.000012177,0,"","INOVAI-NB-8","CPU info","GCC 13.3.0","2025-10-06 15:41:41"
200000,simultaneo,constant,4,46,0.000040535,0,"","INOVAI-NB-8","CPU info","GCC 13.3.0","2025-10-06 15:41:41"
300000,não simultaneo,constant,0,42,0.000023948,0,"","INOVAI-NB-8","CPU info","GCC 13.3.0","2025-10-06 15:41:41"
300000,simultaneo,constant,0,42,0.000064379,0,"","INOVAI-NB-8","CPU info","GCC 13.3.0","2025-10-06 15:41:41"
300000,não simultaneo,constant,1,43,0.000023911,0,"","INOVAI-NB-8","CPU info","GCC 13.3.0","2025-10-06 15:41:41"
300000,simultaneo,constant,1,43,0.000069084,0,"","INOVAI-NB-8","CPU info","GCC 13.3.0","2025-10-06 15:41:41"
300000,não simultaneo,constant,2,44,0.000025050,0,"","INOVAI-NB-8","CPU info","GCC 13.3.0","2025-10-06 15:41:41"
300000,simultaneo,constant,2,44,0.000067337,0,"","INOVAI-NB-8","CPU info","GCC 13.3.0","2025-10-06 15:41:41"
300000,não simultaneo,constant,3,45,0.000024729,0,"","INOVAI-NB-8","CPU info","GCC 13.3.0","2025-10-06 15:41:41"
300000,simultaneo,constant,3,45,0.000066011,0,"","INOVAI-NB-8","CPU info","GCC 13.3.0","2025-10-06 15:41:41"
300000,não simultaneo,constant,4,46,0.000025648,0,"","INOVAI-NB-8","CPU info","GCC 13.3.0","2025-10-06 15:41:41"
300000,simultaneo,constant,4,46,0.000066622,0,"","INOVAI-NB-8","CPU info","GCC 13.3.0","2025-10-06 15:41:41"
400000,não simultaneo,constant,0,42,0.000047235,0,"","INOVAI-NB-8","CPU info","GCC 13.3.0","2025-10-06 15:41:41"
400000,simultaneo,constant,0,42,0.000125431,0,"","INOVAI-NB-8","CPU info","GCC 13.3.0","2025-10-06 15:41:41"
400000,não simultaneo,constant,1,43,0.000029950,0,"","INOVAI-NB-8","CPU info","GCC 13.3.0","2025-10-06 15:41:41"
400000,simultaneo,constant,1,43,0.000084691,0,"","INOVAI-NB-8","CPU info","GCC 13.3.0","2025-10-06 15:41:41"
400000,não simultaneo,constant,2,44,0.000050308,0,"","INOVAI-NB-8","CPU info","GCC 13.3.0","2025-10-06 15:41:41"
400000,simultaneo,constant,2,44,0.000137246,0,"","INOVAI-NB-8","CPU info","GCC 13.3.0","2025-10-06 15:41:41"
400000,não simultaneo,constant,3,45,0.000055826,0,"","INOVAI-NB-8","CPU info","GCC 13.3.0","2025-10-06 15:41:41"
400000,simultaneo,constant,3,45,0.000128850,0,"","INOVAI-NB-8","CPU info","GCC 13.3.0","2025-10-06 15:41:41"
400000,não simultaneo,constant,4,46,0.000038380,0,"","INOVAI-NB-8","CPU info","GCC 13.3.0","2025-10-06 15:41:41"
400000,simultaneo,constant,4,46,0.000124216,0,"","INOVAI-NB-8","CPU info","GCC 13.3.0","2025-10-06 15:41:41"
500000,não simultaneo,constant,0,42,0.000056267,0,"","INOVAI-NB-8","CPU info","GCC 13.3.0","2025-10-06 15:41:41"
500000,simultaneo,constant,0,42,0.000205355,0,"","INOVAI-NB-8","CPU info","GCC 13.3.0","2025-10-06 15:41:41"
500000,não simultaneo,constant,1,43,0.000046440,0,"","INOVAI-NB-8","CPU info","GCC 13.3.0","2025-10-06 15:41:41"
500000,simultaneo,constant,1,43,0.000159139,0,"","INOVAI-NB-8","CPU info","GCC 13.3.0","2025-10-06 15:41:41"
500000,não simultaneo,constant,2,44,0.000063757,0,"","INOVAI-NB-8","CPU info","GCC 13.3.0","2025-10-06 15:41:41"
500000,simultaneo,constant,2,44,0.000182573,0,"","INOVAI-NB-8","CPU info","GCC 13.3.0","2025-10-06 15:41:41"
500000,não simultaneo,constant,3,45,0.000085823,0,"","INOVAI-NB-8","CPU info","GCC 13.3.0","2025-10-06 15:41:41"
500000,simultaneo,constant,3,45,0.000160688,0,"","INOVAI-NB-8","CPU info","GCC 13.3.0","2025-10-06 15:41:41"
500000,não simultaneo,constant,4,46,0.000047065,0,"","INOVAI-NB-8","CPU info","GCC 13.3.0","2025-10-06 15:41:41"
500000,simultaneo,constant,4,46,0.000153571,0,"","INOVAI-NB-8","CPU info","GCC 13.3.0","2025-10-06 15:41:41"
600000,não simultaneo,constant,0,42,0.000120432,0,"","INOVAI-NB-8","CPU info","GCC 13.3.0","2025-10-06 15:41:41"
600000,simultaneo,constant,0,42,0.000130819,0,"","INOVAI-NB-8","CPU info","GCC 13.3.0","2025-10-06 15:41:41"
600000,não simultaneo,constant,1,43,0.000067082,0,"","INOVAI-NB-8","CPU info","GCC 13.3.0","2025-10-06 15:41:41"
600000,simultaneo,constant,1,43,0.000154053,0,"","INOVAI-NB-8","CPU info","GCC 13.3.0","2025-10-06 15:41:41"
600000,não simultaneo,constant,2,44,0.000074995,0,"","INOVAI-NB-8","CPU info","GCC 13.3.0","2025-10-06 15:41:41"
600000,simultaneo,constant,2,44,0.000178785,0,"","INOVAI-NB-8","CPU info","GCC 13.3.0","2025-10-06 15:41:41"
600000,não simultaneo,constant,3,45,0.000078153,0,"","INOVAI-NB-8","CPU info","GCC 13.3.0","2025-10-06 15:41:41"
600000,simultaneo,constant,3,45,0.000156369,0,"","INOVAI-NB-8","CPU info","GCC 13.3.0","2025-10-06 15:41:41"
600000,não simultaneo,constant,4,46,0.000094986,0,"","INOVAI-NB-8","CPU info","GCC 13.3.0","2025-10-06 15:41:41"
600000,simultaneo,constant,4,46,0.000155760,0,"","INOVAI-NB-8","CPU info","GCC 13.3.0","2025-10-06 15:41:41"
700000,não simultaneo,constant,0,42,0.000096854,0,"","INOVAI-NB-8","CPU info","GCC 13.3.0","2025-10-06 15:41:41"
700000,simultaneo,constant,0,42,0.000188670,0,"","INOVAI-NB-8","CPU info","GCC 13.3.0","2025-10-06 15:41:41"
700000,não simultaneo,constant,1,43,0.000092728,0,"","INOVAI-NB-8","CPU info","GCC 13.3.0","2025-10-06 15:41:41"
700000,simultaneo,constant,1,43,0.000190532,0,"","INOVAI-NB-8","CPU info","GCC 13.3.0","2025-10-06 15:41:41"
700000,não simultaneo,constant,2,44,0.000102886,0,"","INOVAI-NB-8","CPU info","GCC 13.3.0","2025-10-06 15:41:41"
700000,simultaneo,constant,2,44,0.000198629,0,"","INOVAI-NB-8","CPU info","GCC 13.3.0","2025-10-06 15:41:41"
700000,não simultaneo,constant,3,45,0.000129830,0,"","INOVAI-NB-8","CPU info","GCC 13.3.0","2025-10-06 15:41:41"
700000,simultaneo,constant,3,45,0.000168391,0,"","INOVAI-NB-8","CPU info","GCC 13.3.0","2025-10-06 15:41:41"
700000,não simultaneo,constant,4,46,0.000076344,0,"","INOVAI-NB-8","CPU info","GCC 13.3.0","2025-10-06 15:41:41"
700000,simultaneo,constant,4,46,0.000188082,0,"","INOVAI-NB-8","CPU info","GCC 13.3.0","2025-10-06 15:41:41"
800000,não simultaneo,constant,0,42,0.000096521,0,"","INOVAI-NB-8","CPU info","GCC 13.3.0","2025-10-06 15:41:41"
800000,simultaneo,constant,0,42,0.000200732,0,"","INOVAI-NB-8","CPU info","GCC 13.3.0","2025-10-06 15:41:41"
800000,não simultaneo,constant,1,43,0.000126567,0,"","INOVAI-NB-8","CPU info","GCC 13.3.0","2025-10-06 15:41:41"
800000,simultaneo,constant,1,43,0.000222946,0,"","INOVAI-NB-8","CPU info","GCC 13.3.0","2025-10-06 15:41:41"
800000,não simultaneo,constant,2,44,0.000115662,0,"","INOVAI-NB-8","CPU info","GCC 13.3.0","2025-10-06 15:41:41"
800000,simultaneo,constant,2,44,0.000232667,0,"","INOVAI-NB-8","CPU info","GCC 13.3.0","2025-10-06 15:41:41"
800000,não simultaneo,constant,3,45,0.000115501,0,"","INOVAI-NB-8","CPU info","GCC 13.3.0","2025-10-06 15:41:41"
800000,simultaneo,constant,3,45,0.000233795,0,"","INOVAI-NB-8","CPU info","GCC 13.3.0","2025-10-06 15:41:41"
800000,não simultaneo,constant,4,46,0.000112282,0,"","INOVAI-NB-8","CPU info","GCC 13.3.0","2025-10-06 15:41:41"
800000,simultaneo,constant,4,46,0.000221600,0,"","INOVAI-NB-8","CPU info","GCC 13.3.0","2025-10-06 15:41:41"
900000,não simultaneo,constant,0,42,0.000119423,0,"","INOVAI-NB-8","CPU info","GCC 13.3.0","2025-10-06 15:41:41"
900000,simultaneo,constant,0,42,0.000238404,0,"","INOVAI-NB-8","CPU info","GCC 13.3.0","2025-10-06 15:41:41"
900000,não simultaneo,constant,1,43,0.000129300,0,"","INOVAI-NB-8","CPU info","GCC 13.3.0","2025-10-06 15:41:41"
900000,simultaneo,constant,1,43,0.000250589,0,"","INOVAI-NB-8","CPU info","GCC 13.3.0","2025-10-06 15:41:41"
900000,não simultaneo,constant,2,44,0.000100553,0,"","INOVAI-NB-8","CPU info","GCC 13.3.0","2025-10-06 15:41:41"
900000,simultaneo,constant,2,44,0.000747993,0,"","INOVAI-NB-8","CPU info","GCC 13.3.0","2025-10-06 15:41:41"
900000,não simultaneo,constant,3,45,0.000121045,0,"","INOVAI-NB-8","CPU info","GCC 13.3.0","2025-10-06 15:41:41"
900000,simultaneo,constant,3,45,0.000203949,0,"","INOVAI-NB-8","CPU info","GCC 13.3.0","2025-10-06 15:41:41"
900000,não simultaneo,constant,4,46,0.000101662,0,"","INOVAI-NB-8","CPU info","GCC 13.3.0","2025-10-06 15:41:41"
900000,simultaneo,constant,4,46,0.000198585,0,"","INOVAI-NB-8","CPU info","GCC 13.3.0","2025-10-06 15:41:41"
1000000,não simultaneo,constant,0,42,0.000114351,0,"","INOVAI-NB-8","CPU info","GCC 13.3.0","2025-10-06 15:41:41"
1000000,simultaneo,constant,0,42,0.000211300,0,"","INOVAI-NB-8","CPU info","GCC 13.3.0","2025-10-06 15:41:41"
1000000,não simultaneo,constant,1,43,0.000113610,0,"","INOVAI-NB-8","CPU info","GCC 13.3.0","2025-10-06 15:41:41"
1000000,simultaneo,constant,1,43,0.000206835,0,"","INOVAI-NB-8","CPU info","GCC 13.3.0","2025-10-06 15:41:41"
1000000,não simultaneo,constant,2,44,0.000112788,0,"","INOVAI-NB-8","CPU info","GCC 13.3.0","2025-10-06 15:41:41"
1000000,simultaneo,constant,2,44,0.000210291,0,"","INOVAI-NB-8","CPU info","GCC 13.3.0","2025-10-06 15:41:41"
1000000,não simultaneo,constant,3,45,0.000111215,0,"","INOVAI-NB-8","CPU info","GCC 13.3.0","2025-10-06 15:41:41"
1000000,simultaneo,constant,3,45,0.000218472,0,"","INOVAI-NB-8","CPU info","GCC 13.3.0","2025-10-06 15:41:41"
1000000,não simultaneo,constant,4,46,0.000114700,0,"","INOVAI-NB-8","CPU info","GCC 13.3.0","2025-10-06 15:41:41"
1000000,simultaneo,constant,4,46,0.000231122,0,"","INOVAI-NB-8","CPU info","GCC 13.3.0","2025-10-06 15:41:41"
2000000,não simultaneo,constant,0,42,0.000248899,0,"","INOVAI-NB-8","CPU info","GCC 13.3.0","2025-10-06 15:41:41"
2000000,simultaneo,constant,0,42,0.000413926,0,"","INOVAI-NB-8","CPU info","GCC 13.3.0","2025-10-06 15:41:41"
2000000,não simultaneo,constant,1,43,0.000234335,0,"","INOVAI-NB-8","CPU info","GCC 13.3.0","2025-10-06 15:41:41"
2000000,simultaneo,constant,1,43,0.000413869,0,"","INOVAI-NB-8","CPU info","GCC 13.3.0","2025-10-06 15:41:41"
2000000,não simultaneo,constant,2,44,0.000236476,0,"","INOVAI-NB-8","CPU info","GCC 13.3.0","2025-10-06 15:41:41"
2000000,simultaneo,constant,2,44,0.000430232,0,"","INOVAI-NB-8","CPU info","GCC 13.3.0","2025-10-06 15:41:41"
2000000,não simultaneo,constant,3,45,0.000229980,0,"","INOVAI-NB-8","CPU info","GCC 13.3.0","2025-10-06 15:41:41"
2000000,simultaneo,constant,3,45,0.000422676,0,"","INOVAI-NB-8","CPU info","GCC 13.3.0","2025-10-06 15:41:41"
2000000,não simultaneo,constant,4,46,0.000239066,0,"","INOVAI-NB-8","CPU info","GCC 13.3.0","2025-10-06 15:41:41"
2000000,simultaneo,constant,4,46,0.000425916,0,"","INOVAI-NB-8","CPU info","GCC 13.3.0","2025-10-06 15:41:41"
3000000,não simultaneo,constant,0,42,0.000383423,0,"","INOVAI-NB-8","CPU info","GCC 13.3.0","2025-10-06 15:41:41"
3000000,simultaneo,constant,0,42,0.000636817,0,"","INOVAI-NB-8","CPU info","GCC 13.3.0","2025-10-06 15:41:41"
3000000,não simultaneo,constant,1,43,0.000372699,0,"","INOVAI-NB-8","CPU info","GCC 13.3.0","2025-10-06 15:41:41"
3000000,simultaneo,constant,1,43,0.000648540,0,"","INOVAI-NB-8","CPU info","GCC 13.3.0","2025-10-06 15:41:41"
3000000,não simultaneo,constant,2,44,0.000377850,0,"","INOVAI-NB-8","CPU info","GCC 13.3.0","2025-10-06 15:41:41"
3000000,simultaneo,constant,2,44,0.000639703,0,"","INOVAI-NB-8","CPU info","GCC 13.3.0","2025-10-06 15:41:41"
3000000,não simultaneo,constant,3,45,0.000380869,0,"","INOVAI-NB-8","CPU info","GCC 13.3.0","2025-10-06 15:41:41"
3000000,simultaneo,constant,3,45,0.000640280,0,"","INOVAI-NB-8","CPU info","GCC 13.3.0","2025-10-06 15:41:41"
3000000,não simultaneo,constant,4,46,0.000387953,0,"","INOVAI-NB-8","CPU info","GCC 13.3.0","2025-10-06 15:41:41"
3000000,simultaneo,constant,4,46,0.000667345,0,"","INOVAI-NB-8","CPU info","GCC 13.3.0","2025-10-06 15:41:41"
4000000,não simultaneo,constant,0,42,0.000627468,0,"","INOVAI-NB-8","CPU info","GCC 13.3.0","2025-10-06 15:41:41"
4000000,simultaneo,constant,0,42,0.000964622,0,"","INOVAI-NB-8","CPU info","GCC 13.3.0","2025-10-06 15:41:41"
4000000,não simultaneo,constant,1,43,0.000584530,0,"","INOVAI-NB-8","CPU info","GCC 13.3.0","2025-10-06 15:41:41"
4000000,simultaneo,constant,1,43,0.000893498,0,"","INOVAI-NB-8","CPU info","GCC 13.3.0","2025-10-06 15:41:41"
4000000,não simultaneo,constant,2,44,0.000546153,0,"","INOVAI-NB-8","CPU info","GCC 13.3.0","2025-10-06 15:41:41"
4000000,simultaneo,constant,2,44,0.000850197,0,"","INOVAI-NB-8","CPU info","GCC 13.3.0","2025-10-06 15:41:41"
4000000,não simultaneo,constant,3,45,0.000631440,0,"","INOVAI-NB-8","CPU info","GCC 13.3.0","2025-10-06 15:41:41"
4000000,simultaneo,constant,3,45,0.000922068,0,"","INOVAI-NB-8","CPU info","GCC 13.3.0","2025-10-06 15:41:41"
4000000,não simultaneo,constant,4,46,0.000603713,0,"","INOVAI-NB-8","CPU info","GCC 13.3.0","2025-10-06 15:41:41"
4000000,simultaneo,constant,4,46,0.000899670,0,"","INOVAI-NB-8","CPU info","GCC 13.3.0","2025-10-06 15:41:41"
5000000,não simultaneo,constant,0,42,0.001076207,0,"","INOVAI-NB-8","CPU info","GCC 13.3.0","2025-10-06 15:41:41"
5000000,simultaneo,constant,0,42,0.001249319,0,"","INOVAI-NB-8","CPU info","GCC 13.3.0","2025-10-06 15:41:41"
5000000,não simultaneo,constant,1,43,0.001021888,0,"","INOVAI-NB-8","CPU info","GCC 13.3.0","2025-10-06 15:41:41"
5000000,simultaneo,constant,1,43,0.001385455,0,"","INOVAI-NB-8","CPU info","GCC 13.3.0","2025-10-06 15:41:41"
5000000,não simultaneo,constant,2,44,0.001018844,0,"","INOVAI-NB-8","CPU info","GCC 13.3.0","2025-10-06 15:41:41"
5000000,simultaneo,constant,2,44,0.001292030,0,"","INOVAI-NB-8","CPU info","GCC 13.3.0","2025-10-06 15:41:41"
5000000,não simultaneo,constant,3,45,0.000942880,0,"","INOVAI-NB-8","CPU info","GCC 13.3.0","2025-10-06 15:41:41"
5000000,simultaneo,constant,3,45,0.001282278,0,"","INOVAI-NB-8","CPU info","GCC 13.3.0","2025-10-06 15:41:41"
5000000,não simultaneo,constant,4,46,0.000974888,0,"","INOVAI-NB-8","CPU info","GCC 13.3.0","2025-10-06 15:41:41"
5000000,simultaneo,constant,4,46,0.001290696,0,"","INOVAI-NB-8","CPU info","GCC 13.3.0","2025-10-06 15:41:41"
6000000,não simultaneo,constant,0,42,0.001380802,0,"","INOVAI-NB-8","CPU info","GCC 13.3.0","2025-10-06 15:41:41"
6000000,simultaneo,constant,0,42,0.001754809,0,"","INOVAI-NB-8","CPU info","GCC 13.3.0","2025-10-06 15:41:41"
6000000,não simultaneo,constant,1,43,0.001381232,0,"","INOVAI-NB-8","CPU info","GCC 13.3.0","2025-10-06 15:41:41"
6000000,simultaneo,constant,1,43,0.001701890,0,"","INOVAI-NB-8","CPU info","GCC 13.3.0","2025-10-06 15:41:41"
6000000,não simultaneo,constant,2,44,0.001323173,0,"","INOVAI-NB-8","CPU info","GCC 13.3.0","2025-10-06 15:41:41"
6000000,simultaneo,constant,2,44,0.001682615,0,"","INOVAI-NB-8","CPU info","GCC 13.3.0","2025-10-06 15:41:41"
6000000,não simultaneo,constant,3,45,0.001362712,0,"","INOVAI-NB-8","CPU info","GCC 13.3.0","2025-10-06 15:41:41"
6000000,simultaneo,constant,3,45,0.001808430,0,"","INOVAI-NB-8","CPU info","GCC 13.3.0","2025-10-06 15:41:41"
6000000,não simultaneo,constant,4,46,0.001532785,0,"","INOVAI-NB-8","CPU info","GCC 13.3.0","2025-10-06 15:41:41"
6000000,simultaneo,constant,4,46,0.001767031,0,"","INOVAI-NB-8","CPU info","GCC 13.3.0","2025-10-06 15:41:41"
7000000,não simultaneo,constant,0,42,0.001801499,0,"","INOVAI-NB-8","CPU info","GCC 13.3.0","2025-10-06 15:41:41"
7000000,simultaneo,constant,0,42,0.002085681,0,"","INOVAI-NB-8","CPU info","GCC 13.3.0","2025-10-06 15:41:41"
7000000,não simultaneo,constant,1,43,0.001855452,0,"","INOVAI-NB-8","CPU info","GCC 13.3.0","2025-10-06 15:41:41"
7000000,simultaneo,constant,1,43,0.002115487,0,"","INOVAI-NB-8","CPU info","GCC 13.3.0","2025-10-06 15:41:41"
7000000,não simultaneo,constant,2,44,0.001821628,0,"","INOVAI-NB-8","CPU info","GCC 13.3.0","2025-10-06 15:41:41"
7000000,simultaneo,constant,2,44,0.002162651,0,"","INOVAI-NB-8","CPU info","GCC 13.3.0","2025-10-06 15:41:41"
7000000,não simultaneo,constant,3,45,0.001850495,0,"","INOVAI-NB-8","CPU info","GCC 13.3.0","2025-10-06 15:41:41"
7000000,simultaneo,constant,3,45,0.002196773,0,"","INOVAI-NB-8","CPU info","GCC 13.3.0","2025-10-06 15:41:41"
7000000,não simultaneo,constant,4,46,0.001852691,0,"","INOVAI-NB-8","CPU info","GCC 13.3.0","2025-10-06 15:41:41"
7000000,simultaneo,constant,4,46,0.002420507,0,"","INOVAI-NB-8","CPU info","GCC 13.3.0","2025-10-06 15:41:41"
8000000,não simultaneo,constant,0,42,0.002458014,0,"","INOVAI-NB-8","CPU info","GCC 13.3.0","2025-10-06 15:41:41"
8000000,simultaneo,constant,0,42,0.002883703,0,"","INOVAI-NB-8","CPU info","GCC 13.3.0","2025-10-06 15:41:41"
8000000,não simultaneo,constant,1,43,0.002274528,0,"","INOVAI-NB-8","CPU info","GCC 13.3.0","2025-10-06 15:41:41"
8000000,simultaneo,constant,1,43,0.002474038,0,"","INOVAI-NB-8","CPU info","GCC 13.3.0","2025-10-06 15:41:41"
8000000,não simultaneo,constant,2,44,0.002152089,0,"","INOVAI-NB-8","CPU info","GCC 13.3.0","2025-10-06 15:41:41"
8000000,simultaneo,constant,2,44,0.002562631,0,"","INOVAI-NB-8","CPU info","GCC 13.3.0","2025-10-06 15:41:41"
8000000,não simultaneo,constant,3,45,0.002172969,0,"","INOVAI-NB-8","CPU info","GCC 13.3.0","2025-10-06 15:41:41"
8000000,simultaneo,constant,3,45,0.002698831,0,"","INOVAI-NB-8","CPU info","GCC 13.3.0","2025-10-06 15:41:41"
8000000,não simultaneo,constant,4,46,0.002933909,0,"","INOVAI-NB-8","CPU info","GCC 13.3.0","2025-10-06 15:41:41"
8000000,simultaneo,constant,4,46,0.002822888,0,"","INOVAI-NB-8","CPU info","GCC 13.3.0","2025-10-06 15:41:41"
9000000,não simultaneo,constant,0,42,0.004396433,0,"","INOVAI-NB-8","CPU info","GCC 13.3.0","2025-10-06 15:41:41"
9000000,simultaneo,constant,0,42,0.003504256,0,"","INOVAI-NB-8","CPU info","GCC 13.3.0","2025-10-06 15:41:41"
9000000,não simultaneo,constant,1,43,0.003575509,0,"","INOVAI-NB-8","CPU info","GCC 13.3.0","2025-10-06 15:41:41"
9000000,simultaneo,constant,1,43,0.003611709,0,"","INOVAI-NB-8","CPU info","GCC 13.3.0","2025-10-06 15:41:41"
9000000,não simultaneo,constant,2,44,0.003216054,0,"","INOVAI-NB-8","CPU info","GCC 13.3.0","2025-10-06 15:41:41"
9000000,simultaneo,constant,2,44,0.003326487,0,"","INOVAI-NB-8","CPU info","GCC 13.3.0","2025-10-06 15:41:41"
9000000,não simultaneo,constant,3,45,0.003447628,0,"","INOVAI-NB-8","CPU info","GCC 13.3.0","2025-10-06 15:41:41"
9000000,simultaneo,constant,3,45,0.003594660,0,"","INOVAI-NB-8","CPU info","GCC 13.3.0","2025-10-06 15:41:41"
9000000,não simultaneo,constant,4,46,0.003926801,0,"","INOVAI-NB-8","CPU info","GCC 13.3.0","2025-10-06 15:41:41"
9000000,simultaneo,constant,4,46,0.003271252,0,"","INOVAI-NB-8","CPU info","GCC 13.3.0","2025-10-06 15:41:41"
10000000,não simultaneo,constant,0,42,0.003746273,0,"","INOVAI-NB-8","CPU info","GCC 13.3.0","2025-10-06 15:41:41"
10000000,simultaneo,constant,0,42,0.003463791,0,"","INOVAI-NB-8","CPU info","GCC 13.3.0","2025-10-06 15:41:41"
10000000,não simultaneo,constant,1,43,0.003280934,0,"","INOVAI-NB-8","CPU info","GCC 13.3.0","2025-10-06 15:41:41"
10000000,simultaneo,constant,1,43,0.003533993,0,"","INOVAI-NB-8","CPU info","GCC 13.3.0","2025-10-06 15:41:41"
10000000,não simultaneo,constant,2,44,0.003185452,0,"","INOVAI-NB-8","CPU info","GCC 13.3.0","2025-10-06 15:41:41"
10000000,simultaneo,constant,2,44,0.003429580,0,"","INOVAI-NB-8","CPU info","GCC 13.3.0","2025-10-06 15:41:41"
10000000,não simultaneo,constant,3,45,0.003242003,0,"","INOVAI-NB-8","CPU info","GCC 13.3.0","2025-10-06 15:41:41"
10000000,simultaneo,constant,3,45,0.003410609,0,"","INOVAI-NB-8","CPU info","GCC 13.3.0","2025-10-06 15:41:41"
10000000,não simultaneo,constant,4,46,0.003671207,0,"","INOVAI-NB-8","CPU info","GCC 13.3.0","2025-10-06 15:41:41"
10000000,simultaneo,constant,4,46,0.003659953,0,"","INOVAI-NB-8","CPU info","GCC 13.3.0","2025-10-06 15:41:41"
11000000,não simultaneo,constant,0,42,0.004028242,0,"","INOVAI-NB-8","CPU info","GCC 13.3.0","2025-10-06 15:41:41"
11000000,simultaneo,constant,0,42,0.003898321,0,"","INOVAI-NB-8","CPU info","GCC 13.3.0","2025-10-06 15:41:41"
11000000,não simultaneo,constant,1,43,0.004026210,0,"","INOVAI-NB-8","CPU info","GCC 13.3.0","2025-10-06 15:41:41"
11000000,simultaneo,constant,1,43,0.003943345,0,"","INOVAI-NB-8","CPU info","GCC 13.3.0","2025-10-06 15:41:41"
11000000,não simultaneo,constant,2,44,0.003978072,0,"","INOVAI-NB-8","CPU info","GCC 13.3.0","2025-10-06 15:41:41"
11000000,simultaneo,constant,2,44,0.003989835,0,"","INOVAI-NB-8","CPU info","GCC 13.3.0","2025-10-06 15:41:41"
11000000,não simultaneo,constant,3,45,0.003879038,0,"","INOVAI-NB-8","CPU info","GCC 13.3.0","2025-10-06 15:41:41"
11000000,simultaneo,constant,3,45,0.003848875,0,"","INOVAI-NB-8","CPU info","GCC 13.3.0","2025-10-06 15:41:41"
11000000,não simultaneo,constant,4,46,0.003749093,0,"","INOVAI-NB-8","CPU info","GCC 13.3.0","2025-10-06 15:41:41"
11000000,simultaneo,constant,4,46,0.003866777,0,"","INOVAI-NB-8","CPU info","GCC 13.3.0","2025-10-06 15:41:41"
12000000,não simultaneo,constant,0,42,0.004085860,0,"","INOVAI-NB-8","CPU info","GCC 13.3.0","2025-10-06 15:41:41"
12000000,simultaneo,constant,0,42,0.004222846,0,"","INOVAI-NB-8","CPU info","GCC 13.3.0","2025-10-06 15:41:41"
12000000,não simultaneo,constant,1,43,0.004927852,0,"","INOVAI-NB-8","CPU info","GCC 13.3.0","2025-10-06 15:41:41"
12000000,simultaneo,constant,1,43,0.005293162,0,"","INOVAI-NB-8","CPU info","GCC 13.3.0","2025-10-06 15:41:41"
12000000,não simultaneo,constant,2,44,0.004732158,0,"","INOVAI-NB-8","CPU info","GCC 13.3.0","2025-10-06 15:41:41"
12000000,simultaneo,constant,2,44,0.004563681,0,"","INOVAI-NB-8","CPU info","GCC 13.3.0","2025-10-06 15:41:41"
12000000,não simultaneo,constant,3,45,0.004289267,0,"","INOVAI-NB-8","CPU info","GCC 13.3.0","2025-10-06 15:41:41"
12000000,simultaneo,constant,3,45,0.004327973,0,"","INOVAI-NB-8","CPU info","GCC 13.3.0","2025-10-06 15:41:41"
12000000,não simultaneo,constant,4,46,0.004072077,0,"","INOVAI-NB-8","CPU info","GCC 13.3.0","2025-10-06 15:41:41"
12000000,simultaneo,constant,4,46,0.004290344,0,"","INOVAI-NB-8","CPU info","GCC 13.3.0","2025-10-06 15:41:41"
13000000,não simultaneo,constant,0,42,0.004340228,0,"","INOVAI-NB-8","CPU info","GCC 13.3.0","2025-10-06 15:41:41"
13000000,simultaneo,constant,0,42,0.004526150,0,"","INOVAI-NB-8","CPU info","GCC 13.3.0","2025-10-06 15:41:41"
13000000,não simultaneo,constant,1,43,0.004406592,0,"","INOVAI-NB-8","CPU info","GCC 13.3.0","2025-10-06 15:41:41"
13000000,simultaneo,constant,1,43,0.004762140,0,"","INOVAI-NB-8","CPU info","GCC 13.3.0","2025-10-06 15:41:41"
13000000,não simultaneo,constant,2,44,0.004427843,0,"","INOVAI-NB-8","CPU info","GCC 13.3.0","2025-10-06 15:41:41"
13000000,simultaneo,constant,2,44,0.004641472,0,"","INOVAI-NB-8","CPU info","GCC 13.3.0","2025-10-06 15:41:41"
13000000,não simultaneo,constant,3,45,0.004380544,0,"","INOVAI-NB-8","CPU info","GCC 13.3.0","2025-10-06 15:41:41"
13000000,simultaneo,constant,3,45,0.004583417,0,"","INOVAI-NB-8","CPU info","GCC 13.3.0","2025-10-06 15:41:41"
13000000,não simultaneo,constant,4,46,0.004372619,0,"","INOVAI-NB-8","CPU info","GCC 13.3.0","2025-10-06 15:41:41"
13000000,simultaneo,constant,4,46,0.004605959,0,"","INOVAI-NB-8","CPU info","GCC 13.3.0","2025-10-06 15:41:41"
14000000,não simultaneo,constant,0,42,0.004753085,0,"","INOVAI-NB-8","CPU info","GCC 13.3.0","2025-10-06 15:41:41"
14000000,simultaneo,constant,0,42,0.005189473,0,"","INOVAI-NB-8","CPU info","GCC 13.3.0","2025-10-06 15:41:41"
14000000,não simultaneo,constant,1,43,0.004946932,0,"","INOVAI-NB-8","CPU info","GCC 13.3.0","2025-10-06 15:41:41"
14000000,simultaneo,constant,1,43,0.004998734,0,"","INOVAI-NB-8","CPU info","GCC 13.3.0","2025-10-06 15:41:41"
14000000,não simultaneo,constant,2,44,0.004793146,0,"","INOVAI-NB-8","CPU info","GCC 13.3.0","2025-10-06 15:41:41"
14000000,simultaneo,constant,2,44,0.004866881,0,"","INOVAI-NB-8","CPU info","GCC 13.3.0","2025-10-06 15:41:41"
14000000,não simultaneo,constant,3,45,0.004646931,0,"","INOVAI-NB-8","CPU info","GCC 13.3.0","2025-10-06 15:41:41"
14000000,simultaneo,constant,3,45,0.004989629,0,"","INOVAI-NB-8","CPU info","GCC 13.3.0","2025-10-06 15:41:41"
14000000,não simultaneo,constant,4,46,0.004832692,0,"","INOVAI-NB-8","CPU info","GCC 13.3.0","2025-10-06 15:41:41"
14000000,simultaneo,constant,4,46,0.004935897,0,"","INOVAI-NB-8","CPU info","GCC 13.3.0","2025-10-06 15:41:41"
15000000,não simultaneo,constant,0,42,0.005131020,0,"","INOVAI-NB-8","CPU info","GCC 13.3.0","2025-10-06 15:41:41"
15000000,simultaneo,constant,0,42,0.006040248,0,"","INOVAI-NB-8","CPU info","GCC 13.3.0","2025-10-06 15:41:41"
15000000,não simultaneo,constant,1,43,0.005163761,0,"","INOVAI-NB-8","CPU info","GCC 13.3.0","2025-10-06 15:41:41"
15000000,simultaneo,constant,1,43,0.007000339,0,"","INOVAI-NB-8","CPU info","GCC 13.3.0","2025-10-06 15:41:41"
15000000,não simultaneo,constant,2,44,0.005063647,0,"","INOVAI-NB-8","CPU info","GCC 13.3.0","2025-10-06 15:41:41"
15000000,simultaneo,constant,2,44,0.005424055,0,"","INOVAI-NB-8","CPU info","GCC 13.3.0","2025-10-06 15:41:41"
15000000,não simultaneo,constant,3,45,0.005054539,0,"","INOVAI-NB-8","CPU info","GCC 13.3.0","2025-10-06 15:41:41"
15000000,simultaneo,constant,3,45,0.014269430,0,"","INOVAI-NB-8","CPU info","GCC 13.3.0","2025-10-06 15:41:41"
15000000,não simultaneo,constant,4,46,0.005044131,0,"","INOVAI-NB-8","CPU info","GCC 13.3.0","2025-10-06 15:41:41"
15000000,simultaneo,constant,4,46,0.005289958,0,"","INOVAI-NB-8","CPU info","GCC 13.3.0","2025-10-06 15:41:41"
16000000,não simultaneo,constant,0,42,0.005348067,0,"","INOVAI-NB-8","CPU info","GCC 13.3.0","2025-10-06 15:41:41"
16000000,simultaneo,constant,0,42,0.005589110,0,"","INOVAI-NB-8","CPU info","GCC 13.3.0","2025-10-06 15:41:41"
16000000,não simultaneo,constant,1,43,0.005335014,0,"","INOVAI-NB-8","CPU info","GCC 13.3.0","2025-10-06 15:41:41"
16000000,simultaneo,constant,1,43,0.005640765,0,"","INOVAI-NB-8","CPU info","GCC 13.3.0","2025-10-06 15:41:41"
16000000,não simultaneo,constant,2,44,0.005217295,0,"","INOVAI-NB-8","CPU info","GCC 13.3.0","2025-10-06 15:41:41"
16000000,simultaneo,constant,2,44,0.006606985,0,"","INOVAI-NB-8","CPU info","GCC 13.3.0","2025-10-06 15:41:41"
16000000,não simultaneo,constant,3,45,0.005614107,0,"","INOVAI-NB-8","CPU info","GCC 13.3.0","2025-10-06 15:41:41"
16000000,simultaneo,constant,3,45,0.005596361,0,"","INOVAI-NB-8","CPU info","GCC 13.3.0","2025-10-06 15:41:41"
16000000,não simultaneo,constant,4,46,0.005663773,0,"","INOVAI-NB-8","CPU info","GCC 13.3.0","2025-10-06 15:41:41"
16000000,simultaneo,constant,4,46,0.005571588,0,"","INOVAI-NB-8","CPU info","GCC 13.3.0","2025-10-06 15:41:41"
17000000,não simultaneo,constant,0,42,0.005755712,0,"","INOVAI-NB-8","CPU info","GCC 13.3.0","2025-10-06 15:41:41"
17000000,simultaneo,constant,0,42,0.005824103,0,"","INOVAI-NB-8","CPU info","GCC 13.3.0","2025-10-06 15:41:41"
17000000,não simultaneo,constant,1,43,0.005768385,0,"","INOVAI-NB-8","CPU info","GCC 13.3.0","2025-10-06 15:41:41"
17000000,simultaneo,constant,1,43,0.005787736,0,"","INOVAI-NB-8","CPU info","GCC 13.3.0","2025-10-06 15:41:41"
17000000,não simultaneo,constant,2,44,0.005711264,0,"","INOVAI-NB-8","CPU info","GCC 13.3.0","2025-10-06 15:41:41"
17000000,simultaneo,constant,2,44,0.005845055,0,"","INOVAI-NB-8","CPU info","GCC 13.3.0","2025-10-06 15:41:41"
17000000,não simultaneo,constant,3,45,0.005699897,0,"","INOVAI-NB-8","CPU info","GCC 13.3.0","2025-10-06 15:41:41"
17000000,simultaneo,constant,3,45,0.005832838,0,"","INOVAI-NB-8","CPU info","GCC 13.3.0","2025-10-06 15:41:41"
17000000,não simultaneo,constant,4,46,0.005695328,0,"","INOVAI-NB-8","CPU info","GCC 13.3.0","2025-10-06 15:41:41"
17000000,simultaneo,constant,4,46,0.005916189,0,"","INOVAI-NB-8","CPU info","GCC 13.3.0","2025-10-06 15:41:41"
18000000,não simultaneo,constant,0,42,0.006202643,0,"","INOVAI-NB-8","CPU info","GCC 13.3.0","2025-10-06 15:41:41"
18000000,simultaneo,constant,0,42,0.006238333,0,"","INOVAI-NB-8","CPU info","GCC 13.3.0","2025-10-06 15:41:41"
18000000,não simultaneo,constant,1,43,0.005948866,0,"","INOVAI-NB-8","CPU info","GCC 13.3.0","2025-10-06 15:41:41"
18000000,simultaneo,constant,1,43,0.006216327,0,"","INOVAI-NB-8","CPU info","GCC 13.3.0","2025-10-06 15:41:41"
18000000,não simultaneo,constant,2,44,0.006015572,0,"","INOVAI-NB-8","CPU info","GCC 13.3.0","2025-10-06 15:41:41"
18000000,simultaneo,constant,2,44,0.006238643,0,"","INOVAI-NB-8","CPU info","GCC 13.3.0","2025-10-06 15:41:41"
18000000,não simultaneo,constant,3,45,0.006669781,0,"","INOVAI-NB-8","CPU info","GCC 13.3.0","2025-10-06 15:41:41"
18000000,simultaneo,constant,3,45,0.006666282,0,"","INOVAI-NB-8","CPU info","GCC 13.3.0","2025-10-06 15:41:41"
18000000,não simultaneo,constant,4,46,0.006398957,0,"","INOVAI-NB-8","CPU info","GCC 13.3.0","2025-10-06 15:41:41"
18000000,simultaneo,constant,4,46,0.006360061,0,"","INOVAI-NB-8","CPU info","GCC 13.3.0","2025-10-06 15:41:41"
19000000,não simultaneo,constant,0,42,0.006469386,0,"","INOVAI-NB-8","CPU info","GCC 13.3.0","2025-10-06 15:41:41"
19000000,simultaneo,constant,0,42,0.006389820,0,"","INOVAI-NB-8","CPU info","GCC 13.3.0","2025-10-06 15:41:41"
19000000,não simultaneo,constant,1,43,0.006525908,0,"","INOVAI-NB-8","CPU info","GCC 13.3.0","2025-10-06 15:41:41"
19000000,simultaneo,constant,1,43,0.006536296,0,"","INOVAI-NB-8","CPU info","GCC 13.3.0","2025-10-06 15:41:41"
19000000,não simultaneo,constant,2,44,0.006482427,0,"","INOVAI-NB-8","CPU info","GCC 13.3.0","2025-10-06 15:41:41"
19000000,simultaneo,constant,2,44,0.006547425,0,"","INOVAI-NB-8","CPU info","GCC 13.3.0","2025-10-06 15:41:41"
19000000,não simultaneo,constant,3,45,0.006454166,0,"","INOVAI-NB-8","CPU info","GCC 13.3.0","2025-10-06 15:41:41"
19000000,simultaneo,constant,3,45,0.006399455,0,"","INOVAI-NB-8","CPU info","GCC 13.3.0","2025-10-06 15:41:41"
19000000,não simultaneo,constant,4,46,0.006392757,0,"","INOVAI-NB-8","CPU info","GCC 13.3.0","2025-10-06 15:41:41"
19000000,simultaneo,constant,4,46,0.007109241,0,"","INOVAI-NB-8","CPU info","GCC 13.3.0","2025-10-06 15:41:41"
20000000,não simultaneo,constant,0,42,0.006752330,0,"","INOVAI-NB-8","CPU info","GCC 13.3.0","2025-10-06 15:41:41"
20000000,simultaneo,constant,0,42,0.006921085,0,"","INOVAI-NB-8","CPU info","GCC 13.3.0","2025-10-06 15:41:41"
20000000,não simultaneo,constant,1,43,0.007057520,0,"","INOVAI-NB-8","CPU info","GCC 13.3.0","2025-10-06 15:41:41"
20000000,simultaneo,constant,1,43,0.007701464,0,"","INOVAI-NB-8","CPU info","GCC 13.3.0","2025-10-06 15:41:41"
20000000,não simultaneo,constant,2,44,0.006716992,0,"","INOVAI-NB-8","CPU info","GCC 13.3.0","2025-10-06 15:41:41"
20000000,simultaneo,constant,2,44,0.007043226,0,"","INOVAI-NB-8","CPU info","GCC 13.3.0","2025-10-06 15:41:41"
20000000,não simultaneo,constant,3,45,0.007009756,0,"","INOVAI-NB-8","CPU info","GCC 13.3.0","2025-10-06 15:41:41"
20000000,simultaneo,constant,3,45,0.007077845,0,"","INOVAI-NB-8","CPU info","GCC 13.3.0","2025-10-06 15:41:41"
20000000,não simultaneo,constant,4,46,0.006824543,0,"","INOVAI-NB-8","CPU info","GCC 13.3.0","2025-10-06 15:41:41"
20000000,simultaneo,constant,4,46,0.006969813,0,"","INOVAI-NB-8","CPU info","GCC 13.3.0","2025-10-06 15:41:41"
21000000,não simultaneo,constant,0,42,0.007352218,0,"","INOVAI-NB-8","CPU info","GCC 13.3.0","2025-10-06 15:41:41"
21000000,simultaneo,constant,0,42,0.007340076,0,"","INOVAI-NB-8","CPU info","GCC 13.3.0","2025-10-06 15:41:41"
21000000,não simultaneo,constant,1,43,0.007108144,0,"","INOVAI-NB-8","CPU info","GCC 13.3.0","2025-10-06 15:41:41"
21000000,simultaneo,constant,1,43,0.007320289,0,"","INOVAI-NB-8","CPU info","GCC 13.3.0","2025-10-06 15:41:41"
21000000,não simultaneo,constant,2,44,0.007205234,0,"","INOVAI-NB-8","CPU info","GCC 13.3.0","2025-10-06 15:41:41"
21000000,simultaneo,constant,2,44,0.007340376,0,"","INOVAI-NB-8","CPU info","GCC 13.3.0","2025-10-06 15:41:41"
21000000,não simultaneo,constant,3,45,0.007360640,0,"","INOVAI-NB-8","CPU info","GCC 13.3.0","2025-10-06 15:41:41"
21000000,simultaneo,constant,3,45,0.007326010,0,"","INOVAI-NB-8","CPU info","GCC 13.3.0","2025-10-06 15:41:41"
21000000,não simultaneo,constant,4,46,0.007369574,0,"","INOVAI-NB-8","CPU info","GCC 13.3.0","2025-10-06 15:41:41"
21000000,simultaneo,constant,4,46,0.007213115,0,"","INOVAI-NB-8","CPU info","GCC 13.3.0","2025-10-06 15:41:41"
22000000,não simultaneo,constant,0,42,0.007572618,0,"","INOVAI-NB-8","CPU info","GCC 13.3.0","2025-10-06 15:41:41"
22000000,simultaneo,constant,0,42,0.007507150,0,"","INOVAI-NB-8","CPU info","GCC 13.3.0","2025-10-06 15:41:41"
22000000,não simultaneo,constant,1,43,0.007574765,0,"","INOVAI-NB-8","CPU info","GCC 13.3.0","2025-10-06 15:41:41"
22000000,simultaneo,constant,1,43,0.007847828,0,"","INOVAI-NB-8","CPU info","GCC 13.3.0","2025-10-06 15:41:41"
22000000,não simultaneo,constant,2,44,0.007536330,0,"","INOVAI-NB-8","CPU info","GCC 13.3.0","2025-10-06 15:41:41"
22000000,simultaneo,constant,2,44,0.007572406,0,"","INOVAI-NB-8","CPU info","GCC 13.3.0","2025-10-06 15:41:41"
22000000,não simultaneo,constant,3,45,0.007680112,0,"","INOVAI-NB-8","CPU info","GCC 13.3.0","2025-10-06 15:41:41"
22000000,simultaneo,constant,3,45,0.007634173,0,"","INOVAI-NB-8","CPU info","GCC 13.3.0","2025-10-06 15:41:41"
22000000,não simultaneo,constant,4,46,0.007726436,0,"","INOVAI-NB-8","CPU info","GCC 13.3.0","2025-10-06 15:41:41"
22000000,simultaneo,constant,4,46,0.007586837,0,"","INOVAI-NB-8","CPU info","GCC 13.3.0","2025-10-06 15:41:41"
23000000,não simultaneo,constant,0,42,0.007874315,0,"","INOVAI-NB-8","CPU info","GCC 13.3.0","2025-10-06 15:41:41"
23000000,simultaneo,constant,0,42,0.008051599,0,"","INOVAI-NB-8","CPU info","GCC 13.3.0","2025-10-06 15:41:41"
23000000,não simultaneo,constant,1,43,0.010317545,0,"","INOVAI-NB-8","CPU info","GCC 13.3.0","2025-10-06 15:41:41"
23000000,simultaneo,constant,1,43,0.007912646,0,"","INOVAI-NB-8","CPU info","GCC 13.3.0","2025-10-06 15:41:41"
23000000,não simultaneo,constant,2,44,0.008230346,0,"","INOVAI-NB-8","CPU info","GCC 13.3.0","2025-10-06 15:41:41"
23000000,simultaneo,constant,2,44,0.008007717,0,"","INOVAI-NB-8","CPU info","GCC 13.3.0","2025-10-06 15:41:41"
23000000,não simultaneo,constant,3,45,0.008189486,0,"","INOVAI-NB-8","CPU info","GCC 13.3.0","2025-10-06 15:41:41"
23000000,simultaneo,constant,3,45,0.008257886,0,"","INOVAI-NB-8","CPU info","GCC 13.3.0","2025-10-06 15:41:41"
23000000,não simultaneo,constant,4,46,0.008681404,0,"","INOVAI-NB-8","CPU info","GCC 13.3.0","2025-10-06 15:41:41"
23000000,simultaneo,constant,4,46,0.008258456,0,"","INOVAI-NB-8","CPU info","GCC 13.3.0","2025-10-06 15:41:41"
24000000,não simultaneo,constant,0,42,0.008401552,0,"","INOVAI-NB-8","CPU info","GCC 13.3.0","2025-10-06 15:41:41"
24000000,simultaneo,constant,0,42,0.008384486,0,"","INOVAI-NB-8","CPU info","GCC 13.3.0","2025-10-06 15:41:41"
24000000,não simultaneo,constant,1,43,0.008437797,0,"","INOVAI-NB-8","CPU info","GCC 13.3.0","2025-10-06 15:41:41"
24000000,simultaneo,constant,1,43,0.008288738,0,"","INOVAI-NB-8","CPU info","GCC 13.3.0","2025-10-06 15:41:41"
24000000,não simultaneo,constant,2,44,0.007903207,0,"","INOVAI-NB-8","CPU info","GCC 13.3.0","2025-10-06 15:41:41"
24000000,simultaneo,constant,2,44,0.007885256,0,"","INOVAI-NB-8","CPU info","GCC 13.3.0","2025-10-06 15:41:41"
24000000,não simultaneo,constant,3,45,0.007982165,0,"","INOVAI-NB-8","CPU info","GCC 13.3.0","2025-10-06 15:41:41"
24000000,simultaneo,constant,3,45,0.007937753,0,"","INOVAI-NB-8","CPU info","GCC 13.3.0","2025-10-06 15:41:41"
24000000,não simultaneo,constant,4,46,0.007934305,0,"","INOVAI-NB-8","CPU info","GCC 13.3.0","2025-10-06 15:41:41"
24000000,simultaneo,constant,4,46,0.007902149,0,"","INOVAI-NB-8","CPU info","GCC 13.3.0","2025-10-06 15:41:41"
25000000,não simultaneo,constant,0,42,0.009088401,0,"","INOVAI-NB-8","CPU info","GCC 13.3.0","2025-10-06 15:41:41"
25000000,simultaneo,constant,0,42,0.008799913,0,"","INOVAI-NB-8","CPU info","GCC 13.3.0","2025-10-06 15:41:41"
25000000,não simultaneo,constant,1,43,0.008275053,0,"","INOVAI-NB-8","CPU info","GCC 13.3.0","2025-10-06 15:41:41"
25000000,simultaneo,constant,1,43,0.008375660,0,"","INOVAI-NB-8","CPU info","GCC 13.3.0","2025-10-06 15:41:41"
25000000,não simultaneo,constant,2,44,0.008931226,0,"","INOVAI-NB-8","CPU info","GCC 13.3.0","2025-10-06 15:41:41"
25000000,simultaneo,constant,2,44,0.008155299,0,"","INOVAI-NB-8","CPU info","GCC 13.3.0","2025-10-06 15:41:41"
25000000,não simultaneo,constant,3,45,0.008227740,0,"","INOVAI-NB-8","CPU info","GCC 13.3.0","2025-10-06 15:41:41"
25000000,simultaneo,constant,3,45,0.008134365,0,"","INOVAI-NB-8","CPU info","GCC 13.3.0","2025-10-06 15:41:41"
25000000,não simultaneo,constant,4,46,0.008368323,0,"","INOVAI-NB-8","CPU info","GCC 13.3.0","2025-10-06 15:41:41"
25000000,simultaneo,constant,4,46,0.008235193,0,"","INOVAI-NB-8","CPU info","GCC 13.3.0","2025-10-06 15:41:41"
26000000,não simultaneo,constant,0,42,0.008652948,0,"","INOVAI-NB-8","CPU info","GCC 13.3.0","2025-10-06 15:41:41"
26000000,simultaneo,constant,0,42,0.008694307,0,"","INOVAI-NB-8","CPU info","GCC 13.3.0","2025-10-06 15:41:41"
26000000,não simultaneo,constant,1,43,0.008566795,0,"","INOVAI-NB-8","CPU info","GCC 13.3.0","2025-10-06 15:41:41"
26000000,simultaneo,constant,1,43,0.008604319,0,"","INOVAI-NB-8","CPU info","GCC 13.3.0","2025-10-06 15:41:41"
26000000,não simultaneo,constant,2,44,0.009568604,0,"","INOVAI-NB-8","CPU info","GCC 13.3.0","2025-10-06 15:41:41"
26000000,simultaneo,constant,2,44,0.008536952,0,"","INOVAI-NB-8","CPU info","GCC 13.3.0","2025-10-06 15:41:41"
26000000,não simultaneo,constant,3,45,0.008543251,0,"","INOVAI-NB-8","CPU info","GCC 13.3.0","2025-10-06 15:41:41"
26000000,simultaneo,constant,3,45,0.008422503,0,"","INOVAI-NB-8","CPU info","GCC 13.3.0","2025-10-06 15:41:41"
26000000,não simultaneo,constant,4,46,0.009153028,0,"","INOVAI-NB-8","CPU info","GCC 13.3.0","2025-10-06 15:41:41"
26000000,simultaneo,constant,4,46,0.008690625,0,"","INOVAI-NB-8","CPU info","GCC 13.3.0","2025-10-06 15:41:41"
27000000,não simultaneo,constant,0,42,0.008878654,0,"","INOVAI-NB-8","CPU info","GCC 13.3.0","2025-10-06 15:41:41"
27000000,simultaneo,constant,0,42,0.008792492,0,"","INOVAI-NB-8","CPU info","GCC 13.3.0","2025-10-06 15:41:41"
27000000,não simultaneo,constant,1,43,0.010801694,0,"","INOVAI-NB-8","CPU info","GCC 13.3.0","2025-10-06 15:41:41"
27000000,simultaneo,constant,1,43,0.009123142,0,"","INOVAI-NB-8","CPU info","GCC 13.3.0","2025-10-06 15:41:41"
27000000,não simultaneo,constant,2,44,0.009117759,0,"","INOVAI-NB-8","CPU info","GCC 13.3.0","2025-10-06 15:41:41"
27000000,simultaneo,constant,2,44,0.008797105,0,"","INOVAI-NB-8","CPU info","GCC 13.3.0","2025-10-06 15:41:41"
27000000,não simultaneo,constant,3,45,0.008948377,0,"","INOVAI-NB-8","CPU info","GCC 13.3.0","2025-10-06 15:41:41"
27000000,simultaneo,constant,3,45,0.008683890,0,"","INOVAI-NB-8","CPU info","GCC 13.3.0","2025-10-06 15:41:41"
27000000,não simultaneo,constant,4,46,0.009392334,0,"","INOVAI-NB-8","CPU info","GCC 13.3.0","2025-10-06 15:41:41"
27000000,simultaneo,constant,4,46,0.008881169,0,"","INOVAI-NB-8","CPU info","GCC 13.3.0","2025-10-06 15:41:41"
28000000,não simultaneo,constant,0,42,0.009254591,0,"","INOVAI-NB-8","CPU info","GCC 13.3.0","2025-10-06 15:41:41"
28000000,simultaneo,constant,0,42,0.009305895,0,"","INOVAI-NB-8","CPU info","GCC 13.3.0","2025-10-06 15:41:41"
28000000,não simultaneo,constant,1,43,0.009423861,0,"","INOVAI-NB-8","CPU info","GCC 13.3.0","2025-10-06 15:41:41"
28000000,simultaneo,constant,1,43,0.009328148,0,"","INOVAI-NB-8","CPU info","GCC 13.3.0","2025-10-06 15:41:41"
28000000,não simultaneo,constant,2,44,0.009308781,0,"","INOVAI-NB-8","CPU info","GCC 13.3.0","2025-10-06 15:41:41"
28000000,simultaneo,constant,2,44,0.009270454,0,"","INOVAI-NB-8","CPU info","GCC 13.3.0","2025-10-06 15:41:41"
28000000,não simultaneo,constant,3,45,0.009000846,0,"","INOVAI-NB-8","CPU info","GCC 13.3.0","2025-10-06 15:41:41"
28000000,simultaneo,constant,3,45,0.009032740,0,"","INOVAI-NB-8","CPU info","GCC 13.3.0","2025-10-06 15:41:41"
28000000,não simultaneo,constant,4,46,0.008915731,0,"","INOVAI-NB-8","CPU info","GCC 13.3.0","2025-10-06 15:41:41"
28000000,simultaneo,constant,4,46,0.009104162,0,"","INOVAI-NB-8","CPU info","GCC 13.3.0","2025-10-06 15:41:41"
29000000,não simultaneo,constant,0,42,0.009101544,0,"","INOVAI-NB-8","CPU info","GCC 13.3.0","2025-10-06 15:41:41"
29000000,simultaneo,constant,0,42,0.009280015,0,"","INOVAI-NB-8","CPU info","GCC 13.3.0","2025-10-06 15:41:41"
29000000,não simultaneo,constant,1,43,0.009295625,0,"","INOVAI-NB-8","CPU info","GCC 13.3.0","2025-10-06 15:41:41"
29000000,simultaneo,constant,1,43,0.009201263,0,"","INOVAI-NB-8","CPU info","GCC 13.3.0","2025-10-06 15:41:41"
29000000,não simultaneo,constant,2,44,0.009363637,0,"","INOVAI-NB-8","CPU info","GCC 13.3.0","2025-10-06 15:41:41"
29000000,simultaneo,constant,2,44,0.009264524,0,"","INOVAI-NB-8","CPU info","GCC 13.3.0","2025-10-06 15:41:41"
29000000,não simultaneo,constant,3,45,0.009139610,0,"","INOVAI-NB-8","CPU info","GCC 13.3.0","2025-10-06 15:41:41"
29000000,simultaneo,constant,3,45,0.009621345,0,"","INOVAI-NB-8","CPU info","GCC 13.3.0","2025-10-06 15:41:41"
29000000,não simultaneo,constant,4,46,0.009812292,0,"","INOVAI-NB-8","CPU info","GCC 13.3.0","2025-10-06 15:41:41"
29000000,simultaneo,constant,4,46,0.009605364,0,"","INOVAI-NB-8","CPU info","GCC 13.3.0","2025-10-06 15:41:41"
30000000,não simultaneo,constant,0,42,0.010082134,0,"","INOVAI-NB-8","CPU info","GCC 13.3.0","2025-10-06 15:41:41"
30000000,simultaneo,constant,0,42,0.010096181,0,"","INOVAI-NB-8","CPU info","GCC 13.3.0","2025-10-06 15:41:41"
30000000,não simultaneo,constant,1,43,0.009938298,0,"","INOVAI-NB-8","CPU info","GCC 13.3.0","2025-10-06 15:41:41"
30000000,simultaneo,constant,1,43,0.010022558,0,"","INOVAI-NB-8","CPU info","GCC 13.3.0","2025-10-06 15:41:41"
30000000,não simultaneo,constant,2,44,0.010174686,0,"","INOVAI-NB-8","CPU info","GCC 13.3.0","2025-10-06 15:41:41"
30000000,simultaneo,constant,2,44,0.009979585,0,"","INOVAI-NB-8","CPU info","GCC 13.3.0","2025-10-06 15:41:41"
30000000,não simultaneo,constant,3,45,0.010490453,0,"","INOVAI-NB-8","CPU info","GCC 13.3.0","2025-10-06 15:41:41"
30000000,simultaneo,constant,3,45,0.009617404,0,"","INOVAI-NB-8","CPU info","GCC 13.3.0","2025-10-06 15:41:41"
30000000,não simultaneo,constant,4,46,0.010070385,0,"","INOVAI-NB-8","CPU info","GCC 13.3.0","2025-10-06 15:41:41"
30000000,simultaneo,constant,4,46,0.009793467,0,"","INOVAI-NB-8","CPU info","GCC 13.3.0","2025-10-06 15:41:41"
31000000,não simultaneo,constant,0,42,0.010494517,0,"","INOVAI-NB-8","CPU info","GCC 13.3.0","2025-10-06 15:41:41"
31000000,simultaneo,constant,0,42,0.010213353,0,"","INOVAI-NB-8","CPU info","GCC 13.3.0","2025-10-06 15:41:41"
31000000,não simultaneo,constant,1,43,0.010290376,0,"","INOVAI-NB-8","CPU info","GCC 13.3.0","2025-10-06 15:41:41"
31000000,simultaneo,constant,1,43,0.010258925,0,"","INOVAI-NB-8","CPU info","GCC 13.3.0","2025-10-06 15:41:41"
31000000,não simultaneo,constant,2,44,0.010338634,0,"","INOVAI-NB-8","CPU info","GCC 13.3.0","2025-10-06 15:41:41"
31000000,simultaneo,constant,2,44,0.010147280,0,"","INOVAI-NB-8","CPU info","GCC 13.3.0","2025-10-06 15:41:41"
31000000,não simultaneo,constant,3,45,0.010487759,0,"","INOVAI-NB-8","CPU info","GCC 13.3.0","2025-10-06 15:41:41"
31000000,simultaneo,constant,3,45,0.010895911,0,"","INOVAI-NB-8","CPU info","GCC 13.3.0","2025-10-06 15:41:41"
31000000,não simultaneo,constant,4,46,0.010251341,0,"","INOVAI-NB-8","CPU info","GCC 13.3.0","2025-10-06 15:41:41"
31000000,simultaneo,constant,4,46,0.009930188,0,"","INOVAI-NB-8","CPU info","GCC 13.3.0","2025-10-06 15:41:41"
32000000,não simultaneo,constant,0,42,0.010466533,0,"","INOVAI-NB-8","CPU info","GCC 13.3.0","2025-10-06 15:41:41"
32000000,simultaneo,constant,0,42,0.011198514,0,"","INOVAI-NB-8","CPU info","GCC 13.3.0","2025-10-06 15:41:41"
32000000,não simultaneo,constant,1,43,0.010677303,0,"","INOVAI-NB-8","CPU info","GCC 13.3.0","2025-10-06 15:41:41"
32000000,simultaneo,constant,1,43,0.010189061,0,"","INOVAI-NB-8","CPU info","GCC 13.3.0","2025-10-06 15:41:41"
32000000,não simultaneo,constant,2,44,0.012252158,0,"","INOVAI-NB-8","CPU info","GCC 13.3.0","2025-10-06 15:41:41"
32000000,simultaneo,constant,2,44,0.010641519,0,"","INOVAI-NB-8","CPU info","GCC 13.3.0","2025-10-06 15:41:41"
32000000,não simultaneo,constant,3,45,0.011016594,0,"","INOVAI-NB-8","CPU info","GCC 13.3.0","2025-10-06 15:41:41"
32000000,simultaneo,constant,3,45,0.010548659,0,"","INOVAI-NB-8","CPU info","GCC 13.3.0","2025-10-06 15:41:41"
32000000,não simultaneo,constant,4,46,0.010748756,0,"","INOVAI-NB-8","CPU info","GCC 13.3.0","2025-10-06 15:41:41"
32000000,simultaneo,constant,4,46,0.010435520,0,"","INOVAI-NB-8","CPU info","GCC 13.3.0","2025-10-06 15:41:41"
33000000,não simultaneo,constant,0,42,0.010796331,0,"","INOVAI-NB-8","CPU info","GCC 13.3.0","2025-10-06 15:41:41"
33000000,simultaneo,constant,0,42,0.011175352,0,"","INOVAI-NB-8","CPU info","GCC 13.3.0","2025-10-06 15:41:41"
33000000,não simultaneo,constant,1,43,0.010578411,0,"","INOVAI-NB-8","CPU info","GCC 13.3.0","2025-10-06 15:41:41"
33000000,simultaneo,constant,1,43,0.010277734,0,"","INOVAI-NB-8","CPU info","GCC 13.3.0","2025-10-06 15:41:41"
33000000,não simultaneo,constant,2,44,0.010807902,0,"","INOVAI-NB-8","CPU info","GCC 13.3.0","2025-10-06 15:41:41"
33000000,simultaneo,constant,2,44,0.010288444,0,"","INOVAI-NB-8","CPU info","GCC 13.3.0","2025-10-06 15:41:41"
33000000,não simultaneo,constant,3,45,0.011403424,0,"","INOVAI-NB-8","CPU info","GCC 13.3.0","2025-10-06 15:41:41"
33000000,simultaneo,constant,3,45,0.011194596,0,"","INOVAI-NB-8","CPU info","GCC 13.3.0","2025-10-06 15:41:41"
33000000,não simultaneo,constant,4,46,0.010783881,0,"","INOVAI-NB-8","CPU info","GCC 13.3.0","2025-10-06 15:41:41"
33000000,simultaneo,constant,4,46,0.010313403,0,"","INOVAI-NB-8","CPU info","GCC 13.3.0","2025-10-06 15:41:41"
34000000,não simultaneo,constant,0,42,0.011125156,0,"","INOVAI-NB-8","CPU info","GCC 13.3.0","2025-10-06 15:41:41"
34000000,simultaneo,constant,0,42,0.010519516,0,"","INOVAI-NB-8","CPU info","GCC 13.3.0","2025-10-06 15:41:41"
34000000,não simultaneo,constant,1,43,0.010929503,0,"","INOVAI-NB-8","CPU info","GCC 13.3.0","2025-10-06 15:41:41"
34000000,simultaneo,constant,1,43,0.010855901,0,"","INOVAI-NB-8","CPU info","GCC 13.3.0","2025-10-06 15:41:41"
34000000,não simultaneo,constant,2,44,0.011914075,0,"","INOVAI-NB-8","CPU info","GCC 13.3.0","2025-10-06 15:41:41"
34000000,simultaneo,constant,2,44,0.011507502,0,"","INOVAI-NB-8","CPU info","GCC 13.3.0","2025-10-06 15:41:41"
34000000,não simultaneo,constant,3,45,0.011242433,0,"","INOVAI-NB-8","CPU info","GCC 13.3.0","2025-10-06 15:41:41"
34000000,simultaneo,constant,3,45,0.010794323,0,"","INOVAI-NB-8","CPU info","GCC 13.3.0","2025-10-06 15:41:41"
34000000,não simultaneo,constant,4,46,0.011149532,0,"","INOVAI-NB-8","CPU info","GCC 13.3.0","2025-10-06 15:41:41"
34000000,simultaneo,constant,4,46,0.010738924,0,"","INOVAI-NB-8","CPU info","GCC 13.3.0","2025-10-06 15:41:41"
35000000,não simultaneo,constant,0,42,0.011223710,0,"","INOVAI-NB-8","CPU info","GCC 13.3.0","2025-10-06 15:41:41"
35000000,simultaneo,constant,0,42,0.010860473,0,"","INOVAI-NB-8","CPU info","GCC 13.3.0","2025-10-06 15:41:41"
35000000,não simultaneo,constant,1,43,0.011214836,0,"","INOVAI-NB-8","CPU info","GCC 13.3.0","2025-10-06 15:41:41"
35000000,simultaneo,constant,1,43,0.012166422,0,"","INOVAI-NB-8","CPU info","GCC 13.3.0","2025-10-06 15:41:41"
35000000,não simultaneo,constant,2,44,0.011738903,0,"","INOVAI-NB-8","CPU info","GCC 13.3.0","2025-10-06 15:41:41"
35000000,simultaneo,constant,2,44,0.011128512,0,"","INOVAI-NB-8","CPU info","GCC 13.3.0","2025-10-06 15:41:41"
35000000,não simultaneo,constant,3,45,0.011432285,0,"","INOVAI-NB-8","CPU info","GCC 13.3.0","2025-10-06 15:41:41"
35000000,simultaneo,constant,3,45,0.010927929,0,"","INOVAI-NB-8","CPU info","GCC 13.3.0","2025-10-06 15:41:41"
35000000,não simultaneo,constant,4,46,0.011504914,0,"","INOVAI-NB-8","CPU info","GCC 13.3.0","2025-10-06 15:41:41"
35000000,simultaneo,constant,4,46,0.010895625,0,"","INOVAI-NB-8","CPU info","GCC 13.3.0","2025-10-06 15:41:41"
36000000,não simultaneo,constant,0,42,0.011633942,0,"","INOVAI-NB-8","CPU info","GCC 13.3.0","2025-10-06 15:41:41"
36000000,simultaneo,constant,0,42,0.011365281,0,"","INOVAI-NB-8","CPU info","GCC 13.3.0","2025-10-06 15:41:41"
36000000,não simultaneo,constant,1,43,0.011445261,0,"","INOVAI-NB-8","CPU info","GCC 13.3.0","2025-10-06 15:41:41"
36000000,simultaneo,constant,1,43,0.011226212,0,"","INOVAI-NB-8","CPU info","GCC 13.3.0","2025-10-06 15:41:41"
36000000,não simultaneo,constant,2,44,0.011537186,0,"","INOVAI-NB-8","CPU info","GCC 13.3.0","2025-10-06 15:41:41"
36000000,simultaneo,constant,2,44,0.011444183,0,"","INOVAI-NB-8","CPU info","GCC 13.3.0","2025-10-06 15:41:41"
36000000,não simultaneo,constant,3,45,0.011908265,0,"","INOVAI-NB-8","CPU info","GCC 13.3.0","2025-10-06 15:41:41"
36000000,simultaneo,constant,3,45,0.011340161,0,"","INOVAI-NB-8","CPU info","GCC 13.3.0","2025-10-06 15:41:41"
36000000,não simultaneo,constant,4,46,0.011554228,0,"","INOVAI-NB-8","CPU info","GCC 13.3.0","2025-10-06 15:41:41"
36000000,simultaneo,constant,4,46,0.011797087,0,"","INOVAI-NB-8","CPU info","GCC 13.3.0","2025-10-06 15:41:41"
37000000,não simultaneo,constant,0,42,0.011798020,0,"","INOVAI-NB-8","CPU info","GCC 13.3.0","2025-10-06 15:41:41"
37000000,simultaneo,constant,0,42,0.011428453,0,"","INOVAI-NB-8","CPU info","GCC 13.3.0","2025-10-06 15:41:41"
37000000,não simultaneo,constant,1,43,0.012162766,0,"","INOVAI-NB-8","CPU info","GCC 13.3.0","2025-10-06 15:41:41"
37000000,simultaneo,constant,1,43,0.011888709,0,"","INOVAI-NB-8","CPU info","GCC 13.3.0","2025-10-06 15:41:41"
37000000,não simultaneo,constant,2,44,0.011860330,0,"","INOVAI-NB-8","CPU info","GCC 13.3.0","2025-10-06 15:41:41"
37000000,simultaneo,constant,2,44,0.011723938,0,"","INOVAI-NB-8","CPU info","GCC 13.3.0","2025-10-06 15:41:41"
37000000,não simultaneo,constant,3,45,0.012620753,0,"","INOVAI-NB-8","CPU info","GCC 13.3.0","2025-10-06 15:41:41"
37000000,simultaneo,constant,3,45,0.011947383,0,"","INOVAI-NB-8","CPU info","GCC 13.3.0","2025-10-06 15:41:41"
37000000,não simultaneo,constant,4,46,0.011973466,0,"","INOVAI-NB-8","CPU info","GCC 13.3.0","2025-10-06 15:41:41"
37000000,simultaneo,constant,4,46,0.011256703,0,"","INOVAI-NB-8","CPU info","GCC 13.3.0","2025-10-06 15:41:41"
38000000,não simultaneo,constant,0,42,0.011994736,0,"","INOVAI-NB-8","CPU info","GCC 13.3.0","2025-10-06 15:41:41"
38000000,simultaneo,constant,0,42,0.011975408,0,"","INOVAI-NB-8","CPU info","GCC 13.3.0","2025-10-06 15:41:41"
38000000,não simultaneo,constant,1,43,0.012082165,0,"","INOVAI-NB-8","CPU info","GCC 13.3.0","2025-10-06 15:41:41"
38000000,simultaneo,constant,1,43,0.011839377,0,"","INOVAI-NB-8","CPU info","GCC 13.3.0","2025-10-06 15:41:41"
38000000,não simultaneo,constant,2,44,0.012671717,0,"","INOVAI-NB-8","CPU info","GCC 13.3.0","2025-10-06 15:41:41"
38000000,simultaneo,constant,2,44,0.012107762,0,"","INOVAI-NB-8","CPU info","GCC 13.3.0","2025-10-06 15:41:41"
38000000,não simultaneo,constant,3,45,0.012503006,0,"","INOVAI-NB-8","CPU info","GCC 13.3.0","2025-10-06 15:41:41"
38000000,simultaneo,constant,3,45,0.011956809,0,"","INOVAI-NB-8","CPU info","GCC 13.3.0","2025-10-06 15:41:41"
38000000,não simultaneo,constant,4,46,0.012601911,0,"","INOVAI-NB-8","CPU info","GCC 13.3.0","2025-10-06 15:41:41"
38000000,simultaneo,constant,4,46,0.012025758,0,"","INOVAI-NB-8","CPU info","GCC 13.3.0","2025-10-06 15:41:41"
39000000,não simultaneo,constant,0,42,0.013026149,0,"","INOVAI-NB-8","CPU info","GCC 13.3.0","2025-10-06 15:41:41"
39000000,simultaneo,constant,0,42,0.012204791,0,"","INOVAI-NB-8","CPU info","GCC 13.3.0","2025-10-06 15:41:41"
39000000,não simultaneo,constant,1,43,0.013156207,0,"","INOVAI-NB-8","CPU info","GCC 13.3.0","2025-10-06 15:41:41"
39000000,simultaneo,constant,1,43,0.012479151,0,"","INOVAI-NB-8","CPU info","GCC 13.3.0","2025-10-06 15:41:41"
39000000,não simultaneo,constant,2,44,0.012809942,0,"","INOVAI-NB-8","CPU info","GCC 13.3.0","2025-10-06 15:41:41"
39000000,simultaneo,constant,2,44,0.012198843,0,"","INOVAI-NB-8","CPU info","GCC 13.3.0","2025-10-06 15:41:41"
39000000,não simultaneo,constant,3,45,0.012753473,0,"","INOVAI-NB-8","CPU info","GCC 13.3.0","2025-10-06 15:41:41"
39000000,simultaneo,constant,3,45,0.012159885,0,"","INOVAI-NB-8","CPU info","GCC 13.3.0","2025-10-06 15:41:41"
39000000,não simultaneo,constant,4,46,0.012824792,0,"","INOVAI-NB-8","CPU info","GCC 13.3.0","2025-10-06 15:41:41"
39000000,simultaneo,constant,4,46,0.012597959,0,"","INOVAI-NB-8","CPU info","GCC 13.3.0","2025-10-06 15:41:41"
40000000,não simultaneo,constant,0,42,0.013091594,0,"","INOVAI-NB-8","CPU info","GCC 13.3.0","2025-10-06 15:41:41"
40000000,simultaneo,constant,0,42,0.012479177,0,"","INOVAI-NB-8","CPU info","GCC 13.3.0","2025-10-06 15:41:41"
40000000,não simultaneo,constant,1,43,0.013176200,0,"","INOVAI-NB-8","CPU info","GCC 13.3.0","2025-10-06 15:41:41"
40000000,simultaneo,constant,1,43,0.013026946,0,"","INOVAI-NB-8","CPU info","GCC 13.3.0","2025-10-06 15:41:41"
40000000,não simultaneo,constant,2,44,0.013681066,0,"","INOVAI-NB-8","CPU info","GCC 13.3.0","2025-10-06 15:41:41"
40000000,simultaneo,constant,2,44,0.012918180,0,"","INOVAI-NB-8","CPU info","GCC 13.3.0","2025-10-06 15:41:41"
40000000,não simultaneo,constant,3,45,0.013574504,0,"","INOVAI-NB-8","CPU info","GCC 13.3.0","2025-10-06 15:41:41"
40000000,simultaneo,constant,3,45,0.012663467,0,"","INOVAI-NB-8","CPU info","GCC 13.3.0","2025-10-06 15:41:41"
40000000,não simultaneo,constant,4,46,0.013106262,0,"","INOVAI-NB-8","CPU info","GCC 13.3.0","2025-10-06 15:41:41"
40000000,simultaneo,constant,4,46,0.018262839,0,"","INOVAI-NB-8","CPU info","GCC 13.3.0","2025-10-06 15:41:41"
41000000,não simultaneo,constant,0,42,0.012970027,0,"","INOVAI-NB-8","CPU info","GCC 13.3.0","2025-10-06 15:41:41"
41000000,simultaneo,constant,0,42,0.012693851,0,"","INOVAI-NB-8","CPU info","GCC 13.3.0","2025-10-06 15:41:41"
41000000,não simultaneo,constant,1,43,0.013275699,0,"","INOVAI-NB-8","CPU info","GCC 13.3.0","2025-10-06 15:41:41"
41000000,simultaneo,constant,1,43,0.012640165,0,"","INOVAI-NB-8","CPU info","GCC 13.3.0","2025-10-06 15:41:41"
41000000,não simultaneo,constant,2,44,0.015156022,0,"","INOVAI-NB-8","CPU info","GCC 13.3.0","2025-10-06 15:41:41"
41000000,simultaneo,constant,2,44,0.011966089,0,"","INOVAI-NB-8","CPU info","GCC 13.3.0","2025-10-06 15:41:41"
41000000,não simultaneo,constant,3,45,0.012788479,0,"","INOVAI-NB-8","CPU info","GCC 13.3.0","2025-10-06 15:41:41"
41000000,simultaneo,constant,3,45,0.012319622,0,"","INOVAI-NB-8","CPU info","GCC 13.3.0","2025-10-06 15:41:41"
41000000,não simultaneo,constant,4,46,0.013748580,0,"","INOVAI-NB-8","CPU info","GCC 13.3.0","2025-10-06 15:41:41"
41000000,simultaneo,constant,4,46,0.012515745,0,"","INOVAI-NB-8","CPU info","GCC 13.3.0","2025-10-06 15:41:41"
42000000,não simultaneo,constant,0,42,0.013171901,0,"","INOVAI-NB-8","CPU info","GCC 13.3.0","2025-10-06 15:41:41"
42000000,simultaneo,constant,0,42,0.013114342,0,"","INOVAI-NB-8","CPU info","GCC 13.3.0","2025-10-06 15:41:41"
42000000,não simultaneo,constant,1,43,0.013274156,0,"","INOVAI-NB-8","CPU info","GCC 13.3.0","2025-10-06 15:41:41"
42000000,simultaneo,constant,1,43,0.013471076,0,"","INOVAI-NB-8","CPU info","GCC 13.3.0","2025-10-06 15:41:41"
42000000,não simultaneo,constant,2,44,0.013356902,0,"","INOVAI-NB-8","CPU info","GCC 13.3.0","2025-10-06 15:41:41"
42000000,simultaneo,constant,2,44,0.012793720,0,"","INOVAI-NB-8","CPU info","GCC 13.3.0","2025-10-06 15:41:41"
42000000,não simultaneo,constant,3,45,0.013510648,0,"","INOVAI-NB-8","CPU info","GCC 13.3.0","2025-10-06 15:41:41"
42000000,simultaneo,constant,3,45,0.013315231,0,"","INOVAI-NB-8","CPU info","GCC 13.3.0","2025-10-06 15:41:41"
42000000,não simultaneo,constant,4,46,0.013394404,0,"","INOVAI-NB-8","CPU info","GCC 13.3.0","2025-10-06 15:41:41"
42000000,simultaneo,constant,4,46,0.012978276,0,"","INOVAI-NB-8","CPU info","GCC 13.3.0","2025-10-06 15:41:41"
43000000,não simultaneo,constant,0,42,0.013823335,0,"","INOVAI-NB-8","CPU info","GCC 13.3.0","2025-10-06 15:41:41"
43000000,simultaneo,constant,0,42,0.014439367,0,"","INOVAI-NB-8","CPU info","GCC 13.3.0","2025-10-06 15:41:41"
43000000,não simultaneo,constant,1,43,0.013659563,0,"","INOVAI-NB-8","CPU info","GCC 13.3.0","2025-10-06 15:41:41"
43000000,simultaneo,constant,1,43,0.013229933,0,"","INOVAI-NB-8","CPU info","GCC 13.3.0","2025-10-06 15:41:41"
43000000,não simultaneo,constant,2,44,0.013869650,0,"","INOVAI-NB-8","CPU info","GCC 13.3.0","2025-10-06 15:41:41"
43000000,simultaneo,constant,2,44,0.013258733,0,"","INOVAI-NB-8","CPU info","GCC 13.3.0","2025-10-06 15:41:41"
43000000,não simultaneo,constant,3,45,0.014021193,0,"","INOVAI-NB-8","CPU info","GCC 13.3.0","2025-10-06 15:41:41"
43000000,simultaneo,constant,3,45,0.013711966,0,"","INOVAI-NB-8","CPU info","GCC 13.3.0","2025-10-06 15:41:41"
43000000,não simultaneo,constant,4,46,0.014030468,0,"","INOVAI-NB-8","CPU info","GCC 13.3.0","2025-10-06 15:41:41"
43000000,simultaneo,constant,4,46,0.013578486,0,"","INOVAI-NB-8","CPU info","GCC 13.3.0","2025-10-06 15:41:41"
44000000,não simultaneo,constant,0,42,0.014517435,0,"","INOVAI-NB-8","CPU info","GCC 13.3.0","2025-10-06 15:41:41"
44000000,simultaneo,constant,0,42,0.013733377,0,"","INOVAI-NB-8","CPU info","GCC 13.3.0","2025-10-06 15:41:41"
44000000,não simultaneo,constant,1,43,0.014461989,0,"","INOVAI-NB-8","CPU info","GCC 13.3.0","2025-10-06 15:41:41"
44000000,simultaneo,constant,1,43,0.013484405,0,"","INOVAI-NB-8","CPU info","GCC 13.3.0","2025-10-06 15:41:41"
44000000,não simultaneo,constant,2,44,0.014128670,0,"","INOVAI-NB-8","CPU info","GCC 13.3.0","2025-10-06 15:41:41"
44000000,simultaneo,constant,2,44,0.013537808,0,"","INOVAI-NB-8","CPU info","GCC 13.3.0","2025-10-06 15:41:41"
44000000,não simultaneo,constant,3,45,0.014840270,0,"","INOVAI-NB-8","CPU info","GCC 13.3.0","2025-10-06 15:41:41"
44000000,simultaneo,constant,3,45,0.013905044,0,"","INOVAI-NB-8","CPU info","GCC 13.3.0","2025-10-06 15:41:41"
44000000,não simultaneo,constant,4,46,0.014249816,0,"","INOVAI-NB-8","CPU info","GCC 13.3.0","2025-10-06 15:41:41"
44000000,simultaneo,constant,4,46,0.013249696,0,"","INOVAI-NB-8","CPU info","GCC 13.3.0","2025-10-06 15:41:41"
45000000,não simultaneo,constant,0,42,0.015481985,0,"","INOVAI-NB-8","CPU info","GCC 13.3.0","2025-10-06 15:41:41"
45000000,simultaneo,constant,0,42,0.013847109,0,"","INOVAI-NB-8","CPU info","GCC 13.3.0","2025-10-06 15:41:41"
45000000,não simultaneo,constant,1,43,0.014738775,0,"","INOVAI-NB-8","CPU info","GCC 13.3.0","2025-10-06 15:41:41"
45000000,simultaneo,constant,1,43,0.013859255,0,"","INOVAI-NB-8","CPU info","GCC 13.3.0","2025-10-06 15:41:41"
45000000,não simultaneo,constant,2,44,0.014937485,0,"","INOVAI-NB-8","CPU info","GCC 13.3.0","2025-10-06 15:41:41"
45000000,simultaneo,constant,2,44,0.013948140,0,"","INOVAI-NB-8","CPU info","GCC 13.3.0","2025-10-06 15:41:41"
45000000,não simultaneo,constant,3,45,0.015046391,0,"","INOVAI-NB-8","CPU info","GCC 13.3.0","2025-10-06 15:41:41"
45000000,simultaneo,constant,3,45,0.014006933,0,"","INOVAI-NB-8","CPU info","GCC 13.3.0","2025-10-06 15:41:41"
45000000,não simultaneo,constant,4,46,0.014947246,0,"","INOVAI-NB-8","CPU info","GCC 13.3.0","2025-10-06 15:41:41"
45000000,simultaneo,constant,4,46,0.014316661,0,"","INOVAI-NB-8","CPU info","GCC 13.3.0","2025-10-06 15:41:41"
46000000,não simultaneo,constant,0,42,0.015183635,0,"","INOVAI-NB-8","CPU info","GCC 13.3.0","2025-10-06 15:41:41"
46000000,simultaneo,constant,0,42,0.014297847,0,"","INOVAI-NB-8","CPU info","GCC 13.3.0","2025-10-06 15:41:41"
46000000,não simultaneo,constant,1,43,0.015068748,0,"","INOVAI-NB-8","CPU info","GCC 13.3.0","2025-10-06 15:41:41"
46000000,simultaneo,constant,1,43,0.014159506,0,"","INOVAI-NB-8","CPU info","GCC 13.3.0","2025-10-06 15:41:41"
46000000,não simultaneo,constant,2,44,0.015991491,0,"","INOVAI-NB-8","CPU info","GCC 13.3.0","2025-10-06 15:41:41"
46000000,simultaneo,constant,2,44,0.014813159,0,"","INOVAI-NB-8","CPU info","GCC 13.3.0","2025-10-06 15:41:41"
46000000,não simultaneo,constant,3,45,0.014543698,0,"","INOVAI-NB-8","CPU info","GCC 13.3.0","2025-10-06 15:41:41"
46000000,simultaneo,constant,3,45,0.013874919,0,"","INOVAI-NB-8","CPU info","GCC 13.3.0","2025-10-06 15:41:41"
46000000,não simultaneo,constant,4,46,0.016014890,0,"","INOVAI-NB-8","CPU info","GCC 13.3.0","2025-10-06 15:41:41"
46000000,simultaneo,constant,4,46,0.014126361,0,"","INOVAI-NB-8","CPU info","GCC 13.3.0","2025-10-06 15:41:41"
47000000,não simultaneo,constant,0,42,0.015013943,0,"","INOVAI-NB-8","CPU info","GCC 13.3.0","2025-10-06 15:41:41"
47000000,simultaneo,constant,0,42,0.014074915,0,"","INOVAI-NB-8","CPU info","GCC 13.3.0","2025-10-06 15:41:41"
47000000,não simultaneo,constant,1,43,0.014521579,0,"","INOVAI-NB-8","CPU info","GCC 13.3.0","2025-10-06 15:41:41"
47000000,simultaneo,constant,1,43,0.013739880,0,"","INOVAI-NB-8","CPU info","GCC 13.3.0","2025-10-06 15:41:41"
47000000,não simultaneo,constant,2,44,0.015335225,0,"","INOVAI-NB-8","CPU info","GCC 13.3.0","2025-10-06 15:41:41"
47000000,simultaneo,constant,2,44,0.014176306,0,"","INOVAI-NB-8","CPU info","GCC 13.3.0","2025-10-06 15:41:41"
47000000,não simultaneo,constant,3,45,0.016525644,0,"","INOVAI-NB-8","CPU info","GCC 13.3.0","2025-10-06 15:41:41"
47000000,simultaneo,constant,3,45,0.014282047,0,"","INOVAI-NB-8","CPU info","GCC 13.3.0","2025-10-06 15:41:41"
47000000,não simultaneo,constant,4,46,0.015787381,0,"","INOVAI-NB-8","CPU info","GCC 13.3.0","2025-10-06 15:41:41"
47000000,simultaneo,constant,4,46,0.014536557,0,"","INOVAI-NB-8","CPU info","GCC 13.3.0","2025-10-06 15:41:41"
48000000,não simultaneo,constant,0,42,0.016169319,0,"","INOVAI-NB-8","CPU info","GCC 13.3.0","2025-10-06 15:41:41"
48000000,simultaneo,constant,0,42,0.015097567,0,"","INOVAI-NB-8","CPU info","GCC 13.3.0","2025-10-06 15:41:41"
48000000,não simultaneo,constant,1,43,0.015654716,0,"","INOVAI-NB-8","CPU info","GCC 13.3.0","2025-10-06 15:41:41"
48000000,simultaneo,constant,1,43,0.014605175,0,"","INOVAI-NB-8","CPU info","GCC 13.3.0","2025-10-06 15:41:41"
48000000,não simultaneo,constant,2,44,0.018168066,0,"","INOVAI-NB-8","CPU info","GCC 13.3.0","2025-10-06 15:41:41"
48000000,simultaneo,constant,2,44,0.015104519,0,"","INOVAI-NB-8","CPU info","GCC 13.3.0","2025-10-06 15:41:41"
48000000,não simultaneo,constant,3,45,0.015704452,0,"","INOVAI-NB-8","CPU info","GCC 13.3.0","2025-10-06 15:41:41"
48000000,simultaneo,constant,3,45,0.014757244,0,"","INOVAI-NB-8","CPU info","GCC 13.3.0","2025-10-06 15:41:41"
48000000,não simultaneo,constant,4,46,0.015918161,0,"","INOVAI-NB-8","CPU info","GCC 13.3.0","2025-10-06 15:41:41"
48000000,simultaneo,constant,4,46,0.014937271,0,"","INOVAI-NB-8","CPU info","GCC 13.3.0","2025-10-06 15:41:41"
49000000,não simultaneo,constant,0,42,0.016374189,0,"","INOVAI-NB-8","CPU info","GCC 13.3.0","2025-10-06 15:41:41"
49000000,simultaneo,constant,0,42,0.015426936,0,"","INOVAI-NB-8","CPU info","GCC 13.3.0","2025-10-06 15:41:41"
49000000,não simultaneo,constant,1,43,0.016024816,0,"","INOVAI-NB-8","CPU info","GCC 13.3.0","2025-10-06 15:41:41"
49000000,simultaneo,constant,1,43,0.015618902,0,"","INOVAI-NB-8","CPU info","GCC 13.3.0","2025-10-06 15:41:41"
49000000,não simultaneo,constant,2,44,0.015969882,0,"","INOVAI-NB-8","CPU info","GCC 13.3.0","2025-10-06 15:41:41"
49000000,simultaneo,constant,2,44,0.015418235,0,"","INOVAI-NB-8","CPU info","GCC 13.3.0","2025-10-06 15:41:41"
49000000,não simultaneo,constant,3,45,0.015982721,0,"","INOVAI-NB-8","CPU info","GCC 13.3.0","2025-10-06 15:41:41"
49000000,simultaneo,constant,3,45,0.015137215,0,"","INOVAI-NB-8","CPU info","GCC 13.3.0","2025-10-06 15:41:41"
49000000,não simultaneo,constant,4,46,0.016005333,0,"","INOVAI-NB-8","CPU info","GCC 13.3.0","2025-10-06 15:41:41"
49000000,simultaneo,constant,4,46,0.014924960,0,"","INOVAI-NB-8","CPU info","GCC 13.3.0","2025-10-06 15:41:41"
50000000,não simultaneo,constant,0,42,0.017244680,0,"","INOVAI-NB-8","CPU info","GCC 13.3.0","2025-10-06 15:41:41"
50000000,simultaneo,constant,0,42,0.015242238,0,"","INOVAI-NB-8","CPU info","GCC 13.3.0","2025-10-06 15:41:41"
50000000,não simultaneo,constant,1,43,0.016403078,0,"","INOVAI-NB-8","CPU info","GCC 13.3.0","2025-10-06 15:41:41"
50000000,simultaneo,constant,1,43,0.015024408,0,"","INOVAI-NB-8","CPU info","GCC 13.3.0","2025-10-06 15:41:41"
50000000,não simultaneo,constant,2,44,0.015830651,0,"","INOVAI-NB-8","CPU info","GCC 13.3.0","2025-10-06 15:41:41"
50000000,simultaneo,constant,2,44,0.015093859,0,"","INOVAI-NB-8","CPU info","GCC 13.3.0","2025-10-06 15:41:41"
50000000,não simultaneo,constant,3,45,0.016093785,0,"","INOVAI-NB-8","CPU info","GCC 13.3.0","2025-10-06 15:41:41"
50000000,simultaneo,constant,3,45,0.015451517,0,"","INOVAI-NB-8","CPU info","GCC 13.3.0","2025-10-06 15:41:41"
50000000,não simultaneo,constant,4,46,0.015737475,0,"","INOVAI-NB-8","CPU info","GCC 13.3.0","2025-10-06 15:41:41"
50000000,simultaneo,constant,4,46,0.014988155,0,"","INOVAI-NB-8","CPU info","GCC 13.3.0","2025-10-06 15:41:41"
51000000,não simultaneo,constant,0,42,0.015840134,0,"","INOVAI-NB-8","CPU info","GCC 13.3.0","2025-10-06 15:41:41"
51000000,simultaneo,constant,0,42,0.015384165,0,"","INOVAI-NB-8","CPU info","GCC 13.3.0","2025-10-06 15:41:41"
51000000,não simultaneo,constant,1,43,0.017950263,0,"","INOVAI-NB-8","CPU info","GCC 13.3.0","2025-10-06 15:41:41"
51000000,simultaneo,constant,1,43,0.014564400,0,"","INOVAI-NB-8","CPU info","GCC 13.3.0","2025-10-06 15:41:41"
51000000,não simultaneo,constant,2,44,0.016479943,0,"","INOVAI-NB-8","CPU info","GCC 13.3.0","2025-10-06 15:41:41"
51000000,simultaneo,constant,2,44,0.015315883,0,"","INOVAI-NB-8","CPU info","GCC 13.3.0","2025-10-06 15:41:41"
51000000,não simultaneo,constant,3,45,0.016070718,0,"","INOVAI-NB-8","CPU info","GCC 13.3.0","2025-10-06 15:41:41"
51000000,simultaneo,constant,3,45,0.015286414,0,"","INOVAI-NB-8","CPU info","GCC 13.3.0","2025-10-06 15:41:41"
51000000,não simultaneo,constant,4,46,0.016836519,0,"","INOVAI-NB-8","CPU info","GCC 13.3.0","2025-10-06 15:41:41"
51000000,simultaneo,constant,4,46,0.023345620,0,"","INOVAI-NB-8","CPU info","GCC 13.3.0","2025-10-06 15:41:41"
52000000,não simultaneo,constant,0,42,0.017047996,0,"","INOVAI-NB-8","CPU info","GCC 13.3.0","2025-10-06 15:41:41"
52000000,simultaneo,constant,0,42,0.015735435,0,"","INOVAI-NB-8","CPU info","GCC 13.3.0","2025-10-06 15:41:41"
52000000,não simultaneo,constant,1,43,0.017080741,0,"","INOVAI-NB-8","CPU info","GCC 13.3.0","2025-10-06 15:41:41"
52000000,simultaneo,constant,1,43,0.016205371,0,"","INOVAI-NB-8","CPU info","GCC 13.3.0","2025-10-06 15:41:41"
52000000,não simultaneo,constant,2,44,0.018107617,0,"","INOVAI-NB-8","CPU info","GCC 13.3.0","2025-10-06 15:41:41"
52000000,simultaneo,constant,2,44,0.015545119,0,"","INOVAI-NB-8","CPU info","GCC 13.3.0","2025-10-06 15:41:41"
52000000,não simultaneo,constant,3,45,0.017181434,0,"","INOVAI-NB-8","CPU info","GCC 13.3.0","2025-10-06 15:41:41"
52000000,simultaneo,constant,3,45,0.015822126,0,"","INOVAI-NB-8","CPU info","GCC 13.3.0","2025-10-06 15:41:41"
52000000,não simultaneo,constant,4,46,0.016527328,0,"","INOVAI-NB-8","CPU info","GCC 13.3.0","2025-10-06 15:41:41"
52000000,simultaneo,constant,4,46,0.015479212,0,"","INOVAI-NB-8","CPU info","GCC 13.3.0","2025-10-06 15:41:41"
53000000,não simultaneo,constant,0,42,0.017225968,0,"","INOVAI-NB-8","CPU info","GCC 13.3.0","2025-10-06 15:41:41"
53000000,simultaneo,constant,0,42,0.016403162,0,"","INOVAI-NB-8","CPU info","GCC 13.3.0","2025-10-06 15:41:41"
53000000,não simultaneo,constant,1,43,0.017254358,0,"","INOVAI-NB-8","CPU info","GCC 13.3.0","2025-10-06 15:41:41"
53000000,simultaneo,constant,1,43,0.015912873,0,"","INOVAI-NB-8","CPU info","GCC 13.3.0","2025-10-06 15:41:41"
53000000,não simultaneo,constant,2,44,0.017590023,0,"","INOVAI-NB-8","CPU info","GCC 13.3.0","2025-10-06 15:41:41"
53000000,simultaneo,constant,2,44,0.016068055,0,"","INOVAI-NB-8","CPU info","GCC 13.3.0","2025-10-06 15:41:41"
53000000,não simultaneo,constant,3,45,0.017358121,0,"","INOVAI-NB-8","CPU info","GCC 13.3.0","2025-10-06 15:41:41"
53000000,simultaneo,constant,3,45,0.016472866,0,"","INOVAI-NB-8","CPU info","GCC 13.3.0","2025-10-06 15:41:41"
53000000,não simultaneo,constant,4,46,0.017359639,0,"","INOVAI-NB-8","CPU info","GCC 13.3.0","2025-10-06 15:41:41"
53000000,simultaneo,constant,4,46,0.018193264,0,"","INOVAI-NB-8","CPU info","GCC 13.3.0","2025-10-06 15:41:41"
54000000,não simultaneo,constant,0,42,0.017528467,0,"","INOVAI-NB-8","CPU info","GCC 13.3.0","2025-10-06 15:41:41"
54000000,simultaneo,constant,0,42,0.016346944,0,"","INOVAI-NB-8","CPU info","GCC 13.3.0","2025-10-06 15:41:41"
54000000,não simultaneo,constant,1,43,0.017455589,0,"","INOVAI-NB-8","CPU info","GCC 13.3.0","2025-10-06 15:41:41"
54000000,simultaneo,constant,1,43,0.016360730,0,"","INOVAI-NB-8","CPU info","GCC 13.3.0","2025-10-06 15:41:41"
54000000,não simultaneo,constant,2,44,0.017460331,0,"","INOVAI-NB-8","CPU info","GCC 13.3.0","2025-10-06 15:41:41"
54000000,simultaneo,constant,2,44,0.016245996,0,"","INOVAI-NB-8","CPU info","GCC 13.3.0","2025-10-06 15:41:41"
54000000,não simultaneo,constant,3,45,0.017887068,0,"","INOVAI-NB-8","CPU info","GCC 13.3.0","2025-10-06 15:41:41"
54000000,simultaneo,constant,3,45,0.016491141,0,"","INOVAI-NB-8","CPU info","GCC 13.3.0","2025-10-06 15:41:41"
54000000,não simultaneo,constant,4,46,0.017905268,0,"","INOVAI-NB-8","CPU info","GCC 13.3.0","2025-10-06 15:41:41"
54000000,simultaneo,constant,4,46,0.015646462,0,"","INOVAI-NB-8","CPU info","GCC 13.3.0","2025-10-06 15:41:41"
55000000,não simultaneo,constant,0,42,0.017763066,0,"","INOVAI-NB-8","CPU info","GCC 13.3.0","2025-10-06 15:41:41"
55000000,simultaneo,constant,0,42,0.015990781,0,"","INOVAI-NB-8","CPU info","GCC 13.3.0","2025-10-06 15:41:41"
55000000,não simultaneo,constant,1,43,0.017411273,0,"","INOVAI-NB-8","CPU info","GCC 13.3.0","2025-10-06 15:41:41"
55000000,simultaneo,constant,1,43,0.015952180,0,"","INOVAI-NB-8","CPU info","GCC 13.3.0","2025-10-06 15:41:41"
55000000,não simultaneo,constant,2,44,0.017409493,0,"","INOVAI-NB-8","CPU info","GCC 13.3.0","2025-10-06 15:41:41"
55000000,simultaneo,constant,2,44,0.016154480,0,"","INOVAI-NB-8","CPU info","GCC 13.3.0","2025-10-06 15:41:41"
55000000,não simultaneo,constant,3,45,0.017461486,0,"","INOVAI-NB-8","CPU info","GCC 13.3.0","2025-10-06 15:41:41"
55000000,simultaneo,constant,3,45,0.016477234,0,"","INOVAI-NB-8","CPU info","GCC 13.3.0","2025-10-06 15:41:41"
55000000,não simultaneo,constant,4,46,0.017550539,0,"","INOVAI-NB-8","CPU info","GCC 13.3.0","2025-10-06 15:41:41"
55000000,simultaneo,constant,4,46,0.016378925,0,"","INOVAI-NB-8","CPU info","GCC 13.3.0","2025-10-06 15:41:41"
56000000,não simultaneo,constant,0,42,0.017693468,0,"","INOVAI-NB-8","CPU info","GCC 13.3.0","2025-10-06 15:41:41"
56000000,simultaneo,constant,0,42,0.016499626,0,"","INOVAI-NB-8","CPU info","GCC 13.3.0","2025-10-06 15:41:41"
56000000,não simultaneo,constant,1,43,0.017777012,0,"","INOVAI-NB-8","CPU info","GCC 13.3.0","2025-10-06 15:41:41"
56000000,simultaneo,constant,1,43,0.017355531,0,"","INOVAI-NB-8","CPU info","GCC 13.3.0","2025-10-06 15:41:41"
56000000,não simultaneo,constant,2,44,0.017528332,0,"","INOVAI-NB-8","CPU info","GCC 13.3.0","2025-10-06 15:41:41"
56000000,simultaneo,constant,2,44,0.016415379,0,"","INOVAI-NB-8","CPU info","GCC 13.3.0","2025-10-06 15:41:41"
56000000,não simultaneo,constant,3,45,0.017994622,0,"","INOVAI-NB-8","CPU info","GCC 13.3.0","2025-10-06 15:41:41"
56000000,simultaneo,constant,3,45,0.016423140,0,"","INOVAI-NB-8","CPU info","GCC 13.3.0","2025-10-06 15:41:41"
56000000,não simultaneo,constant,4,46,0.017248103,0,"","INOVAI-NB-8","CPU info","GCC 13.3.0","2025-10-06 15:41:41"
56000000,simultaneo,constant,4,46,0.016550139,0,"","INOVAI-NB-8","CPU info","GCC 13.3.0","2025-10-06 15:41:41"
57000000,não simultaneo,constant,0,42,0.017871618,0,"","INOVAI-NB-8","CPU info","GCC 13.3.0","2025-10-06 15:41:41"
57000000,simultaneo,constant,0,42,0.016496919,0,"","INOVAI-NB-8","CPU info","GCC 13.3.0","2025-10-06 15:41:41"
57000000,não simultaneo,constant,1,43,0.017614109,0,"","INOVAI-NB-8","CPU info","GCC 13.3.0","2025-10-06 15:41:41"
57000000,simultaneo,constant,1,43,0.016579560,0,"","INOVAI-NB-8","CPU info","GCC 13.3.0","2025-10-06 15:41:41"
57000000,não simultaneo,constant,2,44,0.017830183,0,"","INOVAI-NB-8","CPU info","GCC 13.3.0","2025-10-06 15:41:41"
57000000,simultaneo,constant,2,44,0.016753413,0,"","INOVAI-NB-8","CPU info","GCC 13.3.0","2025-10-06 15:41:41"
57000000,não simultaneo,constant,3,45,0.018879341,0,"","INOVAI-NB-8","CPU info","GCC 13.3.0","2025-10-06 15:41:41"
57000000,simultaneo,constant,3,45,0.017004464,0,"","INOVAI-NB-8","CPU info","GCC 13.3.0","2025-10-06 15:41:41"
57000000,não simultaneo,constant,4,46,0.018694668,0,"","INOVAI-NB-8","CPU info","GCC 13.3.0","2025-10-06 15:41:41"
57000000,simultaneo,constant,4,46,0.017252230,0,"","INOVAI-NB-8","CPU info","GCC 13.3.0","2025-10-06 15:41:41"
58000000,não simultaneo,constant,0,42,0.018699968,0,"","INOVAI-NB-8","CPU info","GCC 13.3.0","2025-10-06 15:41:41"
58000000,simultaneo,constant,0,42,0.017289502,0,"","INOVAI-NB-8","CPU info","GCC 13.3.0","2025-10-06 15:41:41"
58000000,não simultaneo,constant,1,43,0.018853698,0,"","INOVAI-NB-8","CPU info","GCC 13.3.0","2025-10-06 15:41:41"
58000000,simultaneo,constant,1,43,0.016672554,0,"","INOVAI-NB-8","CPU info","GCC 13.3.0","2025-10-06 15:41:41"
58000000,não simultaneo,constant,2,44,0.018711997,0,"","INOVAI-NB-8","CPU info","GCC 13.3.0","2025-10-06 15:41:41"
58000000,simultaneo,constant,2,44,0.017173400,0,"","INOVAI-NB-8","CPU info","GCC 13.3.0","2025-10-06 15:41:41"
58000000,não simultaneo,constant,3,45,0.018611247,0,"","INOVAI-NB-8","CPU info","GCC 13.3.0","2025-10-06 15:41:41"
58000000,simultaneo,constant,3,45,0.019267025,0,"","INOVAI-NB-8","CPU info","GCC 13.3.0","2025-10-06 15:41:41"
58000000,não simultaneo,constant,4,46,0.019409683,0,"","INOVAI-NB-8","CPU info","GCC 13.3.0","2025-10-06 15:41:41"
58000000,simultaneo,constant,4,46,0.017587780,0,"","INOVAI-NB-8","CPU info","GCC 13.3.0","2025-10-06 15:41:41"
59000000,não simultaneo,constant,0,42,0.020632758,0,"","INOVAI-NB-8","CPU info","GCC 13.3.0","2025-10-06 15:41:41"
59000000,simultaneo,constant,0,42,0.018467264,0,"","INOVAI-NB-8","CPU info","GCC 13.3.0","2025-10-06 15:41:41"
59000000,não simultaneo,constant,1,43,0.020357467,0,"","INOVAI-NB-8","CPU info","GCC 13.3.0","2025-10-06 15:41:41"
59000000,simultaneo,constant,1,43,0.017765560,0,"","INOVAI-NB-8","CPU info","GCC 13.3.0","2025-10-06 15:41:41"
59000000,não simultaneo,constant,2,44,0.022038071,0,"","INOVAI-NB-8","CPU info","GCC 13.3.0","2025-10-06 15:41:41"
59000000,simultaneo,constant,2,44,0.018452884,0,"","INOVAI-NB-8","CPU info","GCC 13.3.0","2025-10-06 15:41:41"
59000000,não simultaneo,constant,3,45,0.020247329,0,"","INOVAI-NB-8","CPU info","GCC 13.3.0","2025-10-06 15:41:41"
59000000,simultaneo,constant,3,45,0.018898834,0,"","INOVAI-NB-8","CPU info","GCC 13.3.0","2025-10-06 15:41:41"
59000000,não simultaneo,constant,4,46,0.019602349,0,"","INOVAI-NB-8","CPU info","GCC 13.3.0","2025-10-06 15:41:41"
59000000,simultaneo,constant,4,46,0.018194456,0,"","INOVAI-NB-8","CPU info","GCC 13.3.0","2025-10-06 15:41:41"
60000000,não simultaneo,constant,0,42,0.020187520,0,"","INOVAI-NB-8","CPU info","GCC 13.3.0","2025-10-06 15:41:41"
60000000,simultaneo,constant,0,42,0.017355975,0,"","INOVAI-NB-8","CPU info","GCC 13.3.0","2025-10-06 15:41:41"
60000000,não simultaneo,constant,1,43,0.019609978,0,"","INOVAI-NB-8","CPU info","GCC 13.3.0","2025-10-06 15:41:41"
60000000,simultaneo,constant,1,43,0.017317400,0,"","INOVAI-NB-8","CPU info","GCC 13.3.0","2025-10-06 15:41:41"
60000000,não simultaneo,constant,2,44,0.020293529,0,"","INOVAI-NB-8","CPU info","GCC 13.3.0","2025-10-06 15:41:41"
60000000,simultaneo,constant,2,44,0.017960142,0,"","INOVAI-NB-8","CPU info","GCC 13.3.0","2025-10-06 15:41:41"
60000000,não simultaneo,constant,3,45,0.020062423,0,"","INOVAI-NB-8","CPU info","GCC 13.3.0","2025-10-06 15:41:41"
60000000,simultaneo,constant,3,45,0.017594931,0,"","INOVAI-NB-8","CPU info","GCC 13.3.0","2025-10-06 15:41:41"
60000000,não simultaneo,constant,4,46,0.020577138,0,"","INOVAI-NB-8","CPU info","GCC 13.3.0","2025-10-06 15:41:41"
60000000,simultaneo,constant,4,46,0.018545740,0,"","INOVAI-NB-8","CPU info","GCC 13.3.0","2025-10-06 15:41:41"
61000000,não simultaneo,constant,0,42,0.021537692,0,"","INOVAI-NB-8","CPU info","GCC 13.3.0","2025-10-06 15:41:41"
61000000,simultaneo,constant,0,42,0.018546618,0,"","INOVAI-NB-8","CPU info","GCC 13.3.0","2025-10-06 15:41:41"
61000000,não simultaneo,constant,1,43,0.021315173,0,"","INOVAI-NB-8","CPU info","GCC 13.3.0","2025-10-06 15:41:41"
61000000,simultaneo,constant,1,43,0.018738318,0,"","INOVAI-NB-8","CPU info","GCC 13.3.0","2025-10-06 15:41:41"
61000000,não simultaneo,constant,2,44,0.021870158,0,"","INOVAI-NB-8","CPU info","GCC 13.3.0","2025-10-06 15:41:41"
61000000,simultaneo,constant,2,44,0.019241809,0,"","INOVAI-NB-8","CPU info","GCC 13.3.0","2025-10-06 15:41:41"
61000000,não simultaneo,constant,3,45,0.020645572,0,"","INOVAI-NB-8","CPU info","GCC 13.3.0","2025-10-06 15:41:41"
61000000,simultaneo,constant,3,45,0.018432703,0,"","INOVAI-NB-8","CPU info","GCC 13.3.0","2025-10-06 15:41:41"
61000000,não simultaneo,constant,4,46,0.021532966,0,"","INOVAI-NB-8","CPU info","GCC 13.3.0","2025-10-06 15:41:41"
61000000,simultaneo,constant,4,46,0.019186368,0,"","INOVAI-NB-8","CPU info","GCC 13.3.0","2025-10-06 15:41:41"
62000000,não simultaneo,constant,0,42,0.021156607,0,"","INOVAI-NB-8","CPU info","GCC 13.3.0","2025-10-06 15:41:41"
62000000,simultaneo,constant,0,42,0.018657829,0,"","INOVAI-NB-8","CPU info","GCC 13.3.0","2025-10-06 15:41:41"
62000000,não simultaneo,constant,1,43,0.021262346,0,"","INOVAI-NB-8","CPU info","GCC 13.3.0","2025-10-06 15:41:41"
62000000,simultaneo,constant,1,43,0.018964644,0,"","INOVAI-NB-8","CPU info","GCC 13.3.0","2025-10-06 15:41:41"
62000000,não simultaneo,constant,2,44,0.021178862,0,"","INOVAI-NB-8","CPU info","GCC 13.3.0","2025-10-06 15:41:41"
62000000,simultaneo,constant,2,44,0.019080000,0,"","INOVAI-NB-8","CPU info","GCC 13.3.0","2025-10-06 15:41:41"
62000000,não simultaneo,constant,3,45,0.021802058,0,"","INOVAI-NB-8","CPU info","GCC 13.3.0","2025-10-06 15:41:41"
62000000,simultaneo,constant,3,45,0.020137966,0,"","INOVAI-NB-8","CPU info","GCC 13.3.0","2025-10-06 15:41:41"
62000000,não simultaneo,constant,4,46,0.021043376,0,"","INOVAI-NB-8","CPU info","GCC 13.3.0","2025-10-06 15:41:41"
62000000,simultaneo,constant,4,46,0.018294283,0,"","INOVAI-NB-8","CPU info","GCC 13.3.0","2025-10-06 15:41:41"
63000000,não simultaneo,constant,0,42,0.021037901,0,"","INOVAI-NB-8","CPU info","GCC 13.3.0","2025-10-06 15:41:41"
63000000,simultaneo,constant,0,42,0.019648530,0,"","INOVAI-NB-8","CPU info","GCC 13.3.0","2025-10-06 15:41:41"
63000000,não simultaneo,constant,1,43,0.020295539,0,"","INOVAI-NB-8","CPU info","GCC 13.3.0","2025-10-06 15:41:41"
63000000,simultaneo,constant,1,43,0.017942619,0,"","INOVAI-NB-8","CPU info","GCC 13.3.0","2025-10-06 15:41:41"
63000000,não simultaneo,constant,2,44,0.019808668,0,"","INOVAI-NB-8","CPU info","GCC 13.3.0","2025-10-06 15:41:41"
63000000,simultaneo,constant,2,44,0.018134125,0,"","INOVAI-NB-8","CPU info","GCC 13.3.0","2025-10-06 15:41:41"
63000000,não simultaneo,constant,3,45,0.020222715,0,"","INOVAI-NB-8","CPU info","GCC 13.3.0","2025-10-06 15:41:41"
63000000,simultaneo,constant,3,45,0.018880480,0,"","INOVAI-NB-8","CPU info","GCC 13.3.0","2025-10-06 15:41:41"
63000000,não simultaneo,constant,4,46,0.019725677,0,"","INOVAI-NB-8","CPU info","GCC 13.3.0","2025-10-06 15:41:41"
63000000,simultaneo,constant,4,46,0.018235540,0,"","INOVAI-NB-8","CPU info","GCC 13.3.0","2025-10-06 15:41:41"
64000000,não simultaneo,constant,0,42,0.020394818,0,"","INOVAI-NB-8","CPU info","GCC 13.3.0","2025-10-06 15:41:41"
64000000,simultaneo,constant,0,42,0.018423601,0,"","INOVAI-NB-8","CPU info","GCC 13.3.0","2025-10-06 15:41:41"
64000000,não simultaneo,constant,1,43,0.020766306,0,"","INOVAI-NB-8","CPU info","GCC 13.3.0","2025-10-06 15:41:41"
64000000,simultaneo,constant,1,43,0.018724433,0,"","INOVAI-NB-8","CPU info","GCC 13.3.0","2025-10-06 15:41:41"
64000000,não simultaneo,constant,2,44,0.020539554,0,"","INOVAI-NB-8","CPU info","GCC 13.3.0","2025-10-06 15:41:41"
64000000,simultaneo,constant,2,44,0.019752780,0,"","INOVAI-NB-8","CPU info","GCC 13.3.0","2025-10-06 15:41:41"
64000000,não simultaneo,constant,3,45,0.020279878,0,"","INOVAI-NB-8","CPU info","GCC 13.3.0","2025-10-06 15:41:41"
64000000,simultaneo,constant,3,45,0.019408110,0,"","INOVAI-NB-8","CPU info","GCC 13.3.0","2025-10-06 15:41:41"
64000000,não simultaneo,constant,4,46,0.021329385,0,"","INOVAI-NB-8","CPU info","GCC 13.3.0","2025-10-06 15:41:41"
64000000,simultaneo,constant,4,46,0.018737579,0,"","INOVAI-NB-8","CPU info","GCC 13.3.0","2025-10-06 15:41:41"
65000000,não simultaneo,constant,0,42,0.021227340,0,"","INOVAI-NB-8","CPU info","GCC 13.3.0","2025-10-06 15:41:41"
65000000,simultaneo,constant,0,42,0.019527873,0,"","INOVAI-NB-8","CPU info","GCC 13.3.0","2025-10-06 15:41:41"
65000000,não simultaneo,constant,1,43,0.020085103,0,"","INOVAI-NB-8","CPU info","GCC 13.3.0","2025-10-06 15:41:41"
65000000,simultaneo,constant,1,43,0.019730725,0,"","INOVAI-NB-8","CPU info","GCC 13.3.0","2025-10-06 15:41:41"
65000000,não simultaneo,constant,2,44,0.020089742,0,"","INOVAI-NB-8","CPU info","GCC 13.3.0","2025-10-06 15:41:41"
65000000,simultaneo,constant,2,44,0.019264105,0,"","INOVAI-NB-8","CPU info","GCC 13.3.0","2025-10-06 15:41:41"
65000000,não simultaneo,constant,3,45,0.020200628,0,"","INOVAI-NB-8","CPU info","GCC 13.3.0","2025-10-06 15:41:41"
65000000,simultaneo,constant,3,45,0.019189455,0,"","INOVAI-NB-8","CPU info","GCC 13.3.0","2025-10-06 15:41:41"
65000000,não simultaneo,constant,4,46,0.020288511,0,"","INOVAI-NB-8","CPU info","GCC 13.3.0","2025-10-06 15:41:41"
65000000,simultaneo,constant,4,46,0.019388207,0,"","INOVAI-NB-8","CPU info","GCC 13.3.0","2025-10-06 15:41:41"
66000000,não simultaneo,constant,0,42,0.020743447,0,"","INOVAI-NB-8","CPU info","GCC 13.3.0","2025-10-06 15:41:41"
66000000,simultaneo,constant,0,42,0.019014496,0,"","INOVAI-NB-8","CPU info","GCC 13.3.0","2025-10-06 15:41:41"
66000000,não simultaneo,constant,1,43,0.020558957,0,"","INOVAI-NB-8","CPU info","GCC 13.3.0","2025-10-06 15:41:41"
66000000,simultaneo,constant,1,43,0.019095205,0,"","INOVAI-NB-8","CPU info","GCC 13.3.0","2025-10-06 15:41:41"
66000000,não simultaneo,constant,2,44,0.021652331,0,"","INOVAI-NB-8","CPU info","GCC 13.3.0","2025-10-06 15:41:41"
66000000,simultaneo,constant,2,44,0.019436715,0,"","INOVAI-NB-8","CPU info","GCC 13.3.0","2025-10-06 15:41:41"
66000000,não simultaneo,constant,3,45,0.020877666,0,"","INOVAI-NB-8","CPU info","GCC 13.3.0","2025-10-06 15:41:41"
66000000,simultaneo,constant,3,45,0.018855773,0,"","INOVAI-NB-8","CPU info","GCC 13.3.0","2025-10-06 15:41:41"
66000000,não simultaneo,constant,4,46,0.020605967,0,"","INOVAI-NB-8","CPU info","GCC 13.3.0","2025-10-06 15:41:41"
66000000,simultaneo,constant,4,46,0.019209609,0,"","INOVAI-NB-8","CPU info","GCC 13.3.0","2025-10-06 15:41:41"
67000000,não simultaneo,constant,0,42,0.020894604,0,"","INOVAI-NB-8","CPU info","GCC 13.3.0","2025-10-06 15:41:41"
67000000,simultaneo,constant,0,42,0.019101598,0,"","INOVAI-NB-8","CPU info","GCC 13.3.0","2025-10-06 15:41:41"
67000000,não simultaneo,constant,1,43,0.020991010,0,"","INOVAI-NB-8","CPU info","GCC 13.3.0","2025-10-06 15:41:41"
67000000,simultaneo,constant,1,43,0.019444512,0,"","INOVAI-NB-8","CPU info","GCC 13.3.0","2025-10-06 15:41:41"
67000000,não simultaneo,constant,2,44,0.021046575,0,"","INOVAI-NB-8","CPU info","GCC 13.3.0","2025-10-06 15:41:41"
67000000,simultaneo,constant,2,44,0.019541275,0,"","INOVAI-NB-8","CPU info","GCC 13.3.0","2025-10-06 15:41:41"
67000000,não simultaneo,constant,3,45,0.022718974,0,"","INOVAI-NB-8","CPU info","GCC 13.3.0","2025-10-06 15:41:41"
67000000,simultaneo,constant,3,45,0.019032537,0,"","INOVAI-NB-8","CPU info","GCC 13.3.0","2025-10-06 15:41:41"
67000000,não simultaneo,constant,4,46,0.020718601,0,"","INOVAI-NB-8","CPU info","GCC 13.3.0","2025-10-06 15:41:41"
67000000,simultaneo,constant,4,46,0.019253487,0,"","INOVAI-NB-8","CPU info","GCC 13.3.0","2025-10-06 15:41:41"
68000000,não simultaneo,constant,0,42,0.021626456,0,"","INOVAI-NB-8","CPU info","GCC 13.3.0","2025-10-06 15:41:41"
68000000,simultaneo,constant,0,42,0.019246457,0,"","INOVAI-NB-8","CPU info","GCC 13.3.0","2025-10-06 15:41:41"
68000000,não simultaneo,constant,1,43,0.021486690,0,"","INOVAI-NB-8","CPU info","GCC 13.3.0","2025-10-06 15:41:41"
68000000,simultaneo,constant,1,43,0.021386837,0,"","INOVAI-NB-8","CPU info","GCC 13.3.0","2025-10-06 15:41:41"
68000000,não simultaneo,constant,2,44,0.021008472,0,"","INOVAI-NB-8","CPU info","GCC 13.3.0","2025-10-06 15:41:41"
68000000,simultaneo,constant,2,44,0.019641094,0,"","INOVAI-NB-8","CPU info","GCC 13.3.0","2025-10-06 15:41:41"
68000000,não simultaneo,constant,3,45,0.021341819,0,"","INOVAI-NB-8","CPU info","GCC 13.3.0","2025-10-06 15:41:41"
68000000,simultaneo,constant,3,45,0.019362862,0,"","INOVAI-NB-8","CPU info","GCC 13.3.0","2025-10-06 15:41:41"
68000000,não simultaneo,constant,4,46,0.021763514,0,"","INOVAI-NB-8","CPU info","GCC 13.3.0","2025-10-06 15:41:41"
68000000,simultaneo,constant,4,46,0.019654663,0,"","INOVAI-NB-8","CPU info","GCC 13.3.0","2025-10-06 15:41:41"
69000000,não simultaneo,constant,0,42,0.021826643,0,"","INOVAI-NB-8","CPU info","GCC 13.3.0","2025-10-06 15:41:41"
69000000,simultaneo,constant,0,42,0.019821580,0,"","INOVAI-NB-8","CPU info","GCC 13.3.0","2025-10-06 15:41:41"
69000000,não simultaneo,constant,1,43,0.021466697,0,"","INOVAI-NB-8","CPU info","GCC 13.3.0","2025-10-06 15:41:41"
69000000,simultaneo,constant,1,43,0.019049835,0,"","INOVAI-NB-8","CPU info","GCC 13.3.0","2025-10-06 15:41:41"
69000000,não simultaneo,constant,2,44,0.021839938,0,"","INOVAI-NB-8","CPU info","GCC 13.3.0","2025-10-06 15:41:41"
69000000,simultaneo,constant,2,44,0.022837476,0,"","INOVAI-NB-8","CPU info","GCC 13.3.0","2025-10-06 15:41:41"
69000000,não simultaneo,constant,3,45,0.022475984,0,"","INOVAI-NB-8","CPU info","GCC 13.3.0","2025-10-06 15:41:41"
69000000,simultaneo,constant,3,45,0.018931859,0,"","INOVAI-NB-8","CPU info","GCC 13.3.0","2025-10-06 15:41:41"
69000000,não simultaneo,constant,4,46,0.021418663,0,"","INOVAI-NB-8","CPU info","GCC 13.3.0","2025-10-06 15:41:41"
69000000,simultaneo,constant,4,46,0.021027423,0,"","INOVAI-NB-8","CPU info","GCC 13.3.0","2025-10-06 15:41:41"
70000000,não simultaneo,constant,0,42,0.021978983,0,"","INOVAI-NB-8","CPU info","GCC 13.3.0","2025-10-06 15:41:41"
70000000,simultaneo,constant,0,42,0.019372023,0,"","INOVAI-NB-8","CPU info","GCC 13.3.0","2025-10-06 15:41:41"
70000000,não simultaneo,constant,1,43,0.022057212,0,"","INOVAI-NB-8","CPU info","GCC 13.3.0","2025-10-06 15:41:41"
70000000,simultaneo,constant,1,43,0.020991641,0,"","INOVAI-NB-8","CPU info","GCC 13.3.0","2025-10-06 15:41:41"
70000000,não simultaneo,constant,2,44,0.034016996,0,"","INOVAI-NB-8","CPU info","GCC 13.3.0","2025-10-06 15:41:41"
70000000,simultaneo,constant,2,44,0.027703243,0,"","INOVAI-NB-8","CPU info","GCC 13.3.0","2025-10-06 15:41:41"
70000000,não simultaneo,constant,3,45,0.023569766,0,"","INOVAI-NB-8","CPU info","GCC 13.3.0","2025-10-06 15:41:41"
70000000,simultaneo,constant,3,45,0.019296271,0,"","INOVAI-NB-8","CPU info","GCC 13.3.0","2025-10-06 15:41:41"
70000000,não simultaneo,constant,4,46,0.023000655,0,"","INOVAI-NB-8","CPU info","GCC 13.3.0","2025-10-06 15:41:41"
70000000,simultaneo,constant,4,46,0.019460458,0,"","INOVAI-NB-8","CPU info","GCC 13.3.0","2025-10-06 15:41:41"
71000000,não simultaneo,constant,0,42,0.023867850,0,"","INOVAI-NB-8","CPU info","GCC 13.3.0","2025-10-06 15:41:41"
71000000,simultaneo,constant,0,42,0.019741049,0,"","INOVAI-NB-8","CPU info","GCC 13.3.0","2025-10-06 15:41:41"
71000000,não simultaneo,constant,1,43,0.024731038,0,"","INOVAI-NB-8","CPU info","GCC 13.3.0","2025-10-06 15:41:41"
71000000,simultaneo,constant,1,43,0.019425662,0,"","INOVAI-NB-8","CPU info","GCC 13.3.0","2025-10-06 15:41:41"
71000000,não simultaneo,constant,2,44,0.022005834,0,"","INOVAI-NB-8","CPU info","GCC 13.3.0","2025-10-06 15:41:41"
71000000,simultaneo,constant,2,44,0.019462624,0,"","INOVAI-NB-8","CPU info","GCC 13.3.0","2025-10-06 15:41:41"
71000000,não simultaneo,constant,3,45,0.022344223,0,"","INOVAI-NB-8","CPU info","GCC 13.3.0","2025-10-06 15:41:41"
71000000,simultaneo,constant,3,45,0.019392123,0,"","INOVAI-NB-8","CPU info","GCC 13.3.0","2025-10-06 15:41:41"
71000000,não simultaneo,constant,4,46,0.023037639,0,"","INOVAI-NB-8","CPU info","GCC 13.3.0","2025-10-06 15:41:41"
71000000,simultaneo,constant,4,46,0.019887564,0,"","INOVAI-NB-8","CPU info","GCC 13.3.0","2025-10-06 15:41:41"
72000000,não simultaneo,constant,0,42,0.022552017,0,"","INOVAI-NB-8","CPU info","GCC 13.3.0","2025-10-06 15:41:41"
72000000,simultaneo,constant,0,42,0.019581133,0,"","INOVAI-NB-8","CPU info","GCC 13.3.0","2025-10-06 15:41:41"
72000000,não simultaneo,constant,1,43,0.022399195,0,"","INOVAI-NB-8","CPU info","GCC 13.3.0","2025-10-06 15:41:41"
72000000,simultaneo,constant,1,43,0.020124210,0,"","INOVAI-NB-8","CPU info","GCC 13.3.0","2025-10-06 15:41:41"
72000000,não simultaneo,constant,2,44,0.024042523,0,"","INOVAI-NB-8","CPU info","GCC 13.3.0","2025-10-06 15:41:41"
72000000,simultaneo,constant,2,44,0.020050958,0,"","INOVAI-NB-8","CPU info","GCC 13.3.0","2025-10-06 15:41:41"
72000000,não simultaneo,constant,3,45,0.046804239,0,"","INOVAI-NB-8","CPU info","GCC 13.3.0","2025-10-06 15:41:41"
72000000,simultaneo,constant,3,45,0.019954193,0,"","INOVAI-NB-8","CPU info","GCC 13.3.0","2025-10-06 15:41:41"
72000000,não simultaneo,constant,4,46,0.022487966,0,"","INOVAI-NB-8","CPU info","GCC 13.3.0","2025-10-06 15:41:41"
72000000,simultaneo,constant,4,46,0.019818780,0,"","INOVAI-NB-8","CPU info","GCC 13.3.0","2025-10-06 15:41:41"
73000000,não simultaneo,constant,0,42,0.022584338,0,"","INOVAI-NB-8","CPU info","GCC 13.3.0","2025-10-06 15:41:41"
73000000,simultaneo,constant,0,42,0.022021769,0,"","INOVAI-NB-8","CPU info","GCC 13.3.0","2025-10-06 15:41:41"
73000000,não simultaneo,constant,1,43,0.023980991,0,"","INOVAI-NB-8","CPU info","GCC 13.3.0","2025-10-06 15:41:41"
73000000,simultaneo,constant,1,43,0.020392430,0,"","INOVAI-NB-8","CPU info","GCC 13.3.0","2025-10-06 15:41:41"
73000000,não simultaneo,constant,2,44,0.022599238,0,"","INOVAI-NB-8","CPU info","GCC 13.3.0","2025-10-06 15:41:41"
73000000,simultaneo,constant,2,44,0.021840994,0,"","INOVAI-NB-8","CPU info","GCC 13.3.0","2025-10-06 15:41:41"
73000000,não simultaneo,constant,3,45,0.022622119,0,"","INOVAI-NB-8","CPU info","GCC 13.3.0","2025-10-06 15:41:41"
73000000,simultaneo,constant,3,45,0.020284325,0,"","INOVAI-NB-8","CPU info","GCC 13.3.0","2025-10-06 15:41:41"
73000000,não simultaneo,constant,4,46,0.035822304,0,"","INOVAI-NB-8","CPU info","GCC 13.3.0","2025-10-06 15:41:41"
73000000,simultaneo,constant,4,46,0.020291333,0,"","INOVAI-NB-8","CPU info","GCC 13.3.0","2025-10-06 15:41:41"
74000000,não simultaneo,constant,0,42,0.023239247,0,"","INOVAI-NB-8","CPU info","GCC 13.3.0","2025-10-06 15:41:41"
74000000,simultaneo,constant,0,42,0.020631287,0,"","INOVAI-NB-8","CPU info","GCC 13.3.0","2025-10-06 15:41:41"
74000000,não simultaneo,constant,1,43,0.025749196,0,"","INOVAI-NB-8","CPU info","GCC 13.3.0","2025-10-06 15:41:41"
74000000,simultaneo,constant,1,43,0.020578742,0,"","INOVAI-NB-8","CPU info","GCC 13.3.0","2025-10-06 15:41:41"
74000000,não simultaneo,constant,2,44,0.022925967,0,"","INOVAI-NB-8","CPU info","GCC 13.3.0","2025-10-06 15:41:41"
74000000,simultaneo,constant,2,44,0.023342511,0,"","INOVAI-NB-8","CPU info","GCC 13.3.0","2025-10-06 15:41:41"
74000000,não simultaneo,constant,3,45,0.023322317,0,"","INOVAI-NB-8","CPU info","GCC 13.3.0","2025-10-06 15:41:41"
74000000,simultaneo,constant,3,45,0.021370458,0,"","INOVAI-NB-8","CPU info","GCC 13.3.0","2025-10-06 15:41:41"
74000000,não simultaneo,constant,4,46,0.025131171,0,"","INOVAI-NB-8","CPU info","GCC 13.3.0","2025-10-06 15:41:41"
74000000,simultaneo,constant,4,46,0.020029100,0,"","INOVAI-NB-8","CPU info","GCC 13.3.0","2025-10-06 15:41:41"
2050000000,não simultaneo,constant,0,42,0.642441669,0,"","INOVAI-NB-8","CPU info","GCC 13.3.0","2025-10-06 15:41:41"
2050000000,simultaneo,constant,0,42,0.533791674,0,"","INOVAI-NB-8","CPU info","GCC 13.3.0","2025-10-06 15:41:41"
2050000000,não simultaneo,constant,1,43,0.649227302,0,"","INOVAI-NB-8","CPU info","GCC 13.3.0","2025-10-06 15:41:41"
2050000000,simultaneo,constant,1,43,0.523458515,0,"","INOVAI-NB-8","CPU info","GCC 13.3.0","2025-10-06 15:41:41"
2050000000,não simultaneo,constant,2,44,0.656898271,0,"","INOVAI-NB-8","CPU info","GCC 13.3.0","2025-10-06 15:41:41"
2050000000,simultaneo,constant,2,44,0.495446285,0,"","INOVAI-NB-8","CPU info","GCC 13.3.0","2025-10-06 15:41:41"
2050000000,não simultaneo,constant,3,45,0.640059518,0,"","INOVAI-NB-8","CPU info","GCC 13.3.0","2025-10-06 15:41:41"
2050000000,simultaneo,constant,3,45,0.492106549,0,"","INOVAI-NB-8","CPU info","GCC 13.3.0","2025-10-06 15:41:41"
2050000000,não simultaneo,constant,4,46,0.650611857,0,"","INOVAI-NB-8","CPU info","GCC 13.3.0","2025-10-06 15:41:41"
2050000000,simultaneo,constant,4,46,0.479985165,0,"","INOVAI-NB-8","CPU info","GCC 13.3.0","2025-10-06 15:41:41"
